-- MySQL dump 10.13  Distrib 5.5.57, for Linux (x86_64)
--
-- Host: localhost    Database: ceshi4_dishait_c
-- ------------------------------------------------------
-- Server version	5.5.57-log

/*!40101 SET @OLD_CHARACTER_SET_CLIENT=@@CHARACTER_SET_CLIENT */;
/*!40101 SET @OLD_CHARACTER_SET_RESULTS=@@CHARACTER_SET_RESULTS */;
/*!40101 SET @OLD_COLLATION_CONNECTION=@@COLLATION_CONNECTION */;
/*!40101 SET NAMES utf8 */;
/*!40103 SET @OLD_TIME_ZONE=@@TIME_ZONE */;
/*!40103 SET TIME_ZONE='+00:00' */;
/*!40014 SET @OLD_UNIQUE_CHECKS=@@UNIQUE_CHECKS, UNIQUE_CHECKS=0 */;
/*!40014 SET @OLD_FOREIGN_KEY_CHECKS=@@FOREIGN_KEY_CHECKS, FOREIGN_KEY_CHECKS=0 */;
/*!40101 SET @OLD_SQL_MODE=@@SQL_MODE, SQL_MODE='NO_AUTO_VALUE_ON_ZERO' */;
/*!40111 SET @OLD_SQL_NOTES=@@SQL_NOTES, SQL_NOTES=0 */;

--
-- Table structure for table `app_category_item`
--

DROP TABLE IF EXISTS `app_category_item`;
/*!40101 SET @saved_cs_client     = @@character_set_client */;
/*!40101 SET character_set_client = utf8 */;
CREATE TABLE `app_category_item` (
  `id` int(11) NOT NULL AUTO_INCREMENT,
  `name` varchar(50) DEFAULT NULL,
  `cover` varchar(255) DEFAULT NULL,
  `category_id` int(11) DEFAULT NULL,
  `goods_id` int(11) DEFAULT NULL,
  `order` int(11) NOT NULL DEFAULT '50',
  `create_time` int(11) DEFAULT NULL,
  `update_time` int(11) DEFAULT NULL,
  PRIMARY KEY (`id`),
  KEY `category_id` (`category_id`),
  KEY `goods_id` (`goods_id`),
  CONSTRAINT `app_category_item_ibfk_1` FOREIGN KEY (`category_id`) REFERENCES `category` (`id`) ON DELETE CASCADE ON UPDATE NO ACTION,
  CONSTRAINT `app_category_item_ibfk_2` FOREIGN KEY (`goods_id`) REFERENCES `goods` (`id`) ON DELETE CASCADE ON UPDATE NO ACTION
) ENGINE=InnoDB AUTO_INCREMENT=127 DEFAULT CHARSET=utf8;
/*!40101 SET character_set_client = @saved_cs_client */;

--
-- Dumping data for table `app_category_item`
--

LOCK TABLES `app_category_item` WRITE;
/*!40000 ALTER TABLE `app_category_item` DISABLE KEYS */;
INSERT INTO `app_category_item` VALUES (22,'华X手机','https://res.vmallres.com/pimages/product/6901443331116/428_428_53700717ABF3AC923E6F287B643C236E7732FD9C964FAE1Bmp.png',2,25,50,1565974632,1565974632),(23,'华X手机','https://res.vmallres.com/pimages/product/6901443331116/428_428_53700717ABF3AC923E6F287B643C236E7732FD9C964FAE1Bmp.png',2,25,50,1565974632,1565974632),(24,'华X手机','https://res.vmallres.com/pimages/product/6901443331116/428_428_53700717ABF3AC923E6F287B643C236E7732FD9C964FAE1Bmp.png',2,25,50,1565974632,1565974632),(25,'华X手机','https://res.vmallres.com/pimages/product/6901443331116/428_428_53700717ABF3AC923E6F287B643C236E7732FD9C964FAE1Bmp.png',2,25,50,1565974632,1565974632),(26,'华X手机','https://res.vmallres.com/pimages/product/6901443331116/428_428_53700717ABF3AC923E6F287B643C236E7732FD9C964FAE1Bmp.png',2,25,50,1565974632,1565974632),(27,'华X手机','https://res.vmallres.com/pimages/product/6901443331116/428_428_53700717ABF3AC923E6F287B643C236E7732FD9C964FAE1Bmp.png',2,25,50,1565974632,1565974632),(28,'华X手机','https://res.vmallres.com/pimages/product/6901443331116/428_428_53700717ABF3AC923E6F287B643C236E7732FD9C964FAE1Bmp.png',2,25,50,1565974632,1565974632),(29,'华X手机','https://res.vmallres.com/pimages/product/6901443331116/428_428_53700717ABF3AC923E6F287B643C236E7732FD9C964FAE1Bmp.png',2,25,50,1565974632,1565974632),(30,'华X手机','https://res.vmallres.com/pimages/product/6901443331116/428_428_53700717ABF3AC923E6F287B643C236E7732FD9C964FAE1Bmp.png',2,25,50,1565974632,1565974632),(31,'华X手机','https://res.vmallres.com/pimages/product/6901443331116/428_428_53700717ABF3AC923E6F287B643C236E7732FD9C964FAE1Bmp.png',2,25,50,1565974632,1565974632),(32,'华X手机','https://res.vmallres.com/pimages/product/6901443331116/428_428_53700717ABF3AC923E6F287B643C236E7732FD9C964FAE1Bmp.png',2,25,50,1565974632,1565974632),(33,'华X手机','https://res.vmallres.com/pimages/product/6901443331116/428_428_53700717ABF3AC923E6F287B643C236E7732FD9C964FAE1Bmp.png',2,25,50,1565974632,1565974632),(34,'华X手机','https://res.vmallres.com/pimages/product/6901443331116/428_428_53700717ABF3AC923E6F287B643C236E7732FD9C964FAE1Bmp.png',2,25,50,1565974632,1565974632),(35,'华X手机','https://res.vmallres.com/pimages/product/6901443331116/428_428_53700717ABF3AC923E6F287B643C236E7732FD9C964FAE1Bmp.png',2,25,50,1565974632,1565974632),(36,'华X手机','https://res.vmallres.com/pimages/product/6901443331116/428_428_53700717ABF3AC923E6F287B643C236E7732FD9C964FAE1Bmp.png',2,25,50,1565974632,1565974632),(37,'华X手机','https://res.vmallres.com/pimages/product/6901443331116/428_428_53700717ABF3AC923E6F287B643C236E7732FD9C964FAE1Bmp.png',2,25,50,1565974632,1565974632),(38,'华X手机','https://res.vmallres.com/pimages/product/6901443331116/428_428_53700717ABF3AC923E6F287B643C236E7732FD9C964FAE1Bmp.png',2,25,50,1565974632,1565974632),(39,'华X手机','https://res.vmallres.com/pimages/product/6901443331116/428_428_53700717ABF3AC923E6F287B643C236E7732FD9C964FAE1Bmp.png',2,25,50,1565974632,1565974632),(40,'华X手机','https://res.vmallres.com/pimages/product/6901443331116/428_428_53700717ABF3AC923E6F287B643C236E7732FD9C964FAE1Bmp.png',2,25,50,1565974632,1565974632),(41,'华X手机','https://res.vmallres.com/pimages/product/6901443331116/428_428_53700717ABF3AC923E6F287B643C236E7732FD9C964FAE1Bmp.png',2,25,50,1565974632,1565974632),(42,'华X手机','https://res.vmallres.com/pimages/product/6901443331116/428_428_53700717ABF3AC923E6F287B643C236E7732FD9C964FAE1Bmp.png',2,25,50,1565974632,1565974632),(43,'荣X手机','https://res.vmallres.com/pimages/product/6901443352555/428_428_5B02682D327402A4774F83804F79043939BAE5C612C15A6Emp.png',3,25,50,1565974632,1565974632),(44,'荣X手机','https://res.vmallres.com/pimages/product/6901443352555/428_428_5B02682D327402A4774F83804F79043939BAE5C612C15A6Emp.png',3,25,50,1565974632,1565974632),(45,'荣X手机','https://res.vmallres.com/pimages/product/6901443352555/428_428_5B02682D327402A4774F83804F79043939BAE5C612C15A6Emp.png',3,25,50,1565974632,1565974632),(46,'荣X手机','https://res.vmallres.com/pimages/product/6901443352555/428_428_5B02682D327402A4774F83804F79043939BAE5C612C15A6Emp.png',3,25,50,1565974632,1565974632),(47,'荣X手机','https://res.vmallres.com/pimages/product/6901443352555/428_428_5B02682D327402A4774F83804F79043939BAE5C612C15A6Emp.png',3,25,50,1565974632,1565974632),(48,'荣X手机','https://res.vmallres.com/pimages/product/6901443352555/428_428_5B02682D327402A4774F83804F79043939BAE5C612C15A6Emp.png',3,25,50,1565974632,1565974632),(49,'荣X手机','https://res.vmallres.com/pimages/product/6901443352555/428_428_5B02682D327402A4774F83804F79043939BAE5C612C15A6Emp.png',3,25,50,1565974632,1565974632),(50,'荣X手机','https://res.vmallres.com/pimages/product/6901443352555/428_428_5B02682D327402A4774F83804F79043939BAE5C612C15A6Emp.png',3,25,50,1565974632,1565974632),(51,'荣X手机','https://res.vmallres.com/pimages/product/6901443352555/428_428_5B02682D327402A4774F83804F79043939BAE5C612C15A6Emp.png',3,25,50,1565974632,1565974632),(52,'荣X手机','https://res.vmallres.com/pimages/product/6901443352555/428_428_5B02682D327402A4774F83804F79043939BAE5C612C15A6Emp.png',3,25,50,1565974632,1565974632),(53,'荣X手机','https://res.vmallres.com/pimages/product/6901443352555/428_428_5B02682D327402A4774F83804F79043939BAE5C612C15A6Emp.png',3,25,50,1565974632,1565974632),(54,'荣X手机','https://res.vmallres.com/pimages/product/6901443352555/428_428_5B02682D327402A4774F83804F79043939BAE5C612C15A6Emp.png',3,25,50,1565974632,1565974632),(55,'荣X手机','https://res.vmallres.com/pimages/product/6901443352555/428_428_5B02682D327402A4774F83804F79043939BAE5C612C15A6Emp.png',3,25,50,1565974632,1565974632),(56,'荣X手机','https://res.vmallres.com/pimages/product/6901443352555/428_428_5B02682D327402A4774F83804F79043939BAE5C612C15A6Emp.png',3,25,50,1565974632,1565974632),(57,'荣X手机','https://res.vmallres.com/pimages/product/6901443352555/428_428_5B02682D327402A4774F83804F79043939BAE5C612C15A6Emp.png',3,25,50,1565974632,1565974632),(58,'荣X手机','https://res.vmallres.com/pimages/product/6901443352555/428_428_5B02682D327402A4774F83804F79043939BAE5C612C15A6Emp.png',3,25,50,1565974632,1565974632),(59,'荣X手机','https://res.vmallres.com/pimages/product/6901443352555/428_428_5B02682D327402A4774F83804F79043939BAE5C612C15A6Emp.png',3,25,50,1565974632,1565974632),(60,'荣X手机','https://res.vmallres.com/pimages/product/6901443352555/428_428_5B02682D327402A4774F83804F79043939BAE5C612C15A6Emp.png',3,25,50,1565974632,1565974632),(61,'荣X手机','https://res.vmallres.com/pimages/product/6901443352555/428_428_5B02682D327402A4774F83804F79043939BAE5C612C15A6Emp.png',3,25,50,1565974632,1565974632),(62,'荣X手机','https://res.vmallres.com/pimages/product/6901443352555/428_428_5B02682D327402A4774F83804F79043939BAE5C612C15A6Emp.png',3,25,50,1565974632,1565974632),(63,'荣X手机','https://res.vmallres.com/pimages/product/6901443352555/428_428_5B02682D327402A4774F83804F79043939BAE5C612C15A6Emp.png',3,25,50,1565974632,1565974632),(64,'智慧屏','https://res.vmallres.com/pimages/product/6901443331093/428_428_21EEE8FC1E9B970CAA527CC00F668B933528C62FBC4CD1E4mp.png',4,25,50,1565974632,1565974632),(65,'智慧屏','https://res.vmallres.com/pimages/product/6901443331093/428_428_21EEE8FC1E9B970CAA527CC00F668B933528C62FBC4CD1E4mp.png',4,25,50,1565974632,1565974632),(66,'智慧屏','https://res.vmallres.com/pimages/product/6901443331093/428_428_21EEE8FC1E9B970CAA527CC00F668B933528C62FBC4CD1E4mp.png',4,25,50,1565974632,1565974632),(67,'智慧屏','https://res.vmallres.com/pimages/product/6901443331093/428_428_21EEE8FC1E9B970CAA527CC00F668B933528C62FBC4CD1E4mp.png',4,25,50,1565974632,1565974632),(68,'智慧屏','https://res.vmallres.com/pimages/product/6901443331093/428_428_21EEE8FC1E9B970CAA527CC00F668B933528C62FBC4CD1E4mp.png',4,25,50,1565974632,1565974632),(69,'智慧屏','https://res.vmallres.com/pimages/product/6901443331093/428_428_21EEE8FC1E9B970CAA527CC00F668B933528C62FBC4CD1E4mp.png',4,25,50,1565974632,1565974632),(70,'智慧屏','https://res.vmallres.com/pimages/product/6901443331093/428_428_21EEE8FC1E9B970CAA527CC00F668B933528C62FBC4CD1E4mp.png',4,25,50,1565974632,1565974632),(71,'智慧屏','https://res.vmallres.com/pimages/product/6901443331093/428_428_21EEE8FC1E9B970CAA527CC00F668B933528C62FBC4CD1E4mp.png',4,25,50,1565974632,1565974632),(72,'智慧屏','https://res.vmallres.com/pimages/product/6901443331093/428_428_21EEE8FC1E9B970CAA527CC00F668B933528C62FBC4CD1E4mp.png',4,25,50,1565974632,1565974632),(73,'智慧屏','https://res.vmallres.com/pimages/product/6901443331093/428_428_21EEE8FC1E9B970CAA527CC00F668B933528C62FBC4CD1E4mp.png',4,25,50,1565974632,1565974632),(74,'智慧屏','https://res.vmallres.com/pimages/product/6901443331093/428_428_21EEE8FC1E9B970CAA527CC00F668B933528C62FBC4CD1E4mp.png',4,25,50,1565974632,1565974632),(75,'智慧屏','https://res.vmallres.com/pimages/product/6901443331093/428_428_21EEE8FC1E9B970CAA527CC00F668B933528C62FBC4CD1E4mp.png',4,25,50,1565974632,1565974632),(76,'智慧屏','https://res.vmallres.com/pimages/product/6901443331093/428_428_21EEE8FC1E9B970CAA527CC00F668B933528C62FBC4CD1E4mp.png',4,25,50,1565974632,1565974632),(77,'智慧屏','https://res.vmallres.com/pimages/product/6901443331093/428_428_21EEE8FC1E9B970CAA527CC00F668B933528C62FBC4CD1E4mp.png',4,25,50,1565974632,1565974632),(78,'智慧屏','https://res.vmallres.com/pimages/product/6901443331093/428_428_21EEE8FC1E9B970CAA527CC00F668B933528C62FBC4CD1E4mp.png',4,25,50,1565974632,1565974632),(79,'智慧屏','https://res.vmallres.com/pimages/product/6901443331093/428_428_21EEE8FC1E9B970CAA527CC00F668B933528C62FBC4CD1E4mp.png',4,25,50,1565974632,1565974632),(80,'智慧屏','https://res.vmallres.com/pimages/product/6901443331093/428_428_21EEE8FC1E9B970CAA527CC00F668B933528C62FBC4CD1E4mp.png',4,25,50,1565974632,1565974632),(81,'智慧屏','https://res.vmallres.com/pimages/product/6901443331093/428_428_21EEE8FC1E9B970CAA527CC00F668B933528C62FBC4CD1E4mp.png',4,25,50,1565974632,1565974632),(82,'智慧屏','https://res.vmallres.com/pimages/product/6901443331093/428_428_21EEE8FC1E9B970CAA527CC00F668B933528C62FBC4CD1E4mp.png',4,25,50,1565974632,1565974632),(83,'智慧屏','https://res.vmallres.com/pimages/product/6901443331093/428_428_21EEE8FC1E9B970CAA527CC00F668B933528C62FBC4CD1E4mp.png',4,25,50,1565974632,1565974632),(84,'智慧屏','https://res.vmallres.com/pimages/product/6901443331093/428_428_21EEE8FC1E9B970CAA527CC00F668B933528C62FBC4CD1E4mp.png',4,25,50,1565974632,1565974632),(85,'笔记本','https://res.vmallres.com/pimages/product/6901443313112/428_428_1563869539329mp.png',5,25,50,1565974632,1565974632),(86,'笔记本','https://res.vmallres.com/pimages/product/6901443313112/428_428_1563869539329mp.png',5,25,50,1565974632,1565974632),(87,'笔记本','https://res.vmallres.com/pimages/product/6901443313112/428_428_1563869539329mp.png',5,25,50,1565974632,1565974632),(88,'笔记本','https://res.vmallres.com/pimages/product/6901443313112/428_428_1563869539329mp.png',5,25,50,1565974632,1565974632),(89,'笔记本','https://res.vmallres.com/pimages/product/6901443313112/428_428_1563869539329mp.png',5,25,50,1565974632,1565974632),(90,'笔记本','https://res.vmallres.com/pimages/product/6901443313112/428_428_1563869539329mp.png',5,25,50,1565974632,1565974632),(91,'笔记本','https://res.vmallres.com/pimages/product/6901443313112/428_428_1563869539329mp.png',5,25,50,1565974632,1565974632),(92,'笔记本','https://res.vmallres.com/pimages/product/6901443313112/428_428_1563869539329mp.png',5,25,50,1565974632,1565974632),(93,'笔记本','https://res.vmallres.com/pimages/product/6901443313112/428_428_1563869539329mp.png',5,25,50,1565974632,1565974632),(94,'笔记本','https://res.vmallres.com/pimages/product/6901443313112/428_428_1563869539329mp.png',5,25,50,1565974632,1565974632),(95,'笔记本','https://res.vmallres.com/pimages/product/6901443313112/428_428_1563869539329mp.png',5,25,50,1565974632,1565974632),(96,'笔记本','https://res.vmallres.com/pimages/product/6901443313112/428_428_1563869539329mp.png',5,25,50,1565974632,1565974632),(97,'笔记本','https://res.vmallres.com/pimages/product/6901443313112/428_428_1563869539329mp.png',5,25,50,1565974632,1565974632),(98,'笔记本','https://res.vmallres.com/pimages/product/6901443313112/428_428_1563869539329mp.png',5,25,50,1565974632,1565974632),(99,'笔记本','https://res.vmallres.com/pimages/product/6901443313112/428_428_1563869539329mp.png',5,25,50,1565974632,1565974632),(100,'笔记本','https://res.vmallres.com/pimages/product/6901443313112/428_428_1563869539329mp.png',5,25,50,1565974632,1565974632),(101,'笔记本','https://res.vmallres.com/pimages/product/6901443313112/428_428_1563869539329mp.png',5,25,50,1565974632,1565974632),(102,'笔记本','https://res.vmallres.com/pimages/product/6901443313112/428_428_1563869539329mp.png',5,25,50,1565974632,1565974632),(103,'笔记本','https://res.vmallres.com/pimages/product/6901443313112/428_428_1563869539329mp.png',5,25,50,1565974632,1565974632),(104,'笔记本','https://res.vmallres.com/pimages/product/6901443313112/428_428_1563869539329mp.png',5,25,50,1565974632,1565974632),(105,'笔记本','https://res.vmallres.com/pimages/product/6901443313112/428_428_1563869539329mp.png',5,25,50,1565974632,1565974632),(106,'平板','https://res.vmallres.com/pimages/product/6901443265206/428_428_1539243364035mp.png',6,25,50,1565974632,1565974632),(107,'平板','https://res.vmallres.com/pimages/product/6901443265206/428_428_1539243364035mp.png',6,25,50,1565974632,1565974632),(108,'平板','https://res.vmallres.com/pimages/product/6901443265206/428_428_1539243364035mp.png',6,25,50,1565974632,1565974632),(109,'平板','https://res.vmallres.com/pimages/product/6901443265206/428_428_1539243364035mp.png',6,25,50,1565974632,1565974632),(110,'平板','https://res.vmallres.com/pimages/product/6901443265206/428_428_1539243364035mp.png',6,25,50,1565974632,1565974632),(111,'平板','https://res.vmallres.com/pimages/product/6901443265206/428_428_1539243364035mp.png',6,25,50,1565974632,1565974632),(112,'平板','https://res.vmallres.com/pimages/product/6901443265206/428_428_1539243364035mp.png',6,25,50,1565974632,1565974632),(113,'平板','https://res.vmallres.com/pimages/product/6901443265206/428_428_1539243364035mp.png',6,25,50,1565974632,1565974632),(114,'平板','https://res.vmallres.com/pimages/product/6901443265206/428_428_1539243364035mp.png',6,25,50,1565974632,1565974632),(115,'平板','https://res.vmallres.com/pimages/product/6901443265206/428_428_1539243364035mp.png',6,25,50,1565974632,1565974632),(116,'平板','https://res.vmallres.com/pimages/product/6901443265206/428_428_1539243364035mp.png',6,25,50,1565974632,1565974632),(117,'平板','https://res.vmallres.com/pimages/product/6901443265206/428_428_1539243364035mp.png',6,25,50,1565974632,1565974632),(118,'平板','https://res.vmallres.com/pimages/product/6901443265206/428_428_1539243364035mp.png',6,25,50,1565974632,1565974632),(119,'平板','https://res.vmallres.com/pimages/product/6901443265206/428_428_1539243364035mp.png',6,25,50,1565974632,1565974632),(120,'平板','https://res.vmallres.com/pimages/product/6901443265206/428_428_1539243364035mp.png',6,25,50,1565974632,1565974632),(121,'平板','https://res.vmallres.com/pimages/product/6901443265206/428_428_1539243364035mp.png',6,25,50,1565974632,1565974632),(122,'平板','https://res.vmallres.com/pimages/product/6901443265206/428_428_1539243364035mp.png',6,25,50,1565974632,1565974632),(123,'平板','https://res.vmallres.com/pimages/product/6901443265206/428_428_1539243364035mp.png',6,25,50,1565974632,1565974632),(124,'平板','https://res.vmallres.com/pimages/product/6901443265206/428_428_1539243364035mp.png',6,25,50,1565974632,1565974632),(125,'平板','https://res.vmallres.com/pimages/product/6901443265206/428_428_1539243364035mp.png',6,25,50,1565974632,1565974632),(126,'平板','https://res.vmallres.com/pimages/product/6901443265206/428_428_1539243364035mp.png',6,25,50,1565974632,1565974632);
/*!40000 ALTER TABLE `app_category_item` ENABLE KEYS */;
UNLOCK TABLES;

--
-- Table structure for table `app_index_category`
--

DROP TABLE IF EXISTS `app_index_category`;
/*!40101 SET @saved_cs_client     = @@character_set_client */;
/*!40101 SET character_set_client = utf8 */;
CREATE TABLE `app_index_category` (
  `id` int(11) NOT NULL AUTO_INCREMENT,
  `name` varchar(8) DEFAULT NULL,
  `order` int(11) DEFAULT '50',
  `template` varchar(50) DEFAULT NULL,
  PRIMARY KEY (`id`)
) ENGINE=InnoDB AUTO_INCREMENT=8 DEFAULT CHARSET=utf8;
/*!40101 SET character_set_client = @saved_cs_client */;

--
-- Dumping data for table `app_index_category`
--

LOCK TABLES `app_index_category` WRITE;
/*!40000 ALTER TABLE `app_index_category` DISABLE KEYS */;
INSERT INTO `app_index_category` VALUES (1,'推荐',50,'index'),(2,'手机',50,'special'),(3,'智能',50,'special'),(4,'电视',50,'special'),(5,'笔记本',50,'special'),(6,'家电',50,'special'),(7,'生活周边',50,'special');
/*!40000 ALTER TABLE `app_index_category` ENABLE KEYS */;
UNLOCK TABLES;

--
-- Table structure for table `app_index_data`
--

DROP TABLE IF EXISTS `app_index_data`;
/*!40101 SET @saved_cs_client     = @@character_set_client */;
/*!40101 SET character_set_client = utf8 */;
CREATE TABLE `app_index_data` (
  `id` int(11) NOT NULL AUTO_INCREMENT,
  `type` varchar(50) DEFAULT NULL,
  `data` text,
  `order` int(11) DEFAULT '50',
  `app_index_category_id` int(11) DEFAULT NULL,
  PRIMARY KEY (`id`),
  KEY `app_index_category_id` (`app_index_category_id`),
  CONSTRAINT `app_index_data_ibfk_1` FOREIGN KEY (`app_index_category_id`) REFERENCES `app_index_category` (`id`) ON DELETE CASCADE ON UPDATE NO ACTION
) ENGINE=InnoDB AUTO_INCREMENT=9 DEFAULT CHARSET=utf8;
/*!40101 SET character_set_client = @saved_cs_client */;

--
-- Dumping data for table `app_index_data`
--

LOCK TABLES `app_index_data` WRITE;
/*!40000 ALTER TABLE `app_index_data` DISABLE KEYS */;
INSERT INTO `app_index_data` VALUES (1,'swiper','[{\"src\":\"https://tangzhe123-com.oss-cn-shenzhen.aliyuncs.com/public/5d8833ed4ef66.jpg\"},{\"src\":\"https://tangzhe123-com.oss-cn-shenzhen.aliyuncs.com/public/5d8833ed94392.png\"},{\"src\":\"https://tangzhe123-com.oss-cn-shenzhen.aliyuncs.com/public/5d8833ed94392.jpg\"}]',50,1),(2,'indexnavs','[{\"src\":\"https://tangzhe123-com.oss-cn-shenzhen.aliyuncs.com/public/1.png\",\"text\":\"新品发布\"},{\"src\":\"https://tangzhe123-com.oss-cn-shenzhen.aliyuncs.com/public/2.png\",\"text\":\"商城众筹\"},{\"src\":\"https://tangzhe123-com.oss-cn-shenzhen.aliyuncs.com/public/3.png\",\"text\":\"以旧换新\"},{\"src\":\"https://tangzhe123-com.oss-cn-shenzhen.aliyuncs.com/public/4.png\",\"text\":\"一分换团\"},{\"src\":\"https://tangzhe123-com.oss-cn-shenzhen.aliyuncs.com/public/5.png\",\"text\":\"超值特卖\"},{\"src\":\"https://tangzhe123-com.oss-cn-shenzhen.aliyuncs.com/public/6.png\",\"text\":\"商城秒杀\"},{\"src\":\"https://tangzhe123-com.oss-cn-shenzhen.aliyuncs.com/public/7.png\",\"text\":\"真心想要\"},{\"src\":\"https://tangzhe123-com.oss-cn-shenzhen.aliyuncs.com/public/8.png\",\"text\":\"电视热卖\"},{\"src\":\"https://tangzhe123-com.oss-cn-shenzhen.aliyuncs.com/public/9.png\",\"text\":\"家电热卖\"},{\"src\":\"https://tangzhe123-com.oss-cn-shenzhen.aliyuncs.com/public/10.png\",\"text\":\"其他选项\"}]',50,1),(3,'threeAdv','[{\"src\":\"https://tangzhe123-com.oss-cn-shenzhen.aliyuncs.com/public/xtY27f4m4xMWPSnMz5ZW.jpg\"},{\"src\":\"https://tangzhe123-com.oss-cn-shenzhen.aliyuncs.com/public/20191026003054.png\"},{\"src\":\"https://tangzhe123-com.oss-cn-shenzhen.aliyuncs.com/public/20191026003112.png\"}]',50,1),(4,'oneAdv','{\"title\":\"每日精选\",\"cover\":\"https://tangzhe123-com.oss-cn-shenzhen.aliyuncs.com/public/5d8833ed4ef66.jpg\"}',50,1),(5,'list','[{\"id\":25,\"cover\":\"https://tangzhe123-com.oss-cn-shenzhen.aliyuncs.com/public/5984928facd569ef906becba3469810b.png\",\"title\":\"帝莎学院空调\",\"desc\":\"全新十代酷睿处理器 / MX250独显 / 14寸超窄边框高清屏 / 手环极速解锁 / 炫酷多彩任你挑选\",\"oprice\":2699,\"pprice\":1399},{\"id\":25,\"cover\":\"https://tangzhe123-com.oss-cn-shenzhen.aliyuncs.com/public/8a3b42e4956d8d00e40ddd4a7c470452.png\",\"title\":\"帝莎学院空调\",\"desc\":\"全新十代酷睿处理器 / MX250独显 / 14寸超窄边框高清屏 / 手环极速解锁 / 炫酷多彩任你挑选\",\"oprice\":2699,\"pprice\":1399},{\"id\":25,\"cover\":\"https://tangzhe123-com.oss-cn-shenzhen.aliyuncs.com/public/765a18a017acf0b5c012ce765696be6f.png\",\"title\":\"帝莎学院空调\",\"desc\":\"全新十代酷睿处理器 / MX250独显 / 14寸超窄边框高清屏 / 手环极速解锁 / 炫酷多彩任你挑选\",\"oprice\":2699,\"pprice\":1399},{\"id\":25,\"cover\":\"https://tangzhe123-com.oss-cn-shenzhen.aliyuncs.com/public/575977783cdaf86f36c41df05bd9885b.png\",\"title\":\"帝莎学院空调\",\"desc\":\"全新十代酷睿处理器 / MX250独显 / 14寸超窄边框高清屏 / 手环极速解锁 / 炫酷多彩任你挑选\",\"oprice\":2699,\"pprice\":1399},{\"id\":25,\"cover\":\"https://tangzhe123-com.oss-cn-shenzhen.aliyuncs.com/public/eb5a2d258905e0a6096af057946b0bf0.png\",\"title\":\"帝莎学院空调\",\"desc\":\"全新十代酷睿处理器 / MX250独显 / 14寸超窄边框高清屏 / 手环极速解锁 / 炫酷多彩任你挑选\",\"oprice\":2699,\"pprice\":1399},{\"id\":25,\"cover\":\"https://tangzhe123-com.oss-cn-shenzhen.aliyuncs.com/public/e5cbf06f9e4c1387e81746b6bc2e3fbb.png\",\"title\":\"帝莎学院空调\",\"desc\":\"全新十代酷睿处理器 / MX250独显 / 14寸超窄边框高清屏 / 手环极速解锁 / 炫酷多彩任你挑选\",\"oprice\":2699,\"pprice\":1399}]',50,1),(6,'swiper','[{\"src\":\"https://tangzhe123-com.oss-cn-shenzhen.aliyuncs.com/public/5d8833ed4ef66.jpg\"},{\"src\":\"https://tangzhe123-com.oss-cn-shenzhen.aliyuncs.com/public/5d8833ed94392.png\"},{\"src\":\"https://tangzhe123-com.oss-cn-shenzhen.aliyuncs.com/public/5d8833ed94392.jpg\"}]',50,2),(7,'indexnavs','[{\"src\":\"https://tangzhe123-com.oss-cn-shenzhen.aliyuncs.com/public/1.png\",\"text\":\"新品发布\"},{\"src\":\"https://tangzhe123-com.oss-cn-shenzhen.aliyuncs.com/public/2.png\",\"text\":\"商城众筹\"},{\"src\":\"https://tangzhe123-com.oss-cn-shenzhen.aliyuncs.com/public/3.png\",\"text\":\"以旧换新\"},{\"src\":\"https://tangzhe123-com.oss-cn-shenzhen.aliyuncs.com/public/4.png\",\"text\":\"一分换团\"},{\"src\":\"https://tangzhe123-com.oss-cn-shenzhen.aliyuncs.com/public/5.png\",\"text\":\"超值特卖\"}]',50,2),(8,'list','[{\"id\":25,\"cover\":\"https://tangzhe123-com.oss-cn-shenzhen.aliyuncs.com/public/5984928facd569ef906becba3469810b.png\",\"title\":\"帝莎学院空调\",\"desc\":\"全新十代酷睿处理器 / MX250独显 / 14寸超窄边框高清屏 / 手环极速解锁 / 炫酷多彩任你挑选\",\"oprice\":2699,\"pprice\":1399},{\"id\":25,\"cover\":\"https://tangzhe123-com.oss-cn-shenzhen.aliyuncs.com/public/8a3b42e4956d8d00e40ddd4a7c470452.png\",\"title\":\"帝莎学院空调\",\"desc\":\"全新十代酷睿处理器 / MX250独显 / 14寸超窄边框高清屏 / 手环极速解锁 / 炫酷多彩任你挑选\",\"oprice\":2699,\"pprice\":1399},{\"id\":25,\"cover\":\"https://tangzhe123-com.oss-cn-shenzhen.aliyuncs.com/public/765a18a017acf0b5c012ce765696be6f.png\",\"title\":\"帝莎学院空调\",\"desc\":\"全新十代酷睿处理器 / MX250独显 / 14寸超窄边框高清屏 / 手环极速解锁 / 炫酷多彩任你挑选\",\"oprice\":2699,\"pprice\":1399},{\"id\":25,\"cover\":\"https://tangzhe123-com.oss-cn-shenzhen.aliyuncs.com/public/575977783cdaf86f36c41df05bd9885b.png\",\"title\":\"帝莎学院空调\",\"desc\":\"全新十代酷睿处理器 / MX250独显 / 14寸超窄边框高清屏 / 手环极速解锁 / 炫酷多彩任你挑选\",\"oprice\":2699,\"pprice\":1399},{\"id\":25,\"cover\":\"https://tangzhe123-com.oss-cn-shenzhen.aliyuncs.com/public/eb5a2d258905e0a6096af057946b0bf0.png\",\"title\":\"帝莎学院空调\",\"desc\":\"全新十代酷睿处理器 / MX250独显 / 14寸超窄边框高清屏 / 手环极速解锁 / 炫酷多彩任你挑选\",\"oprice\":2699,\"pprice\":1399},{\"id\":25,\"cover\":\"https://tangzhe123-com.oss-cn-shenzhen.aliyuncs.com/public/e5cbf06f9e4c1387e81746b6bc2e3fbb.png\",\"title\":\"帝莎学院空调\",\"desc\":\"全新十代酷睿处理器 / MX250独显 / 14寸超窄边框高清屏 / 手环极速解锁 / 炫酷多彩任你挑选\",\"oprice\":2699,\"pprice\":1399}]',50,2);
/*!40000 ALTER TABLE `app_index_data` ENABLE KEYS */;
UNLOCK TABLES;

--
-- Table structure for table `cart`
--

DROP TABLE IF EXISTS `cart`;
/*!40101 SET @saved_cs_client     = @@character_set_client */;
/*!40101 SET character_set_client = utf8 */;
CREATE TABLE `cart` (
  `id` int(11) NOT NULL AUTO_INCREMENT,
  `user_id` int(11) DEFAULT NULL,
  `shop_id` int(11) DEFAULT NULL,
  `skus_type` tinyint(1) DEFAULT '1' COMMENT '规格类型 0单规格 1多规格',
  `num` int(11) DEFAULT NULL COMMENT '数量',
  PRIMARY KEY (`id`),
  KEY `user_id` (`user_id`),
  CONSTRAINT `cart_ibfk_1` FOREIGN KEY (`user_id`) REFERENCES `user` (`id`) ON DELETE CASCADE ON UPDATE NO ACTION
) ENGINE=InnoDB AUTO_INCREMENT=595 DEFAULT CHARSET=utf8;
/*!40101 SET character_set_client = @saved_cs_client */;

--
-- Dumping data for table `cart`
--

LOCK TABLES `cart` WRITE;
/*!40000 ALTER TABLE `cart` DISABLE KEYS */;
/*!40000 ALTER TABLE `cart` ENABLE KEYS */;
UNLOCK TABLES;

--
-- Table structure for table `category`
--

DROP TABLE IF EXISTS `category`;
/*!40101 SET @saved_cs_client     = @@character_set_client */;
/*!40101 SET character_set_client = utf8 */;
CREATE TABLE `category` (
  `id` int(11) NOT NULL AUTO_INCREMENT,
  `name` varchar(20) DEFAULT NULL,
  `status` tinyint(1) DEFAULT '1',
  `create_time` int(11) DEFAULT NULL,
  `update_time` int(11) DEFAULT NULL,
  `category_id` int(11) DEFAULT '0' COMMENT '父级分类id',
  `order` int(11) NOT NULL DEFAULT '50' COMMENT '排序',
  PRIMARY KEY (`id`)
) ENGINE=InnoDB AUTO_INCREMENT=221 DEFAULT CHARSET=utf8;
/*!40101 SET character_set_client = @saved_cs_client */;

--
-- Dumping data for table `category`
--

LOCK TABLES `category` WRITE;
/*!40000 ALTER TABLE `category` DISABLE KEYS */;
INSERT INTO `category` VALUES (2,'dddd',1,1565974632,1582606712,129,2),(3,'荣X手机',0,1565974632,1580029563,3,4),(4,'智慧屏幕22',1,1565974632,1580029563,4,5),(5,'笔记本',1,1565974632,1580029563,5,2),(6,'平板',1,1565974632,1580029563,6,0),(12,'ipad',0,1565974632,1580029563,12,1),(15,'测试',0,1579281899,1580029563,15,7),(21,'添加子分类',0,1579435016,1580029563,21,8),(22,'添加子分类22',1,1579435022,1580029563,22,6),(50,'新分类',0,1579977614,1579977616,50,50),(52,'顶级分类',1,1579978435,1580029563,52,9),(56,'小米8',0,1580030033,1580030049,56,50),(57,'小米9',0,1580030056,1580030068,57,50),(64,'小米9',0,1580030194,1580030204,64,50),(65,'小米9se',0,1580030208,1580030219,64,50),(66,'小米9透明探索版',0,1580030222,1580030243,66,50),(67,'iphone X',0,1580030251,1580031805,67,4),(68,'iphone11',0,1580030295,1580030317,68,50),(70,'小米9',0,1580030499,1580030518,70,50),(71,'小米9se',0,1580030522,1580030533,70,50),(73,'小米8se',0,1580030576,1580030591,73,50),(75,'iphone 11 pro',0,1580031388,1580031409,75,50),(76,'荣耀系列1',0,1970,1582606712,0,3),(82,'iphone xs',0,1580031668,1580031792,82,5),(83,'iphone ',0,1580031684,1580031792,82,6),(98,'华为手机6',1,1970,1582606712,0,8),(105,'iphone',0,1580732176,1580775978,128,7),(106,'新分类',0,1580754502,1580775995,106,5),(127,'三星',0,1580756046,1580775978,105,5),(128,'三星note10',0,1580756050,1580775978,127,6),(129,'VIVOX20',1,1970,1582606712,0,0),(131,'Mate系列',1,1970,1582606712,98,9),(139,'修改测试',0,1970,1582613149,155,5),(153,'爱国系列2',1,1970,1582606712,129,1),(154,'P系列',1,1970,1582606712,98,10),(155,'顶级分类',1,1970,1582606712,0,4),(163,'智能产品',0,1970,1582606712,155,6),(167,'顶级分类测试',0,1970,1582606712,155,7),(169,'新分类',1,1970,1582606712,175,13),(175,'新分类',1,1970,1582606712,177,12),(177,'小米系列',1,1970,1582606712,154,11),(185,'新分类11111',0,1581843703,1581843710,185,50),(187,'新分类999',0,1581843753,1581843761,187,50),(193,'新分类',0,1582113661,1582606712,169,14),(219,'新增的分类',0,1582533544,1582606712,0,16),(220,'5G时代',0,1582533692,1582606712,0,15);
/*!40000 ALTER TABLE `category` ENABLE KEYS */;
UNLOCK TABLES;

--
-- Table structure for table `coupon`
--

DROP TABLE IF EXISTS `coupon`;
/*!40101 SET @saved_cs_client     = @@character_set_client */;
/*!40101 SET character_set_client = utf8 */;
CREATE TABLE `coupon` (
  `id` int(11) NOT NULL AUTO_INCREMENT,
  `name` varchar(50) DEFAULT NULL COMMENT '优惠券名称',
  `type` tinyint(4) DEFAULT '0' COMMENT '类型：固定金额/百分比折扣   	0固定金额 1百分比',
  `value` decimal(10,2) DEFAULT '0.00' COMMENT '折扣值，根据不同类型含义不同',
  `total` int(11) DEFAULT '0' COMMENT '总数',
  `used` int(255) DEFAULT '0' COMMENT '已使用',
  `min_price` decimal(10,2) DEFAULT '0.00' COMMENT '最低价格',
  `start_time` int(11) DEFAULT NULL COMMENT '开始时间',
  `end_time` int(11) DEFAULT NULL COMMENT '结束时间',
  `status` tinyint(255) DEFAULT '1' COMMENT '优惠券是否生效 0不生效 1生效',
  `create_time` int(11) DEFAULT NULL,
  `update_time` int(11) DEFAULT NULL,
  `order` int(11) DEFAULT '50' COMMENT '排序',
  `desc` varchar(255) NOT NULL DEFAULT '' COMMENT '备注',
  PRIMARY KEY (`id`)
) ENGINE=InnoDB AUTO_INCREMENT=6 DEFAULT CHARSET=utf8;
/*!40101 SET character_set_client = @saved_cs_client */;

--
-- Dumping data for table `coupon`
--

LOCK TABLES `coupon` WRITE;
/*!40000 ALTER TABLE `coupon` DISABLE KEYS */;
INSERT INTO `coupon` VALUES (2,'7折优惠券',1,7.00,100,3,100.00,1568478825,1578745662,1,1568480956,1575898570,50,'折扣'),(3,'满100减20',0,20.00,100,2,100.00,1568478825,1578745662,1,1568635587,1575467074,50,'满减'),(4,'满0.04减0.02',0,0.02,100,1,0.04,1568478825,1578745662,1,1568635587,1576311760,50,'满减'),(5,'满0.05打5折',1,5.00,100,1,0.05,1568478825,1578745662,1,1568635587,1576313295,50,'折扣');
/*!40000 ALTER TABLE `coupon` ENABLE KEYS */;
UNLOCK TABLES;

--
-- Table structure for table `coupon_user`
--

DROP TABLE IF EXISTS `coupon_user`;
/*!40101 SET @saved_cs_client     = @@character_set_client */;
/*!40101 SET character_set_client = utf8 */;
CREATE TABLE `coupon_user` (
  `id` int(11) NOT NULL AUTO_INCREMENT,
  `coupon_id` int(11) DEFAULT NULL,
  `user_id` int(11) DEFAULT NULL,
  `create_time` int(11) DEFAULT NULL,
  `update_time` int(11) DEFAULT NULL,
  `used` tinyint(4) DEFAULT '0' COMMENT '是否已使用 0未使用 1已使用',
  PRIMARY KEY (`id`),
  KEY `coupon_id` (`coupon_id`),
  KEY `user_id` (`user_id`),
  CONSTRAINT `coupon_user_ibfk_1` FOREIGN KEY (`coupon_id`) REFERENCES `coupon` (`id`) ON DELETE CASCADE ON UPDATE NO ACTION,
  CONSTRAINT `coupon_user_ibfk_2` FOREIGN KEY (`user_id`) REFERENCES `user` (`id`) ON DELETE CASCADE ON UPDATE NO ACTION
) ENGINE=InnoDB AUTO_INCREMENT=11 DEFAULT CHARSET=utf8;
/*!40101 SET character_set_client = @saved_cs_client */;

--
-- Dumping data for table `coupon_user`
--

LOCK TABLES `coupon_user` WRITE;
/*!40000 ALTER TABLE `coupon_user` DISABLE KEYS */;
INSERT INTO `coupon_user` VALUES (7,3,3,1575467074,1575795766,0),(8,2,3,1575898570,1575898570,0),(9,4,3,1576311760,1577266672,1),(10,5,3,1576313295,1577181641,1);
/*!40000 ALTER TABLE `coupon_user` ENABLE KEYS */;
UNLOCK TABLES;

--
-- Table structure for table `demo_copy`
--

DROP TABLE IF EXISTS `demo_copy`;
/*!40101 SET @saved_cs_client     = @@character_set_client */;
/*!40101 SET character_set_client = utf8 */;
CREATE TABLE `demo_copy` (
  `id` int(11) NOT NULL AUTO_INCREMENT,
  PRIMARY KEY (`id`)
) ENGINE=InnoDB DEFAULT CHARSET=utf8;
/*!40101 SET character_set_client = @saved_cs_client */;

--
-- Dumping data for table `demo_copy`
--

LOCK TABLES `demo_copy` WRITE;
/*!40000 ALTER TABLE `demo_copy` DISABLE KEYS */;
/*!40000 ALTER TABLE `demo_copy` ENABLE KEYS */;
UNLOCK TABLES;

--
-- Table structure for table `express`
--

DROP TABLE IF EXISTS `express`;
/*!40101 SET @saved_cs_client     = @@character_set_client */;
/*!40101 SET character_set_client = utf8 */;
CREATE TABLE `express` (
  `id` int(11) NOT NULL AUTO_INCREMENT,
  `name` varchar(100) DEFAULT NULL COMMENT '运费模板名称',
  `type` tinyint(1) DEFAULT '0' COMMENT '计费方式(0按件数 1按重量)',
  `order` int(11) DEFAULT NULL,
  PRIMARY KEY (`id`)
) ENGINE=InnoDB AUTO_INCREMENT=3 DEFAULT CHARSET=utf8;
/*!40101 SET character_set_client = @saved_cs_client */;

--
-- Dumping data for table `express`
--

LOCK TABLES `express` WRITE;
/*!40000 ALTER TABLE `express` DISABLE KEYS */;
INSERT INTO `express` VALUES (1,'全国包邮',0,50),(2,'测试模板123',0,50);
/*!40000 ALTER TABLE `express` ENABLE KEYS */;
UNLOCK TABLES;

--
-- Table structure for table `express_company`
--

DROP TABLE IF EXISTS `express_company`;
/*!40101 SET @saved_cs_client     = @@character_set_client */;
/*!40101 SET character_set_client = utf8 */;
CREATE TABLE `express_company` (
  `id` int(11) NOT NULL AUTO_INCREMENT,
  `name` varchar(255) DEFAULT NULL,
  `code` varchar(30) DEFAULT NULL COMMENT '物流公司代码 (快递100)',
  `order` int(11) DEFAULT '50' COMMENT '排序',
  `create_time` int(11) DEFAULT NULL,
  `update_time` int(11) DEFAULT NULL,
  PRIMARY KEY (`id`)
) ENGINE=InnoDB AUTO_INCREMENT=10 DEFAULT CHARSET=utf8;
/*!40101 SET character_set_client = @saved_cs_client */;

--
-- Dumping data for table `express_company`
--

LOCK TABLES `express_company` WRITE;
/*!40000 ALTER TABLE `express_company` DISABLE KEYS */;
INSERT INTO `express_company` VALUES (1,'顺丰速运','shunfeng',50,1535160797,1535160797),(2,'邮政国内','yzguonei',50,1535942653,1535942653),(3,'圆通速递','yuantong',50,1535942675,1535942675),(4,'申通快递','shentong',50,1535942694,1535942694),(5,'韵达快递','yunda',50,1535942711,1535942711),(6,'百世快递','huitongkuaidi',50,1535942743,1535942743),(7,'中通快递','zhongtong',50,1535942764,1535942764),(8,'天天快递','tiantian',50,1535942783,1535942783),(9,'宅急送','zhaijisong',50,1535942798,1535942798);
/*!40000 ALTER TABLE `express_company` ENABLE KEYS */;
UNLOCK TABLES;

--
-- Table structure for table `express_value`
--

DROP TABLE IF EXISTS `express_value`;
/*!40101 SET @saved_cs_client     = @@character_set_client */;
/*!40101 SET character_set_client = utf8 */;
CREATE TABLE `express_value` (
  `id` int(11) NOT NULL AUTO_INCREMENT,
  `express_id` int(11) DEFAULT '0' COMMENT '配送模板id',
  `region` mediumtext COMMENT '可配送区域',
  `first` double DEFAULT '0' COMMENT '首件(个)/首重(Kg)',
  `first_price` decimal(10,2) DEFAULT '0.00' COMMENT '运费(元)',
  `add` double DEFAULT '0' COMMENT '续件/续重',
  `add_price` decimal(10,2) DEFAULT '0.00' COMMENT '续费(元)',
  `create_time` int(11) DEFAULT NULL,
  `update_time` int(11) DEFAULT NULL,
  PRIMARY KEY (`id`)
) ENGINE=InnoDB AUTO_INCREMENT=8 DEFAULT CHARSET=utf8;
/*!40101 SET character_set_client = @saved_cs_client */;

--
-- Dumping data for table `express_value`
--

LOCK TABLES `express_value` WRITE;
/*!40000 ALTER TABLE `express_value` DISABLE KEYS */;
INSERT INTO `express_value` VALUES (1,1,'[[\"\\u5317\\u4eac\\u5e02\",\"\\u5317\\u4eac\\u5e02\",\"\\u4e1c\\u57ce\\u533a\"],[\"\\u5317\\u4eac\\u5e02\",\"\\u5317\\u4eac\\u5e02\",\"\\u897f\\u57ce\\u533a\"],[\"\\u5317\\u4eac\\u5e02\",\"\\u5317\\u4eac\\u5e02\",\"\\u5d07\\u6587\\u533a\"],[\"\\u5317\\u4eac\\u5e02\",\"\\u5317\\u4eac\\u5e02\",\"\\u5ba3\\u6b66\\u533a\"],[\"\\u5317\\u4eac\\u5e02\",\"\\u5317\\u4eac\\u5e02\",\"\\u671d\\u9633\\u533a\"],[\"\\u5317\\u4eac\\u5e02\",\"\\u5317\\u4eac\\u5e02\",\"\\u4e30\\u53f0\\u533a\"],[\"\\u5317\\u4eac\\u5e02\",\"\\u5317\\u4eac\\u5e02\",\"\\u77f3\\u666f\\u5c71\\u533a\"],[\"\\u5317\\u4eac\\u5e02\",\"\\u5317\\u4eac\\u5e02\",\"\\u6d77\\u6dc0\\u533a\"],[\"\\u5317\\u4eac\\u5e02\",\"\\u5317\\u4eac\\u5e02\",\"\\u95e8\\u5934\\u6c9f\\u533a\"],[\"\\u5317\\u4eac\\u5e02\",\"\\u5317\\u4eac\\u5e02\",\"\\u623f\\u5c71\\u533a\"],[\"\\u5317\\u4eac\\u5e02\",\"\\u5317\\u4eac\\u5e02\",\"\\u901a\\u5dde\\u533a\"],[\"\\u5317\\u4eac\\u5e02\",\"\\u5317\\u4eac\\u5e02\",\"\\u987a\\u4e49\\u533a\"],[\"\\u5317\\u4eac\\u5e02\",\"\\u5317\\u4eac\\u5e02\",\"\\u660c\\u5e73\\u533a\"],[\"\\u5317\\u4eac\\u5e02\",\"\\u5317\\u4eac\\u5e02\",\"\\u5927\\u5174\\u533a\"],[\"\\u5317\\u4eac\\u5e02\",\"\\u5317\\u4eac\\u5e02\",\"\\u6000\\u67d4\\u533a\"],[\"\\u5317\\u4eac\\u5e02\",\"\\u5317\\u4eac\\u5e02\",\"\\u5e73\\u8c37\\u533a\"],[\"\\u5317\\u4eac\\u5e02\",\"\\u5317\\u4eac\\u5e02\",\"\\u5bc6\\u4e91\\u53bf\"],[\"\\u5317\\u4eac\\u5e02\",\"\\u5317\\u4eac\\u5e02\",\"\\u5ef6\\u5e86\\u53bf\"],[\"\\u5929\\u6d25\\u5e02\",\"\\u5929\\u6d25\\u5e02\",\"\\u548c\\u5e73\\u533a\"],[\"\\u5929\\u6d25\\u5e02\",\"\\u5929\\u6d25\\u5e02\",\"\\u6cb3\\u4e1c\\u533a\"],[\"\\u5929\\u6d25\\u5e02\",\"\\u5929\\u6d25\\u5e02\",\"\\u6cb3\\u897f\\u533a\"],[\"\\u5929\\u6d25\\u5e02\",\"\\u5929\\u6d25\\u5e02\",\"\\u5357\\u5f00\\u533a\"],[\"\\u5929\\u6d25\\u5e02\",\"\\u5929\\u6d25\\u5e02\",\"\\u6cb3\\u5317\\u533a\"],[\"\\u5929\\u6d25\\u5e02\",\"\\u5929\\u6d25\\u5e02\",\"\\u7ea2\\u6865\\u533a\"],[\"\\u5929\\u6d25\\u5e02\",\"\\u5929\\u6d25\\u5e02\",\"\\u5858\\u6cbd\\u533a\"],[\"\\u5929\\u6d25\\u5e02\",\"\\u5929\\u6d25\\u5e02\",\"\\u6c49\\u6cbd\\u533a\"],[\"\\u5929\\u6d25\\u5e02\",\"\\u5929\\u6d25\\u5e02\",\"\\u5927\\u6e2f\\u533a\"],[\"\\u5929\\u6d25\\u5e02\",\"\\u5929\\u6d25\\u5e02\",\"\\u4e1c\\u4e3d\\u533a\"],[\"\\u5929\\u6d25\\u5e02\",\"\\u5929\\u6d25\\u5e02\",\"\\u897f\\u9752\\u533a\"],[\"\\u5929\\u6d25\\u5e02\",\"\\u5929\\u6d25\\u5e02\",\"\\u6d25\\u5357\\u533a\"],[\"\\u5929\\u6d25\\u5e02\",\"\\u5929\\u6d25\\u5e02\",\"\\u5317\\u8fb0\\u533a\"],[\"\\u5929\\u6d25\\u5e02\",\"\\u5929\\u6d25\\u5e02\",\"\\u6b66\\u6e05\\u533a\"],[\"\\u5929\\u6d25\\u5e02\",\"\\u5929\\u6d25\\u5e02\",\"\\u5b9d\\u577b\\u533a\"],[\"\\u5929\\u6d25\\u5e02\",\"\\u5929\\u6d25\\u5e02\",\"\\u5b81\\u6cb3\\u53bf\"],[\"\\u5929\\u6d25\\u5e02\",\"\\u5929\\u6d25\\u5e02\",\"\\u9759\\u6d77\\u53bf\"],[\"\\u5929\\u6d25\\u5e02\",\"\\u5929\\u6d25\\u5e02\",\"\\u84df\\u53bf\"],[\"\\u6cb3\\u5317\\u7701\",\"\\u77f3\\u5bb6\\u5e84\\u5e02\",\"\\u957f\\u5b89\\u533a\"],[\"\\u6cb3\\u5317\\u7701\",\"\\u77f3\\u5bb6\\u5e84\\u5e02\",\"\\u6865\\u4e1c\\u533a\"],[\"\\u6cb3\\u5317\\u7701\",\"\\u77f3\\u5bb6\\u5e84\\u5e02\",\"\\u6865\\u897f\\u533a\"],[\"\\u6cb3\\u5317\\u7701\",\"\\u77f3\\u5bb6\\u5e84\\u5e02\",\"\\u65b0\\u534e\\u533a\"],[\"\\u6cb3\\u5317\\u7701\",\"\\u77f3\\u5bb6\\u5e84\\u5e02\",\"\\u4e95\\u9649\\u77ff\\u533a\"],[\"\\u6cb3\\u5317\\u7701\",\"\\u77f3\\u5bb6\\u5e84\\u5e02\",\"\\u88d5\\u534e\\u533a\"],[\"\\u6cb3\\u5317\\u7701\",\"\\u77f3\\u5bb6\\u5e84\\u5e02\",\"\\u4e95\\u9649\\u53bf\"],[\"\\u6cb3\\u5317\\u7701\",\"\\u77f3\\u5bb6\\u5e84\\u5e02\",\"\\u6b63\\u5b9a\\u53bf\"],[\"\\u6cb3\\u5317\\u7701\",\"\\u77f3\\u5bb6\\u5e84\\u5e02\",\"\\u683e\\u57ce\\u53bf\"],[\"\\u6cb3\\u5317\\u7701\",\"\\u77f3\\u5bb6\\u5e84\\u5e02\",\"\\u884c\\u5510\\u53bf\"],[\"\\u6cb3\\u5317\\u7701\",\"\\u77f3\\u5bb6\\u5e84\\u5e02\",\"\\u7075\\u5bff\\u53bf\"],[\"\\u6cb3\\u5317\\u7701\",\"\\u77f3\\u5bb6\\u5e84\\u5e02\",\"\\u9ad8\\u9091\\u53bf\"],[\"\\u6cb3\\u5317\\u7701\",\"\\u77f3\\u5bb6\\u5e84\\u5e02\",\"\\u6df1\\u6cfd\\u53bf\"],[\"\\u6cb3\\u5317\\u7701\",\"\\u77f3\\u5bb6\\u5e84\\u5e02\",\"\\u8d5e\\u7687\\u53bf\"],[\"\\u6cb3\\u5317\\u7701\",\"\\u77f3\\u5bb6\\u5e84\\u5e02\",\"\\u65e0\\u6781\\u53bf\"],[\"\\u6cb3\\u5317\\u7701\",\"\\u77f3\\u5bb6\\u5e84\\u5e02\",\"\\u5e73\\u5c71\\u53bf\"],[\"\\u6cb3\\u5317\\u7701\",\"\\u77f3\\u5bb6\\u5e84\\u5e02\",\"\\u5143\\u6c0f\\u53bf\"],[\"\\u6cb3\\u5317\\u7701\",\"\\u77f3\\u5bb6\\u5e84\\u5e02\",\"\\u8d75\\u53bf\"],[\"\\u6cb3\\u5317\\u7701\",\"\\u77f3\\u5bb6\\u5e84\\u5e02\",\"\\u8f9b\\u96c6\\u5e02\"],[\"\\u6cb3\\u5317\\u7701\",\"\\u77f3\\u5bb6\\u5e84\\u5e02\",\"\\u85c1\\u57ce\\u5e02\"],[\"\\u6cb3\\u5317\\u7701\",\"\\u77f3\\u5bb6\\u5e84\\u5e02\",\"\\u664b\\u5dde\\u5e02\"],[\"\\u6cb3\\u5317\\u7701\",\"\\u77f3\\u5bb6\\u5e84\\u5e02\",\"\\u65b0\\u4e50\\u5e02\"],[\"\\u6cb3\\u5317\\u7701\",\"\\u77f3\\u5bb6\\u5e84\\u5e02\",\"\\u9e7f\\u6cc9\\u5e02\"],[\"\\u6cb3\\u5317\\u7701\",\"\\u5510\\u5c71\\u5e02\",\"\\u8def\\u5357\\u533a\"],[\"\\u6cb3\\u5317\\u7701\",\"\\u5510\\u5c71\\u5e02\",\"\\u8def\\u5317\\u533a\"],[\"\\u6cb3\\u5317\\u7701\",\"\\u5510\\u5c71\\u5e02\",\"\\u53e4\\u51b6\\u533a\"],[\"\\u6cb3\\u5317\\u7701\",\"\\u5510\\u5c71\\u5e02\",\"\\u5f00\\u5e73\\u533a\"],[\"\\u6cb3\\u5317\\u7701\",\"\\u5510\\u5c71\\u5e02\",\"\\u4e30\\u5357\\u533a\"],[\"\\u6cb3\\u5317\\u7701\",\"\\u5510\\u5c71\\u5e02\",\"\\u4e30\\u6da6\\u533a\"],[\"\\u6cb3\\u5317\\u7701\",\"\\u5510\\u5c71\\u5e02\",\"\\u6ee6\\u53bf\"],[\"\\u6cb3\\u5317\\u7701\",\"\\u5510\\u5c71\\u5e02\",\"\\u6ee6\\u5357\\u53bf\"],[\"\\u6cb3\\u5317\\u7701\",\"\\u5510\\u5c71\\u5e02\",\"\\u4e50\\u4ead\\u53bf\"],[\"\\u6cb3\\u5317\\u7701\",\"\\u5510\\u5c71\\u5e02\",\"\\u8fc1\\u897f\\u53bf\"],[\"\\u6cb3\\u5317\\u7701\",\"\\u5510\\u5c71\\u5e02\",\"\\u7389\\u7530\\u53bf\"],[\"\\u6cb3\\u5317\\u7701\",\"\\u5510\\u5c71\\u5e02\",\"\\u5510\\u6d77\\u53bf\"],[\"\\u6cb3\\u5317\\u7701\",\"\\u5510\\u5c71\\u5e02\",\"\\u9075\\u5316\\u5e02\"],[\"\\u6cb3\\u5317\\u7701\",\"\\u5510\\u5c71\\u5e02\",\"\\u8fc1\\u5b89\\u5e02\"],[\"\\u6cb3\\u5317\\u7701\",\"\\u79e6\\u7687\\u5c9b\\u5e02\",\"\\u6d77\\u6e2f\\u533a\"],[\"\\u6cb3\\u5317\\u7701\",\"\\u79e6\\u7687\\u5c9b\\u5e02\",\"\\u5c71\\u6d77\\u5173\\u533a\"],[\"\\u6cb3\\u5317\\u7701\",\"\\u79e6\\u7687\\u5c9b\\u5e02\",\"\\u5317\\u6234\\u6cb3\\u533a\"],[\"\\u6cb3\\u5317\\u7701\",\"\\u79e6\\u7687\\u5c9b\\u5e02\",\"\\u9752\\u9f99\\u6ee1\\u65cf\\u81ea\\u6cbb\\u53bf\"],[\"\\u6cb3\\u5317\\u7701\",\"\\u79e6\\u7687\\u5c9b\\u5e02\",\"\\u660c\\u9ece\\u53bf\"],[\"\\u6cb3\\u5317\\u7701\",\"\\u79e6\\u7687\\u5c9b\\u5e02\",\"\\u629a\\u5b81\\u53bf\"],[\"\\u6cb3\\u5317\\u7701\",\"\\u79e6\\u7687\\u5c9b\\u5e02\",\"\\u5362\\u9f99\\u53bf\"],[\"\\u6cb3\\u5317\\u7701\",\"\\u90af\\u90f8\\u5e02\",\"\\u90af\\u5c71\\u533a\"],[\"\\u6cb3\\u5317\\u7701\",\"\\u90af\\u90f8\\u5e02\",\"\\u4e1b\\u53f0\\u533a\"],[\"\\u6cb3\\u5317\\u7701\",\"\\u90af\\u90f8\\u5e02\",\"\\u590d\\u5174\\u533a\"],[\"\\u6cb3\\u5317\\u7701\",\"\\u90af\\u90f8\\u5e02\",\"\\u5cf0\\u5cf0\\u77ff\\u533a\"],[\"\\u6cb3\\u5317\\u7701\",\"\\u90af\\u90f8\\u5e02\",\"\\u90af\\u90f8\\u53bf\"],[\"\\u6cb3\\u5317\\u7701\",\"\\u90af\\u90f8\\u5e02\",\"\\u4e34\\u6f33\\u53bf\"],[\"\\u6cb3\\u5317\\u7701\",\"\\u90af\\u90f8\\u5e02\",\"\\u6210\\u5b89\\u53bf\"],[\"\\u6cb3\\u5317\\u7701\",\"\\u90af\\u90f8\\u5e02\",\"\\u5927\\u540d\\u53bf\"],[\"\\u6cb3\\u5317\\u7701\",\"\\u90af\\u90f8\\u5e02\",\"\\u6d89\\u53bf\"],[\"\\u6cb3\\u5317\\u7701\",\"\\u90af\\u90f8\\u5e02\",\"\\u78c1\\u53bf\"],[\"\\u6cb3\\u5317\\u7701\",\"\\u90af\\u90f8\\u5e02\",\"\\u80a5\\u4e61\\u53bf\"],[\"\\u6cb3\\u5317\\u7701\",\"\\u90af\\u90f8\\u5e02\",\"\\u6c38\\u5e74\\u53bf\"],[\"\\u6cb3\\u5317\\u7701\",\"\\u90af\\u90f8\\u5e02\",\"\\u90b1\\u53bf\"],[\"\\u6cb3\\u5317\\u7701\",\"\\u90af\\u90f8\\u5e02\",\"\\u9e21\\u6cfd\\u53bf\"],[\"\\u6cb3\\u5317\\u7701\",\"\\u90af\\u90f8\\u5e02\",\"\\u5e7f\\u5e73\\u53bf\"],[\"\\u6cb3\\u5317\\u7701\",\"\\u90af\\u90f8\\u5e02\",\"\\u9986\\u9676\\u53bf\"],[\"\\u6cb3\\u5317\\u7701\",\"\\u90af\\u90f8\\u5e02\",\"\\u9b4f\\u53bf\"],[\"\\u6cb3\\u5317\\u7701\",\"\\u90af\\u90f8\\u5e02\",\"\\u66f2\\u5468\\u53bf\"],[\"\\u6cb3\\u5317\\u7701\",\"\\u90af\\u90f8\\u5e02\",\"\\u6b66\\u5b89\\u5e02\"],[\"\\u6cb3\\u5317\\u7701\",\"\\u90a2\\u53f0\\u5e02\",\"\\u6865\\u4e1c\\u533a\"],[\"\\u6cb3\\u5317\\u7701\",\"\\u90a2\\u53f0\\u5e02\",\"\\u6865\\u897f\\u533a\"],[\"\\u6cb3\\u5317\\u7701\",\"\\u90a2\\u53f0\\u5e02\",\"\\u90a2\\u53f0\\u53bf\"],[\"\\u6cb3\\u5317\\u7701\",\"\\u90a2\\u53f0\\u5e02\",\"\\u4e34\\u57ce\\u53bf\"],[\"\\u6cb3\\u5317\\u7701\",\"\\u90a2\\u53f0\\u5e02\",\"\\u5185\\u4e18\\u53bf\"],[\"\\u6cb3\\u5317\\u7701\",\"\\u90a2\\u53f0\\u5e02\",\"\\u67cf\\u4e61\\u53bf\"],[\"\\u6cb3\\u5317\\u7701\",\"\\u90a2\\u53f0\\u5e02\",\"\\u9686\\u5c27\\u53bf\"],[\"\\u6cb3\\u5317\\u7701\",\"\\u90a2\\u53f0\\u5e02\",\"\\u4efb\\u53bf\"],[\"\\u6cb3\\u5317\\u7701\",\"\\u90a2\\u53f0\\u5e02\",\"\\u5357\\u548c\\u53bf\"],[\"\\u6cb3\\u5317\\u7701\",\"\\u90a2\\u53f0\\u5e02\",\"\\u5b81\\u664b\\u53bf\"],[\"\\u6cb3\\u5317\\u7701\",\"\\u90a2\\u53f0\\u5e02\",\"\\u5de8\\u9e7f\\u53bf\"],[\"\\u6cb3\\u5317\\u7701\",\"\\u90a2\\u53f0\\u5e02\",\"\\u65b0\\u6cb3\\u53bf\"],[\"\\u6cb3\\u5317\\u7701\",\"\\u90a2\\u53f0\\u5e02\",\"\\u5e7f\\u5b97\\u53bf\"],[\"\\u6cb3\\u5317\\u7701\",\"\\u90a2\\u53f0\\u5e02\",\"\\u5e73\\u4e61\\u53bf\"],[\"\\u6cb3\\u5317\\u7701\",\"\\u90a2\\u53f0\\u5e02\",\"\\u5a01\\u53bf\"],[\"\\u6cb3\\u5317\\u7701\",\"\\u90a2\\u53f0\\u5e02\",\"\\u6e05\\u6cb3\\u53bf\"],[\"\\u6cb3\\u5317\\u7701\",\"\\u90a2\\u53f0\\u5e02\",\"\\u4e34\\u897f\\u53bf\"],[\"\\u6cb3\\u5317\\u7701\",\"\\u90a2\\u53f0\\u5e02\",\"\\u5357\\u5bab\\u5e02\"],[\"\\u6cb3\\u5317\\u7701\",\"\\u90a2\\u53f0\\u5e02\",\"\\u6c99\\u6cb3\\u5e02\"],[\"\\u6cb3\\u5317\\u7701\",\"\\u4fdd\\u5b9a\\u5e02\",\"\\u65b0\\u5e02\\u533a\"],[\"\\u6cb3\\u5317\\u7701\",\"\\u4fdd\\u5b9a\\u5e02\",\"\\u5317\\u5e02\\u533a\"],[\"\\u6cb3\\u5317\\u7701\",\"\\u4fdd\\u5b9a\\u5e02\",\"\\u5357\\u5e02\\u533a\"],[\"\\u6cb3\\u5317\\u7701\",\"\\u4fdd\\u5b9a\\u5e02\",\"\\u6ee1\\u57ce\\u53bf\"],[\"\\u6cb3\\u5317\\u7701\",\"\\u4fdd\\u5b9a\\u5e02\",\"\\u6e05\\u82d1\\u53bf\"],[\"\\u6cb3\\u5317\\u7701\",\"\\u4fdd\\u5b9a\\u5e02\",\"\\u6d9e\\u6c34\\u53bf\"],[\"\\u6cb3\\u5317\\u7701\",\"\\u4fdd\\u5b9a\\u5e02\",\"\\u961c\\u5e73\\u53bf\"],[\"\\u6cb3\\u5317\\u7701\",\"\\u4fdd\\u5b9a\\u5e02\",\"\\u5f90\\u6c34\\u53bf\"],[\"\\u6cb3\\u5317\\u7701\",\"\\u4fdd\\u5b9a\\u5e02\",\"\\u5b9a\\u5174\\u53bf\"],[\"\\u6cb3\\u5317\\u7701\",\"\\u4fdd\\u5b9a\\u5e02\",\"\\u5510\\u53bf\"],[\"\\u6cb3\\u5317\\u7701\",\"\\u4fdd\\u5b9a\\u5e02\",\"\\u9ad8\\u9633\\u53bf\"],[\"\\u6cb3\\u5317\\u7701\",\"\\u4fdd\\u5b9a\\u5e02\",\"\\u5bb9\\u57ce\\u53bf\"],[\"\\u6cb3\\u5317\\u7701\",\"\\u4fdd\\u5b9a\\u5e02\",\"\\u6d9e\\u6e90\\u53bf\"],[\"\\u6cb3\\u5317\\u7701\",\"\\u4fdd\\u5b9a\\u5e02\",\"\\u671b\\u90fd\\u53bf\"],[\"\\u6cb3\\u5317\\u7701\",\"\\u4fdd\\u5b9a\\u5e02\",\"\\u5b89\\u65b0\\u53bf\"],[\"\\u6cb3\\u5317\\u7701\",\"\\u4fdd\\u5b9a\\u5e02\",\"\\u6613\\u53bf\"],[\"\\u6cb3\\u5317\\u7701\",\"\\u4fdd\\u5b9a\\u5e02\",\"\\u66f2\\u9633\\u53bf\"],[\"\\u6cb3\\u5317\\u7701\",\"\\u4fdd\\u5b9a\\u5e02\",\"\\u8821\\u53bf\"],[\"\\u6cb3\\u5317\\u7701\",\"\\u4fdd\\u5b9a\\u5e02\",\"\\u987a\\u5e73\\u53bf\"],[\"\\u6cb3\\u5317\\u7701\",\"\\u4fdd\\u5b9a\\u5e02\",\"\\u535a\\u91ce\\u53bf\"],[\"\\u6cb3\\u5317\\u7701\",\"\\u4fdd\\u5b9a\\u5e02\",\"\\u96c4\\u53bf\"],[\"\\u6cb3\\u5317\\u7701\",\"\\u4fdd\\u5b9a\\u5e02\",\"\\u6dbf\\u5dde\\u5e02\"],[\"\\u6cb3\\u5317\\u7701\",\"\\u4fdd\\u5b9a\\u5e02\",\"\\u5b9a\\u5dde\\u5e02\"],[\"\\u6cb3\\u5317\\u7701\",\"\\u4fdd\\u5b9a\\u5e02\",\"\\u5b89\\u56fd\\u5e02\"],[\"\\u6cb3\\u5317\\u7701\",\"\\u4fdd\\u5b9a\\u5e02\",\"\\u9ad8\\u7891\\u5e97\\u5e02\"],[\"\\u6cb3\\u5317\\u7701\",\"\\u5f20\\u5bb6\\u53e3\\u5e02\",\"\\u6865\\u4e1c\\u533a\"],[\"\\u6cb3\\u5317\\u7701\",\"\\u5f20\\u5bb6\\u53e3\\u5e02\",\"\\u6865\\u897f\\u533a\"],[\"\\u6cb3\\u5317\\u7701\",\"\\u5f20\\u5bb6\\u53e3\\u5e02\",\"\\u5ba3\\u5316\\u533a\"],[\"\\u6cb3\\u5317\\u7701\",\"\\u5f20\\u5bb6\\u53e3\\u5e02\",\"\\u4e0b\\u82b1\\u56ed\\u533a\"],[\"\\u6cb3\\u5317\\u7701\",\"\\u5f20\\u5bb6\\u53e3\\u5e02\",\"\\u5ba3\\u5316\\u53bf\"],[\"\\u6cb3\\u5317\\u7701\",\"\\u5f20\\u5bb6\\u53e3\\u5e02\",\"\\u5f20\\u5317\\u53bf\"],[\"\\u6cb3\\u5317\\u7701\",\"\\u5f20\\u5bb6\\u53e3\\u5e02\",\"\\u5eb7\\u4fdd\\u53bf\"],[\"\\u6cb3\\u5317\\u7701\",\"\\u5f20\\u5bb6\\u53e3\\u5e02\",\"\\u6cbd\\u6e90\\u53bf\"],[\"\\u6cb3\\u5317\\u7701\",\"\\u5f20\\u5bb6\\u53e3\\u5e02\",\"\\u5c1a\\u4e49\\u53bf\"],[\"\\u6cb3\\u5317\\u7701\",\"\\u5f20\\u5bb6\\u53e3\\u5e02\",\"\\u851a\\u53bf\"],[\"\\u6cb3\\u5317\\u7701\",\"\\u5f20\\u5bb6\\u53e3\\u5e02\",\"\\u9633\\u539f\\u53bf\"],[\"\\u6cb3\\u5317\\u7701\",\"\\u5f20\\u5bb6\\u53e3\\u5e02\",\"\\u6000\\u5b89\\u53bf\"],[\"\\u6cb3\\u5317\\u7701\",\"\\u5f20\\u5bb6\\u53e3\\u5e02\",\"\\u4e07\\u5168\\u53bf\"],[\"\\u6cb3\\u5317\\u7701\",\"\\u5f20\\u5bb6\\u53e3\\u5e02\",\"\\u6000\\u6765\\u53bf\"],[\"\\u6cb3\\u5317\\u7701\",\"\\u5f20\\u5bb6\\u53e3\\u5e02\",\"\\u6dbf\\u9e7f\\u53bf\"],[\"\\u6cb3\\u5317\\u7701\",\"\\u5f20\\u5bb6\\u53e3\\u5e02\",\"\\u8d64\\u57ce\\u53bf\"],[\"\\u6cb3\\u5317\\u7701\",\"\\u5f20\\u5bb6\\u53e3\\u5e02\",\"\\u5d07\\u793c\\u53bf\"],[\"\\u6cb3\\u5317\\u7701\",\"\\u627f\\u5fb7\\u5e02\",\"\\u53cc\\u6865\\u533a\"],[\"\\u6cb3\\u5317\\u7701\",\"\\u627f\\u5fb7\\u5e02\",\"\\u53cc\\u6ee6\\u533a\"],[\"\\u6cb3\\u5317\\u7701\",\"\\u627f\\u5fb7\\u5e02\",\"\\u9e70\\u624b\\u8425\\u5b50\\u77ff\\u533a\"],[\"\\u6cb3\\u5317\\u7701\",\"\\u627f\\u5fb7\\u5e02\",\"\\u627f\\u5fb7\\u53bf\"],[\"\\u6cb3\\u5317\\u7701\",\"\\u627f\\u5fb7\\u5e02\",\"\\u5174\\u9686\\u53bf\"],[\"\\u6cb3\\u5317\\u7701\",\"\\u627f\\u5fb7\\u5e02\",\"\\u5e73\\u6cc9\\u53bf\"],[\"\\u6cb3\\u5317\\u7701\",\"\\u627f\\u5fb7\\u5e02\",\"\\u6ee6\\u5e73\\u53bf\"],[\"\\u6cb3\\u5317\\u7701\",\"\\u627f\\u5fb7\\u5e02\",\"\\u9686\\u5316\\u53bf\"],[\"\\u6cb3\\u5317\\u7701\",\"\\u627f\\u5fb7\\u5e02\",\"\\u4e30\\u5b81\\u6ee1\\u65cf\\u81ea\\u6cbb\\u53bf\"],[\"\\u6cb3\\u5317\\u7701\",\"\\u627f\\u5fb7\\u5e02\",\"\\u5bbd\\u57ce\\u6ee1\\u65cf\\u81ea\\u6cbb\\u53bf\"],[\"\\u6cb3\\u5317\\u7701\",\"\\u627f\\u5fb7\\u5e02\",\"\\u56f4\\u573a\\u6ee1\\u65cf\\u8499\\u53e4\\u65cf\\u81ea\\u6cbb\\u53bf\"],[\"\\u6cb3\\u5317\\u7701\",\"\\u6ca7\\u5dde\\u5e02\",\"\\u65b0\\u534e\\u533a\"],[\"\\u6cb3\\u5317\\u7701\",\"\\u6ca7\\u5dde\\u5e02\",\"\\u8fd0\\u6cb3\\u533a\"],[\"\\u6cb3\\u5317\\u7701\",\"\\u6ca7\\u5dde\\u5e02\",\"\\u6ca7\\u53bf\"],[\"\\u6cb3\\u5317\\u7701\",\"\\u6ca7\\u5dde\\u5e02\",\"\\u9752\\u53bf\"],[\"\\u6cb3\\u5317\\u7701\",\"\\u6ca7\\u5dde\\u5e02\",\"\\u4e1c\\u5149\\u53bf\"],[\"\\u6cb3\\u5317\\u7701\",\"\\u6ca7\\u5dde\\u5e02\",\"\\u6d77\\u5174\\u53bf\"],[\"\\u6cb3\\u5317\\u7701\",\"\\u6ca7\\u5dde\\u5e02\",\"\\u76d0\\u5c71\\u53bf\"],[\"\\u6cb3\\u5317\\u7701\",\"\\u6ca7\\u5dde\\u5e02\",\"\\u8083\\u5b81\\u53bf\"],[\"\\u6cb3\\u5317\\u7701\",\"\\u6ca7\\u5dde\\u5e02\",\"\\u5357\\u76ae\\u53bf\"],[\"\\u6cb3\\u5317\\u7701\",\"\\u6ca7\\u5dde\\u5e02\",\"\\u5434\\u6865\\u53bf\"],[\"\\u6cb3\\u5317\\u7701\",\"\\u6ca7\\u5dde\\u5e02\",\"\\u732e\\u53bf\"],[\"\\u6cb3\\u5317\\u7701\",\"\\u6ca7\\u5dde\\u5e02\",\"\\u5b5f\\u6751\\u56de\\u65cf\\u81ea\\u6cbb\\u53bf\"],[\"\\u6cb3\\u5317\\u7701\",\"\\u6ca7\\u5dde\\u5e02\",\"\\u6cca\\u5934\\u5e02\"],[\"\\u6cb3\\u5317\\u7701\",\"\\u6ca7\\u5dde\\u5e02\",\"\\u4efb\\u4e18\\u5e02\"],[\"\\u6cb3\\u5317\\u7701\",\"\\u6ca7\\u5dde\\u5e02\",\"\\u9ec4\\u9a85\\u5e02\"],[\"\\u6cb3\\u5317\\u7701\",\"\\u6ca7\\u5dde\\u5e02\",\"\\u6cb3\\u95f4\\u5e02\"],[\"\\u6cb3\\u5317\\u7701\",\"\\u5eca\\u574a\\u5e02\",\"\\u5b89\\u6b21\\u533a\"],[\"\\u6cb3\\u5317\\u7701\",\"\\u5eca\\u574a\\u5e02\",\"\\u5e7f\\u9633\\u533a\"],[\"\\u6cb3\\u5317\\u7701\",\"\\u5eca\\u574a\\u5e02\",\"\\u56fa\\u5b89\\u53bf\"],[\"\\u6cb3\\u5317\\u7701\",\"\\u5eca\\u574a\\u5e02\",\"\\u6c38\\u6e05\\u53bf\"],[\"\\u6cb3\\u5317\\u7701\",\"\\u5eca\\u574a\\u5e02\",\"\\u9999\\u6cb3\\u53bf\"],[\"\\u6cb3\\u5317\\u7701\",\"\\u5eca\\u574a\\u5e02\",\"\\u5927\\u57ce\\u53bf\"],[\"\\u6cb3\\u5317\\u7701\",\"\\u5eca\\u574a\\u5e02\",\"\\u6587\\u5b89\\u53bf\"],[\"\\u6cb3\\u5317\\u7701\",\"\\u5eca\\u574a\\u5e02\",\"\\u5927\\u5382\\u56de\\u65cf\\u81ea\\u6cbb\\u53bf\"],[\"\\u6cb3\\u5317\\u7701\",\"\\u5eca\\u574a\\u5e02\",\"\\u9738\\u5dde\\u5e02\"],[\"\\u6cb3\\u5317\\u7701\",\"\\u5eca\\u574a\\u5e02\",\"\\u4e09\\u6cb3\\u5e02\"],[\"\\u6cb3\\u5317\\u7701\",\"\\u8861\\u6c34\\u5e02\",\"\\u6843\\u57ce\\u533a\"],[\"\\u6cb3\\u5317\\u7701\",\"\\u8861\\u6c34\\u5e02\",\"\\u67a3\\u5f3a\\u53bf\"],[\"\\u6cb3\\u5317\\u7701\",\"\\u8861\\u6c34\\u5e02\",\"\\u6b66\\u9091\\u53bf\"],[\"\\u6cb3\\u5317\\u7701\",\"\\u8861\\u6c34\\u5e02\",\"\\u6b66\\u5f3a\\u53bf\"],[\"\\u6cb3\\u5317\\u7701\",\"\\u8861\\u6c34\\u5e02\",\"\\u9976\\u9633\\u53bf\"],[\"\\u6cb3\\u5317\\u7701\",\"\\u8861\\u6c34\\u5e02\",\"\\u5b89\\u5e73\\u53bf\"],[\"\\u6cb3\\u5317\\u7701\",\"\\u8861\\u6c34\\u5e02\",\"\\u6545\\u57ce\\u53bf\"],[\"\\u6cb3\\u5317\\u7701\",\"\\u8861\\u6c34\\u5e02\",\"\\u666f\\u53bf\"],[\"\\u6cb3\\u5317\\u7701\",\"\\u8861\\u6c34\\u5e02\",\"\\u961c\\u57ce\\u53bf\"],[\"\\u6cb3\\u5317\\u7701\",\"\\u8861\\u6c34\\u5e02\",\"\\u5180\\u5dde\\u5e02\"],[\"\\u6cb3\\u5317\\u7701\",\"\\u8861\\u6c34\\u5e02\",\"\\u6df1\\u5dde\\u5e02\"]]',12,13.00,1,1.00,1970,1970),(2,1,'[[\"\\u53f0\\u6e7e\\u7701\",\"\\u53f0\\u6e7e\\u7701\",\"\\u53f0\\u5317\"],[\"\\u5168\\u56fd\",\"\\u6240\\u6709\",\"\\u6240\\u6709\"]]',0,0.00,0,0.00,1970,2020),(3,1,'[[\"\\u5929\\u6d25\\u5e02\",\"\\u5929\\u6d25\\u5e02\",\"\\u548c\\u5e73\\u533a\"],[\"\\u5929\\u6d25\\u5e02\",\"\\u5929\\u6d25\\u5e02\",\"\\u6cb3\\u4e1c\\u533a\"],[\"\\u5929\\u6d25\\u5e02\",\"\\u5929\\u6d25\\u5e02\",\"\\u6cb3\\u897f\\u533a\"],[\"\\u5929\\u6d25\\u5e02\",\"\\u5929\\u6d25\\u5e02\",\"\\u5357\\u5f00\\u533a\"],[\"\\u5929\\u6d25\\u5e02\",\"\\u5929\\u6d25\\u5e02\",\"\\u6cb3\\u5317\\u533a\"],[\"\\u5929\\u6d25\\u5e02\",\"\\u5929\\u6d25\\u5e02\",\"\\u7ea2\\u6865\\u533a\"],[\"\\u5929\\u6d25\\u5e02\",\"\\u5929\\u6d25\\u5e02\",\"\\u5858\\u6cbd\\u533a\"],[\"\\u5929\\u6d25\\u5e02\",\"\\u5929\\u6d25\\u5e02\",\"\\u6c49\\u6cbd\\u533a\"],[\"\\u5929\\u6d25\\u5e02\",\"\\u5929\\u6d25\\u5e02\",\"\\u5927\\u6e2f\\u533a\"],[\"\\u5929\\u6d25\\u5e02\",\"\\u5929\\u6d25\\u5e02\",\"\\u4e1c\\u4e3d\\u533a\"],[\"\\u5929\\u6d25\\u5e02\",\"\\u5929\\u6d25\\u5e02\",\"\\u897f\\u9752\\u533a\"],[\"\\u5929\\u6d25\\u5e02\",\"\\u5929\\u6d25\\u5e02\",\"\\u6d25\\u5357\\u533a\"],[\"\\u5929\\u6d25\\u5e02\",\"\\u5929\\u6d25\\u5e02\",\"\\u5317\\u8fb0\\u533a\"],[\"\\u5929\\u6d25\\u5e02\",\"\\u5929\\u6d25\\u5e02\",\"\\u6b66\\u6e05\\u533a\"],[\"\\u5929\\u6d25\\u5e02\",\"\\u5929\\u6d25\\u5e02\",\"\\u5b9d\\u577b\\u533a\"],[\"\\u5929\\u6d25\\u5e02\",\"\\u5929\\u6d25\\u5e02\",\"\\u5b81\\u6cb3\\u53bf\"],[\"\\u5929\\u6d25\\u5e02\",\"\\u5929\\u6d25\\u5e02\",\"\\u9759\\u6d77\\u53bf\"],[\"\\u5929\\u6d25\\u5e02\",\"\\u5929\\u6d25\\u5e02\",\"\\u84df\\u53bf\"],[\"\\u5168\\u56fd\",\"\\u6240\\u6709\",\"\\u6240\\u6709\"]]',0,0.00,0,0.00,2020,2020),(4,1,'[[\"\\u5168\\u56fd\",\"\\u6240\\u6709\",\"\\u6240\\u6709\"]]',13,0.00,0,0.00,2020,2020),(5,2,'[[\"\\u5168\\u56fd\",\"\\u6240\\u6709\",\"\\u6240\\u6709\"]]',0,0.00,0,0.00,1582627249,1582627249),(6,2,'[[\"\\u5168\\u56fd\",\"\\u6240\\u6709\",\"\\u6240\\u6709\"]]',0,0.00,0,0.00,2020,1582627282),(7,2,'[[\"\\u5317\\u4eac\\u5e02\",\"\\u5317\\u4eac\\u5e02\",\"\\u4e1c\\u57ce\\u533a\"],[\"\\u5317\\u4eac\\u5e02\",\"\\u5317\\u4eac\\u5e02\",\"\\u897f\\u57ce\\u533a\"],[\"\\u5317\\u4eac\\u5e02\",\"\\u5317\\u4eac\\u5e02\",\"\\u5d07\\u6587\\u533a\"],[\"\\u5317\\u4eac\\u5e02\",\"\\u5317\\u4eac\\u5e02\",\"\\u5ba3\\u6b66\\u533a\"],[\"\\u5317\\u4eac\\u5e02\",\"\\u5317\\u4eac\\u5e02\",\"\\u671d\\u9633\\u533a\"],[\"\\u5317\\u4eac\\u5e02\",\"\\u5317\\u4eac\\u5e02\",\"\\u4e30\\u53f0\\u533a\"],[\"\\u5317\\u4eac\\u5e02\",\"\\u5317\\u4eac\\u5e02\",\"\\u77f3\\u666f\\u5c71\\u533a\"],[\"\\u5317\\u4eac\\u5e02\",\"\\u5317\\u4eac\\u5e02\",\"\\u6d77\\u6dc0\\u533a\"],[\"\\u5317\\u4eac\\u5e02\",\"\\u5317\\u4eac\\u5e02\",\"\\u95e8\\u5934\\u6c9f\\u533a\"],[\"\\u5317\\u4eac\\u5e02\",\"\\u5317\\u4eac\\u5e02\",\"\\u623f\\u5c71\\u533a\"],[\"\\u5317\\u4eac\\u5e02\",\"\\u5317\\u4eac\\u5e02\",\"\\u901a\\u5dde\\u533a\"],[\"\\u5317\\u4eac\\u5e02\",\"\\u5317\\u4eac\\u5e02\",\"\\u987a\\u4e49\\u533a\"],[\"\\u5317\\u4eac\\u5e02\",\"\\u5317\\u4eac\\u5e02\",\"\\u660c\\u5e73\\u533a\"],[\"\\u5317\\u4eac\\u5e02\",\"\\u5317\\u4eac\\u5e02\",\"\\u5927\\u5174\\u533a\"],[\"\\u5317\\u4eac\\u5e02\",\"\\u5317\\u4eac\\u5e02\",\"\\u6000\\u67d4\\u533a\"],[\"\\u5317\\u4eac\\u5e02\",\"\\u5317\\u4eac\\u5e02\",\"\\u5e73\\u8c37\\u533a\"],[\"\\u5317\\u4eac\\u5e02\",\"\\u5317\\u4eac\\u5e02\",\"\\u5bc6\\u4e91\\u53bf\"],[\"\\u5317\\u4eac\\u5e02\",\"\\u5317\\u4eac\\u5e02\",\"\\u5ef6\\u5e86\\u53bf\"],[\"\\u5929\\u6d25\\u5e02\",\"\\u5929\\u6d25\\u5e02\",\"\\u548c\\u5e73\\u533a\"],[\"\\u5929\\u6d25\\u5e02\",\"\\u5929\\u6d25\\u5e02\",\"\\u6cb3\\u4e1c\\u533a\"],[\"\\u5929\\u6d25\\u5e02\",\"\\u5929\\u6d25\\u5e02\",\"\\u6cb3\\u897f\\u533a\"],[\"\\u5929\\u6d25\\u5e02\",\"\\u5929\\u6d25\\u5e02\",\"\\u5357\\u5f00\\u533a\"],[\"\\u5929\\u6d25\\u5e02\",\"\\u5929\\u6d25\\u5e02\",\"\\u6cb3\\u5317\\u533a\"],[\"\\u5929\\u6d25\\u5e02\",\"\\u5929\\u6d25\\u5e02\",\"\\u7ea2\\u6865\\u533a\"],[\"\\u5929\\u6d25\\u5e02\",\"\\u5929\\u6d25\\u5e02\",\"\\u5858\\u6cbd\\u533a\"],[\"\\u5929\\u6d25\\u5e02\",\"\\u5929\\u6d25\\u5e02\",\"\\u6c49\\u6cbd\\u533a\"],[\"\\u5929\\u6d25\\u5e02\",\"\\u5929\\u6d25\\u5e02\",\"\\u5927\\u6e2f\\u533a\"],[\"\\u5929\\u6d25\\u5e02\",\"\\u5929\\u6d25\\u5e02\",\"\\u4e1c\\u4e3d\\u533a\"],[\"\\u5929\\u6d25\\u5e02\",\"\\u5929\\u6d25\\u5e02\",\"\\u897f\\u9752\\u533a\"],[\"\\u5929\\u6d25\\u5e02\",\"\\u5929\\u6d25\\u5e02\",\"\\u6d25\\u5357\\u533a\"],[\"\\u5929\\u6d25\\u5e02\",\"\\u5929\\u6d25\\u5e02\",\"\\u5317\\u8fb0\\u533a\"],[\"\\u5929\\u6d25\\u5e02\",\"\\u5929\\u6d25\\u5e02\",\"\\u6b66\\u6e05\\u533a\"],[\"\\u5929\\u6d25\\u5e02\",\"\\u5929\\u6d25\\u5e02\",\"\\u5b9d\\u577b\\u533a\"],[\"\\u5929\\u6d25\\u5e02\",\"\\u5929\\u6d25\\u5e02\",\"\\u5b81\\u6cb3\\u53bf\"],[\"\\u5929\\u6d25\\u5e02\",\"\\u5929\\u6d25\\u5e02\",\"\\u9759\\u6d77\\u53bf\"],[\"\\u5929\\u6d25\\u5e02\",\"\\u5929\\u6d25\\u5e02\",\"\\u84df\\u53bf\"]]',0,0.00,0,0.00,2020,2020);
/*!40000 ALTER TABLE `express_value` ENABLE KEYS */;
UNLOCK TABLES;

--
-- Table structure for table `goods`
--

DROP TABLE IF EXISTS `goods`;
/*!40101 SET @saved_cs_client     = @@character_set_client */;
/*!40101 SET character_set_client = utf8 */;
CREATE TABLE `goods` (
  `id` int(11) NOT NULL AUTO_INCREMENT,
  `title` varchar(100) DEFAULT NULL COMMENT '商品名称',
  `category_id` int(11) DEFAULT NULL COMMENT '分类id',
  `cover` varchar(255) DEFAULT NULL COMMENT '商品封面图',
  `rating` float DEFAULT '5' COMMENT '平均评分',
  `sale_count` int(11) DEFAULT '0' COMMENT '总销量',
  `review_count` int(11) DEFAULT '0' COMMENT '评论数',
  `min_price` decimal(10,2) DEFAULT NULL COMMENT '最低sku价格',
  `min_oprice` decimal(10,2) NOT NULL DEFAULT '0.00',
  `desc` varchar(255) DEFAULT NULL COMMENT '商品描述',
  `unit` varchar(10) DEFAULT NULL COMMENT '单位',
  `stock` int(11) DEFAULT '0' COMMENT '库存',
  `min_stock` int(11) DEFAULT '0' COMMENT '库存预警',
  `ischeck` tinyint(1) DEFAULT '0' COMMENT '是否审核 0审核中 1通过 2拒绝',
  `status` tinyint(1) DEFAULT '1' COMMENT '状态 0仓库1上架',
  `stock_display` tinyint(1) DEFAULT '1' COMMENT '库存显示 0隐藏 1显示',
  `express_id` int(11) DEFAULT '0' COMMENT '运费模板id',
  `sku_type` tinyint(1) DEFAULT '0' COMMENT 'sku类型：0单一，1多规格',
  `sku_value` varchar(255) DEFAULT NULL COMMENT '单一规格值',
  `content` text COMMENT '商品详情',
  `discount` float DEFAULT '0' COMMENT '折扣设置',
  `create_time` int(11) DEFAULT NULL,
  `update_time` int(11) DEFAULT NULL,
  `delete_time` int(11) DEFAULT NULL,
  `order` int(11) DEFAULT '50' COMMENT '排序',
  PRIMARY KEY (`id`)
) ENGINE=InnoDB AUTO_INCREMENT=43 DEFAULT CHARSET=utf8;
/*!40101 SET character_set_client = @saved_cs_client */;

--
-- Dumping data for table `goods`
--

LOCK TABLES `goods` WRITE;
/*!40000 ALTER TABLE `goods` DISABLE KEYS */;
INSERT INTO `goods` VALUES (25,'小米-百支酒店风抱枕套',76,'https://tangzhe123-com.oss-cn-shenzhen.aliyuncs.com/public/5984928facd569ef906becba3469810b.png',5,4,0,0.01,30.00,'酒店格调，简约品味/双雕方空，繁艺简呈/新疆纯棉，百支醇密','kg',200,10,1,1,1,1,1,'{\"oprice\":20,\"pprice\":30,\"cprice\":20,\"weight\":10,\"volume\":20}','<img src=\"http://tangzhe123-com.oss-cn-shenzhen.aliyuncs.com/public/5d883d591e969.jpg\">\r\n<img src=\"http://tangzhe123-com.oss-cn-shenzhen.aliyuncs.com/public/5d883d5937db3.jpg\">\r\n<img src=\"http://tangzhe123-com.oss-cn-shenzhen.aliyuncs.com/public/5d883d594faaf.jpg\"><img src=\"http://tangzhe123-com.oss-cn-shenzhen.aliyuncs.com/public/5d883d597f622.jpg\"><img src=\"http://tangzhe123-com.oss-cn-shenzhen.aliyuncs.com/public/5d883d599d801.jpg\"><img src=\"http://tangzhe123-com.oss-cn-shenzhen.aliyuncs.com/public/5d883d59ba6eb.jpg\">',10,1566726204,1577266680,NULL,50),(26,'小米-天鹅绒柔暖四件套',76,'https://yanxuan-item.nosdn.127.net/4c536c4ea486f8d5c8a172bfaaf5b680.png',5,1,0,0.02,30.00,'天鹅绒面，丝绒时髦高级感','kg',200,10,1,1,1,1,1,'{\"oprice\":20,\"pprice\":30,\"cprice\":20,\"weight\":10,\"volume\":20}','<img src=\"http://tangzhe123-com.oss-cn-shenzhen.aliyuncs.com/public/5d883d591e969.jpg\">\r\n<img src=\"http://tangzhe123-com.oss-cn-shenzhen.aliyuncs.com/public/5d883d5937db3.jpg\">\r\n<img src=\"http://tangzhe123-com.oss-cn-shenzhen.aliyuncs.com/public/5d883d594faaf.jpg\"><img src=\"http://tangzhe123-com.oss-cn-shenzhen.aliyuncs.com/public/5d883d597f622.jpg\"><img src=\"http://tangzhe123-com.oss-cn-shenzhen.aliyuncs.com/public/5d883d599d801.jpg\"><img src=\"http://tangzhe123-com.oss-cn-shenzhen.aliyuncs.com/public/5d883d59ba6eb.jpg\">',10,1566734210,1579253843,NULL,50),(27,'小米-商品1',76,'https://tangzhe123-com.oss-cn-shenzhen.aliyuncs.com/public/eb5a2d258905e0a6096af057946b0bf0.png',5,0,0,0.03,30.00,'全新十代酷睿处理器 / MX250独显 / 14寸超窄边框高清屏 / 小米手环极速解锁 / 炫酷多彩任你挑选','kg',200,10,1,0,1,1,1,'{\"oprice\":20,\"pprice\":30,\"cprice\":20,\"weight\":10,\"volume\":20}','<img src=\"http://tangzhe123-com.oss-cn-shenzhen.aliyuncs.com/public/5d883d591e969.jpg\">\r\n<img src=\"http://tangzhe123-com.oss-cn-shenzhen.aliyuncs.com/public/5d883d5937db3.jpg\">\r\n<img src=\"http://tangzhe123-com.oss-cn-shenzhen.aliyuncs.com/public/5d883d594faaf.jpg\"><img src=\"http://tangzhe123-com.oss-cn-shenzhen.aliyuncs.com/public/5d883d597f622.jpg\"><img src=\"http://tangzhe123-com.oss-cn-shenzhen.aliyuncs.com/public/5d883d599d801.jpg\"><img src=\"http://tangzhe123-com.oss-cn-shenzhen.aliyuncs.com/public/5d883d59ba6eb.jpg\">',10,1566734212,1582181037,NULL,50),(28,'小米-商品2',76,'https://tangzhe123-com.oss-cn-shenzhen.aliyuncs.com/public/575977783cdaf86f36c41df05bd9885b.png',5,1,0,0.05,30.00,'全新十代酷睿处理器 / MX250独显 / 14寸超窄边框高清屏 / 小米手环极速解锁 / 炫酷多彩任你挑选','kg',188,10,1,0,1,1,1,'{\"oprice\":20,\"pprice\":30,\"cprice\":20,\"weight\":10,\"volume\":20}','<img src=\"http://tangzhe123-com.oss-cn-shenzhen.aliyuncs.com/public/5d883d591e969.jpg\">\n<img src=\"http://tangzhe123-com.oss-cn-shenzhen.aliyuncs.com/public/5d883d5937db3.jpg\">\n<img src=\"http://tangzhe123-com.oss-cn-shenzhen.aliyuncs.com/public/5d883d594faaf.jpg\"><img src=\"http://tangzhe123-com.oss-cn-shenzhen.aliyuncs.com/public/5d883d597f622.jpg\"><img src=\"http://tangzhe123-com.oss-cn-shenzhen.aliyuncs.com/public/5d883d599d801.jpg\"><img src=\"http://tangzhe123-com.oss-cn-shenzhen.aliyuncs.com/public/5d883d59ba6eb.jpg\">',10,1566734214,1582181727,NULL,50),(29,'小米-商品3',76,'https://tangzhe123-com.oss-cn-shenzhen.aliyuncs.com/public/765a18a017acf0b5c012ce765696be6f.png',5,1,0,0.05,30.00,'全新十代酷睿处理器 / MX250独显 / 14寸超窄边框高清屏 / 小米手环极速解锁 / 炫酷多彩任你挑选','kg',200,10,1,0,1,1,1,'{\"oprice\":20,\"pprice\":30,\"cprice\":20,\"weight\":10,\"volume\":20}','<img src=\"http://tangzhe123-com.oss-cn-shenzhen.aliyuncs.com/public/5d883d591e969.jpg\"> <img src=\"http://tangzhe123-com.oss-cn-shenzhen.aliyuncs.com/public/5d883d5937db3.jpg\"> <img src=\"http://tangzhe123-com.oss-cn-shenzhen.aliyuncs.com/public/5d883d594faaf.jpg\"><img src=\"http://tangzhe123-com.oss-cn-shenzhen.aliyuncs.com/public/5d883d597f622.jpg\"><img src=\"http://tangzhe123-com.oss-cn-shenzhen.aliyuncs.com/public/5d883d599d801.jpg\"><img src=\"http://tangzhe123-com.oss-cn-shenzhen.aliyuncs.com/public/5d883d59ba6eb.jpg\">',10,1566734215,1582181727,NULL,50),(30,'小米-商品4单规格',76,'https://tangzhe123-com.oss-cn-shenzhen.aliyuncs.com/public/765a18a017acf0b5c012ce765696be6f.png',5,0,0,0.06,30.00,'全新十代酷睿处理器 / MX250独显 / 14寸超窄边框高清屏 / 小米手环极速解锁 / 炫酷多彩任你挑选','kg',200,10,1,1,1,1,0,'{\"oprice\":20,\"pprice\":30,\"cprice\":20,\"weight\":10,\"volume\":20}','<img src=\"http://tangzhe123-com.oss-cn-shenzhen.aliyuncs.com/public/5d883d591e969.jpg\"> <img src=\"http://tangzhe123-com.oss-cn-shenzhen.aliyuncs.com/public/5d883d5937db3.jpg\"> <img src=\"http://tangzhe123-com.oss-cn-shenzhen.aliyuncs.com/public/5d883d594faaf.jpg\"><img src=\"http://tangzhe123-com.oss-cn-shenzhen.aliyuncs.com/public/5d883d597f622.jpg\"><img src=\"http://tangzhe123-com.oss-cn-shenzhen.aliyuncs.com/public/5d883d599d801.jpg\"><img src=\"http://tangzhe123-com.oss-cn-shenzhen.aliyuncs.com/public/5d883d59ba6eb.jpg\">',10,1566734215,1582181727,NULL,50),(32,'新建商品',76,NULL,5,0,0,0.06,0.00,'新建商品','元',100,1,0,1,0,1,0,NULL,'<p>&nbsp;<img style=\"display: block; margin-left: auto; margin-right: auto;\" src=\"http://tangzhe123-com.oss-cn-shenzhen.aliyuncs.com/public/5e4569b5ebf36.jpg\" /> &nbsp;<img style=\"display: block; margin-left: auto; margin-right: auto;\" src=\"http://tangzhe123-com.oss-cn-shenzhen.aliyuncs.com/public/5e4569b64bce6.jpg\" width=\"920\" height=\"552\" /> &nbsp;<img style=\"display: block; margin-left: auto; margin-right: auto;\" src=\"http://tangzhe123-com.oss-cn-shenzhen.aliyuncs.com/public/5e4569b8d0b64.png\" />&nbsp;&nbsp;&nbsp;&nbsp;商品详情</p>',0,1581756906,1582181727,NULL,50),(35,'新建商品',76,NULL,5,0,0,0.06,0.00,'新建商品','元',100,1,0,0,0,1,0,NULL,NULL,0,1581931008,1582442056,1582442056,50),(36,'新建商品',76,NULL,5,0,0,0.06,0.00,'新建商品','元',100,1,0,0,0,1,0,NULL,NULL,0,1581931018,1582442056,NULL,50),(37,'新建商品',76,'http://tangzhe123-com.oss-cn-shenzhen.aliyuncs.com/public/5e4569b5ebf36.jpg',5,0,0,0.06,0.00,'新建商品','元',100,1,0,1,0,1,0,NULL,'<p>&nbsp;<img src=\"http://tangzhe123-com.oss-cn-shenzhen.aliyuncs.com/public/5e4cecfd2232a.jpg\" /> 324234324</p>',0,1581931046,1582467122,NULL,50),(38,'新建商品',76,'http://tangzhe123-com.oss-cn-shenzhen.aliyuncs.com/public/5e4569b5ebf36.jpg',5,0,0,0.06,0.00,'新建商品','元',100,1,0,0,0,1,0,NULL,'',0,1581931095,1582475917,NULL,50),(39,'新建商品',76,'http://tangzhe123-com.oss-cn-shenzhen.aliyuncs.com/public/5e4569b5ebf36.jpg',5,0,0,0.06,0.00,'新建商品','元',100,1,2,0,0,1,0,'{\"oprice\":10,\"pprice\":20,\"cprice\":30,\"weight\":40,\"volume\":50}','<p>哈哈&nbsp;<img src=\"http://tangzhe123-com.oss-cn-shenzhen.aliyuncs.com/public/5e4cecfd2232a.jpg\" />&nbsp; 123&nbsp;<img src=\"http://tangzhe123-com.oss-cn-shenzhen.aliyuncs.com/public/5e4cef1fd6408.jpg\" /> &nbsp;<img src=\"http://tangzhe123-com.oss-cn-shenzhen.aliyuncs.com/public/5e48a3399168a.jpg\" /> &nbsp;<img src=\"http://tangzhe123-com.oss-cn-shenzhen.aliyuncs.com/public/5e4e67226c3b9.jpg\" />&nbsp;</p>',0,1581931111,1582639410,NULL,50),(40,'新建商品',98,'http://tangzhe123-com.oss-cn-shenzhen.aliyuncs.com/public/5e4569b5ebf36.jpg',5,0,0,0.06,30.00,'新建商品','元',100,1,0,1,1,1,1,NULL,'<p>啦啦啦啦&nbsp;<img src=\"http://tangzhe123-com.oss-cn-shenzhen.aliyuncs.com/public/5e4e67226c3b9.jpg\" />&nbsp;</p>',0,1581931146,1582469270,1582469270,50),(41,'帝莎新手机',177,'http://tangzhe123-com.oss-cn-shenzhen.aliyuncs.com/public/5e4cef1b1a764.jpg',5,0,0,1000.00,3000.00,'帝莎新手机','部',100,10,1,0,1,1,0,'{\"oprice\":10,\"pprice\":0,\"cprice\":0,\"weight\":0,\"volume\":0}',NULL,0,1970,1582627471,1582627471,50),(42,'这是一个测试商品标题',98,'http://tangzhe123-com.oss-cn-shenzhen.aliyuncs.com/public/5e53654fe92e5.jpg',5,0,0,420452.00,42452.00,'描述描述描述描述','位',1414,1414,0,1,0,1,0,NULL,NULL,0,1582644271,1582644271,NULL,50);
/*!40000 ALTER TABLE `goods` ENABLE KEYS */;
UNLOCK TABLES;

--
-- Table structure for table `goods_attrs`
--

DROP TABLE IF EXISTS `goods_attrs`;
/*!40101 SET @saved_cs_client     = @@character_set_client */;
/*!40101 SET character_set_client = utf8 */;
CREATE TABLE `goods_attrs` (
  `id` int(11) NOT NULL AUTO_INCREMENT,
  `goods_id` int(11) DEFAULT '0' COMMENT '商品id',
  `order` int(11) DEFAULT '50' COMMENT '排序',
  `value` varchar(100) DEFAULT NULL COMMENT '属性值',
  `name` varchar(100) DEFAULT NULL COMMENT '商品类型属性名称',
  `default` varchar(255) DEFAULT NULL,
  `type` varchar(10) DEFAULT 'input' COMMENT '表单类型',
  PRIMARY KEY (`id`),
  KEY `goods_attrs_ibfk_1` (`goods_id`),
  CONSTRAINT `goods_attrs_ibfk_1` FOREIGN KEY (`goods_id`) REFERENCES `goods` (`id`) ON DELETE CASCADE ON UPDATE CASCADE
) ENGINE=InnoDB AUTO_INCREMENT=50 DEFAULT CHARSET=utf8;
/*!40101 SET character_set_client = @saved_cs_client */;

--
-- Dumping data for table `goods_attrs`
--

LOCK TABLES `goods_attrs` WRITE;
/*!40000 ALTER TABLE `goods_attrs` DISABLE KEYS */;
INSERT INTO `goods_attrs` VALUES (3,25,50,'蛟龙845八核','CPU','默认值','0'),(4,25,50,'蛟龙845八核','CPU','默认值','0'),(5,26,50,'蛟龙845八核','CPU','默认值','0'),(6,26,50,'蛟龙845八核','CPU','默认值','0'),(7,27,50,'蛟龙845八核','CPU','默认值','0'),(8,27,50,'蛟龙845八核','CPU','默认值','0'),(9,28,50,'蛟龙845八核','CPU','默认值','0'),(10,28,50,'蛟龙845八核','CPU','默认值','0'),(11,29,50,'蛟龙845八核','CPU','默认值','0'),(12,29,50,'蛟龙845八核','CPU','默认值','0'),(13,25,50,'蛟龙845八核','CPU','默认值','0'),(14,25,50,'蛟龙845八核','CPU','默认值','0'),(15,25,50,'蛟龙845八核','CPU','默认值','0'),(16,25,50,'蛟龙845八核','CPU','默认值','0'),(21,40,50,'1346789','品牌','','input'),(22,40,50,'塑料','材质','皮质,塑料','radio'),(34,39,50,'123','品牌',NULL,'input'),(35,39,50,'钢铁','材料','塑料,钢铁','radio'),(36,39,50,'XL','尺寸','X,XL,XXL','radio'),(37,39,50,NULL,'颜色','红色,黑色,白色,蓝色','checkbox'),(42,38,50,'123','品牌',NULL,'input'),(43,38,50,'塑料','材料','塑料,钢铁','radio'),(44,38,50,'XL','尺寸','X,XL,XXL','radio'),(45,38,50,'白色,黑色','颜色','红色,黑色,白色,蓝色','checkbox'),(46,42,50,'12312','品牌',NULL,'input'),(47,42,50,'塑料','材料','塑料,钢铁','radio'),(48,42,50,'XL','尺寸','X,XL,XXL','radio'),(49,42,50,'蓝色,白色','颜色','红色,黑色,白色,蓝色','checkbox');
/*!40000 ALTER TABLE `goods_attrs` ENABLE KEYS */;
UNLOCK TABLES;

--
-- Table structure for table `goods_banner`
--

DROP TABLE IF EXISTS `goods_banner`;
/*!40101 SET @saved_cs_client     = @@character_set_client */;
/*!40101 SET character_set_client = utf8 */;
CREATE TABLE `goods_banner` (
  `id` int(11) NOT NULL AUTO_INCREMENT,
  `goods_id` int(11) DEFAULT NULL,
  `url` varchar(255) DEFAULT NULL,
  `create_time` int(11) DEFAULT NULL,
  `update_time` int(11) DEFAULT NULL,
  PRIMARY KEY (`id`),
  KEY `goods_id` (`goods_id`),
  CONSTRAINT `goods_banner_ibfk_1` FOREIGN KEY (`goods_id`) REFERENCES `goods` (`id`) ON DELETE CASCADE ON UPDATE NO ACTION
) ENGINE=InnoDB AUTO_INCREMENT=78 DEFAULT CHARSET=utf8;
/*!40101 SET character_set_client = @saved_cs_client */;

--
-- Dumping data for table `goods_banner`
--

LOCK TABLES `goods_banner` WRITE;
/*!40000 ALTER TABLE `goods_banner` DISABLE KEYS */;
INSERT INTO `goods_banner` VALUES (1,25,'http://tangzhe123-com.oss-cn-shenzhen.aliyuncs.com/public/5d883bf4ef8b9.jpg',1569218125,1569218125),(2,25,'http://tangzhe123-com.oss-cn-shenzhen.aliyuncs.com/public/5d883bf57e4e2.jpg',1569218125,1569218125),(3,25,'http://tangzhe123-com.oss-cn-shenzhen.aliyuncs.com/public/5d883bf595892.jpg',1569218125,1569218125),(4,25,'http://tangzhe123-com.oss-cn-shenzhen.aliyuncs.com/public/5d883bf5ac315.jpg',1569218125,1569218125),(5,26,'http://tangzhe123-com.oss-cn-shenzhen.aliyuncs.com/public/5d883bf4ef8b9.jpg',1569218125,1569218125),(6,26,'http://tangzhe123-com.oss-cn-shenzhen.aliyuncs.com/public/5d883bf57e4e2.jpg',1569218125,1569218125),(7,26,'http://tangzhe123-com.oss-cn-shenzhen.aliyuncs.com/public/5d883bf595892.jpg',1569218125,1569218125),(8,26,'http://tangzhe123-com.oss-cn-shenzhen.aliyuncs.com/public/5d883bf5ac315.jpg',1569218125,1569218125),(9,27,'http://tangzhe123-com.oss-cn-shenzhen.aliyuncs.com/public/5d883bf4ef8b9.jpg',1569218125,1569218125),(10,27,'http://tangzhe123-com.oss-cn-shenzhen.aliyuncs.com/public/5d883bf57e4e2.jpg',1569218125,1569218125),(11,27,'http://tangzhe123-com.oss-cn-shenzhen.aliyuncs.com/public/5d883bf595892.jpg',1569218125,1569218125),(12,27,'http://tangzhe123-com.oss-cn-shenzhen.aliyuncs.com/public/5d883bf5ac315.jpg',1569218125,1569218125),(13,28,'http://tangzhe123-com.oss-cn-shenzhen.aliyuncs.com/public/5d883bf4ef8b9.jpg',1569218125,1569218125),(14,28,'http://tangzhe123-com.oss-cn-shenzhen.aliyuncs.com/public/5d883bf57e4e2.jpg',1569218125,1569218125),(15,28,'http://tangzhe123-com.oss-cn-shenzhen.aliyuncs.com/public/5d883bf595892.jpg',1569218125,1569218125),(16,28,'http://tangzhe123-com.oss-cn-shenzhen.aliyuncs.com/public/5d883bf5ac315.jpg',1569218125,1569218125),(17,29,'http://tangzhe123-com.oss-cn-shenzhen.aliyuncs.com/public/5d883bf4ef8b9.jpg',1569218125,1569218125),(18,29,'http://tangzhe123-com.oss-cn-shenzhen.aliyuncs.com/public/5d883bf57e4e2.jpg',1569218125,1569218125),(19,29,'http://tangzhe123-com.oss-cn-shenzhen.aliyuncs.com/public/5d883bf595892.jpg',1569218125,1569218125),(20,29,'http://tangzhe123-com.oss-cn-shenzhen.aliyuncs.com/public/5d883bf5ac315.jpg',1569218125,1569218125),(21,30,'http://tangzhe123-com.oss-cn-shenzhen.aliyuncs.com/public/5d883bf5ac315.jpg',1569218125,1569218125),(22,30,'http://tangzhe123-com.oss-cn-shenzhen.aliyuncs.com/public/5d883bf595892.jpg',1569218125,1569218125),(35,40,'http://tangzhe123-com.oss-cn-shenzhen.aliyuncs.com/public/5e4569b5ebf36.jpg',1581936333,1581936333),(36,40,'http://tangzhe123-com.oss-cn-shenzhen.aliyuncs.com/public/5e4569b64bce6.jpg',1581936333,1581936333),(37,40,'http://tangzhe123-com.oss-cn-shenzhen.aliyuncs.com/public/5e4569b903a3f.jpg',1581936333,1581936333),(62,41,'http://tangzhe123-com.oss-cn-shenzhen.aliyuncs.com/public/5e4cecfd2232a.jpg',1582603436,1582603436),(63,41,'http://tangzhe123-com.oss-cn-shenzhen.aliyuncs.com/public/5e4cef1b1a764.jpg',1582603436,1582603436),(64,41,'http://tangzhe123-com.oss-cn-shenzhen.aliyuncs.com/public/5e53646f8fa4d.png',1582603436,1582603436),(65,41,'http://tangzhe123-com.oss-cn-shenzhen.aliyuncs.com/public/5e5363fa0f1e4.png',1582603436,1582603436),(72,39,'http://tangzhe123-com.oss-cn-shenzhen.aliyuncs.com/public/5e4cecfd2232a.jpg',1582641603,1582641603),(73,39,'http://tangzhe123-com.oss-cn-shenzhen.aliyuncs.com/public/5e4cef1b1a764.jpg',1582641603,1582641603),(74,37,'http://tangzhe123-com.oss-cn-shenzhen.aliyuncs.com/public/5e4cecfd2232a.jpg',1582642112,1582642112),(75,37,'http://tangzhe123-com.oss-cn-shenzhen.aliyuncs.com/public/5e4cef1b1a764.jpg',1582642112,1582642112),(76,37,'http://tangzhe123-com.oss-cn-shenzhen.aliyuncs.com/public/5e5363753e197.png',1582642112,1582642112),(77,37,'http://tangzhe123-com.oss-cn-shenzhen.aliyuncs.com/public/5e4cef1fd6408.jpg',1582642112,1582642112);
/*!40000 ALTER TABLE `goods_banner` ENABLE KEYS */;
UNLOCK TABLES;

--
-- Table structure for table `goods_skus`
--

DROP TABLE IF EXISTS `goods_skus`;
/*!40101 SET @saved_cs_client     = @@character_set_client */;
/*!40101 SET character_set_client = utf8 */;
CREATE TABLE `goods_skus` (
  `id` int(11) NOT NULL AUTO_INCREMENT,
  `image` varchar(255) DEFAULT NULL,
  `pprice` decimal(10,2) DEFAULT NULL,
  `oprice` decimal(10,2) DEFAULT NULL,
  `cprice` decimal(10,2) DEFAULT NULL,
  `stock` int(255) DEFAULT '0' COMMENT '库存',
  `volume` float(255,0) DEFAULT '0' COMMENT '体积',
  `weight` float DEFAULT '0' COMMENT '体重',
  `code` varchar(50) DEFAULT NULL COMMENT '编码',
  `goods_id` int(11) DEFAULT NULL,
  `skus` varchar(255) DEFAULT NULL COMMENT '对应sku的id组合',
  PRIMARY KEY (`id`),
  KEY `goods_id` (`goods_id`),
  CONSTRAINT `goods_skus_ibfk_1` FOREIGN KEY (`goods_id`) REFERENCES `goods` (`id`) ON DELETE CASCADE ON UPDATE NO ACTION
) ENGINE=InnoDB AUTO_INCREMENT=30 DEFAULT CHARSET=utf8;
/*!40101 SET character_set_client = @saved_cs_client */;

--
-- Dumping data for table `goods_skus`
--

LOCK TABLES `goods_skus` WRITE;
/*!40000 ALTER TABLE `goods_skus` DISABLE KEYS */;
INSERT INTO `goods_skus` VALUES (2,'',0.50,2.00,10.00,72,5,6,'666',25,'{\"0\":{\"goods_skus_card_id\":1,\"id\":1,\"name\":\"\\u989c\\u8272\",\"value\":\"\\u9ec4\\u8272\"},\"1\":{\"goods_skus_card_id\":2,\"id\":5,\"name\":\"\\u5957\\u9910\",\"value\":\"\\u6807\\u914d\"}}'),(3,'',0.01,2.00,3.00,95,5,6,'666',26,'{\"0\":{\"goods_skus_card_id\":1,\"id\":1,\"name\":\"\\u989c\\u8272\",\"value\":\"\\u9ec4\\u8272\"}}'),(4,'',0.01,2.00,3.00,7,5,6,'666',27,'{\"0\":{\"goods_skus_card_id\":1,\"id\":1,\"name\":\"\\u989c\\u8272\",\"value\":\"\\u9ec4\\u8272\"}}'),(6,'',0.01,2.00,3.00,2,5,6,'666',29,'{\"0\":{\"goods_skus_card_id\":1,\"id\":1,\"name\":\"\\u989c\\u8272\",\"value\":\"\\u9ec4\\u8272\"}}'),(7,'',0.06,2.00,11.00,20,5,6,'666',25,'{\"0\":{\"goods_skus_card_id\":1,\"id\":1,\"name\":\"\\u989c\\u8272\",\"value\":\"\\u9ec4\\u8272\"},\"1\":{\"goods_skus_card_id\":2,\"id\":6,\"name\":\"\\u5957\\u9910\",\"value\":\"\\u5957\\u9910\\u4e00\"}}'),(8,'',0.07,2.00,12.00,6,5,6,'666',25,'{\"0\":{\"goods_skus_card_id\":1,\"id\":2,\"name\":\"\\u989c\\u8272\",\"value\":\"\\u7eff\\u8272\"},\"1\":{\"goods_skus_card_id\":2,\"id\":5,\"name\":\"\\u5957\\u9910\",\"value\":\"\\u6807\\u914d\"}}'),(9,'',0.10,2.00,12.00,20,5,6,'666',25,'{\"0\":{\"goods_skus_card_id\":1,\"id\":2,\"name\":\"\\u989c\\u8272\",\"value\":\"\\u7eff\\u8272\"},\"1\":{\"goods_skus_card_id\":2,\"id\":6,\"name\":\"\\u5957\\u9910\",\"value\":\"\\u5957\\u9910\\u4e00\"}}'),(10,'',0.01,2.00,3.00,3,5,6,'666',26,'{\"0\":{\"goods_skus_card_id\":1,\"id\":1,\"name\":\"\\u989c\\u8272\",\"value\":\"\\u7eff\\u8272\"}}'),(11,'',0.01,2.00,3.00,7,5,6,'666',27,'{\"0\":{\"goods_skus_card_id\":1,\"id\":1,\"name\":\"\\u989c\\u8272\",\"value\":\"\\u7eff\\u8272\"}}'),(12,'',0.01,2.00,3.00,3,5,6,'666',29,'{\"0\":{\"goods_skus_card_id\":1,\"id\":1,\"name\":\"\\u989c\\u8272\",\"value\":\"\\u7eff\\u8272\"}}'),(13,'',0.01,2.00,3.00,3,5,6,'666',28,'{\"0\":{\"goods_skus_card_id\":1,\"id\":1,\"name\":\"\\u989c\\u8272\",\"value\":\"\\u9ec4\\u8272\"}}'),(14,'',0.01,2.00,3.00,0,5,6,'666',28,'{\"0\":{\"goods_skus_card_id\":1,\"id\":1,\"name\":\"\\u989c\\u8272\",\"value\":\"\\u7eff\\u8272\"}}');
/*!40000 ALTER TABLE `goods_skus` ENABLE KEYS */;
UNLOCK TABLES;

--
-- Table structure for table `goods_skus_card`
--

DROP TABLE IF EXISTS `goods_skus_card`;
/*!40101 SET @saved_cs_client     = @@character_set_client */;
/*!40101 SET character_set_client = utf8 */;
CREATE TABLE `goods_skus_card` (
  `id` int(11) NOT NULL AUTO_INCREMENT,
  `goods_id` int(11) DEFAULT NULL,
  `name` varchar(50) DEFAULT NULL COMMENT '商品属性卡片值',
  `type` tinyint(1) DEFAULT '0' COMMENT '商品属性卡片属性类型 0无 1颜色 2图片',
  `order` int(11) DEFAULT '50' COMMENT '排序',
  PRIMARY KEY (`id`),
  KEY `goods_skus_card_ibfk_1` (`goods_id`)
) ENGINE=InnoDB AUTO_INCREMENT=27 DEFAULT CHARSET=utf8;
/*!40101 SET character_set_client = @saved_cs_client */;

--
-- Dumping data for table `goods_skus_card`
--

LOCK TABLES `goods_skus_card` WRITE;
/*!40000 ALTER TABLE `goods_skus_card` DISABLE KEYS */;
INSERT INTO `goods_skus_card` VALUES (1,25,'颜色',0,50),(2,25,'套餐',0,50),(3,26,'颜色',0,50);
/*!40000 ALTER TABLE `goods_skus_card` ENABLE KEYS */;
UNLOCK TABLES;

--
-- Table structure for table `goods_skus_card_value`
--

DROP TABLE IF EXISTS `goods_skus_card_value`;
/*!40101 SET @saved_cs_client     = @@character_set_client */;
/*!40101 SET character_set_client = utf8 */;
CREATE TABLE `goods_skus_card_value` (
  `id` int(11) NOT NULL AUTO_INCREMENT,
  `goods_skus_card_id` int(11) DEFAULT NULL COMMENT '商品规格卡片id',
  `name` varchar(10) DEFAULT NULL COMMENT '值',
  `value` varchar(255) DEFAULT NULL COMMENT '扩展值',
  `order` int(11) DEFAULT '50' COMMENT '排序',
  PRIMARY KEY (`id`),
  KEY `goods_skus_card_id` (`goods_skus_card_id`),
  CONSTRAINT `goods_skus_card_value_ibfk_1` FOREIGN KEY (`goods_skus_card_id`) REFERENCES `goods_skus_card` (`id`) ON DELETE CASCADE ON UPDATE NO ACTION
) ENGINE=InnoDB AUTO_INCREMENT=48 DEFAULT CHARSET=utf8;
/*!40101 SET character_set_client = @saved_cs_client */;

--
-- Dumping data for table `goods_skus_card_value`
--

LOCK TABLES `goods_skus_card_value` WRITE;
/*!40000 ALTER TABLE `goods_skus_card_value` DISABLE KEYS */;
INSERT INTO `goods_skus_card_value` VALUES (1,1,'颜色','黄色',50),(2,1,'颜色','绿色',50),(5,2,'套餐','标配',50),(6,2,'套餐','套餐一',50),(7,3,'颜色','黄色',50),(11,3,'颜色','绿色',50);
/*!40000 ALTER TABLE `goods_skus_card_value` ENABLE KEYS */;
UNLOCK TABLES;

--
-- Table structure for table `goods_type`
--

DROP TABLE IF EXISTS `goods_type`;
/*!40101 SET @saved_cs_client     = @@character_set_client */;
/*!40101 SET character_set_client = utf8 */;
CREATE TABLE `goods_type` (
  `id` int(11) NOT NULL AUTO_INCREMENT,
  `name` varchar(20) DEFAULT NULL,
  `order` int(11) DEFAULT '50',
  `status` tinyint(1) DEFAULT '1' COMMENT '状态：0禁用1启用',
  `create_time` int(11) DEFAULT NULL,
  `update_time` int(11) DEFAULT NULL,
  PRIMARY KEY (`id`)
) ENGINE=InnoDB AUTO_INCREMENT=79 DEFAULT CHARSET=utf8;
/*!40101 SET character_set_client = @saved_cs_client */;

--
-- Dumping data for table `goods_type`
--

LOCK TABLES `goods_type` WRITE;
/*!40000 ALTER TABLE `goods_type` DISABLE KEYS */;
INSERT INTO `goods_type` VALUES (68,'鞋子',50,1,1970,1582635889),(69,'单选组测试 ',50,1,1970,1582637088),(71,'类名',50,0,1970,2020),(72,'类型名称',50,1,2020,1582623191),(74,'新类型',50,1,2020,1582623189),(76,'内衣',50,1,1582635339,1582635339),(77,'内衣2',50,1,1582635831,1582635831),(78,'多选给测试',50,1,2020,2020);
/*!40000 ALTER TABLE `goods_type` ENABLE KEYS */;
UNLOCK TABLES;

--
-- Table structure for table `goods_type_value`
--

DROP TABLE IF EXISTS `goods_type_value`;
/*!40101 SET @saved_cs_client     = @@character_set_client */;
/*!40101 SET character_set_client = utf8 */;
CREATE TABLE `goods_type_value` (
  `id` int(11) NOT NULL AUTO_INCREMENT,
  `name` varchar(20) DEFAULT NULL COMMENT '商品类型属性名称',
  `order` int(255) DEFAULT '50' COMMENT '排序',
  `type` enum('input','radio','checkbox','') DEFAULT 'input' COMMENT '表单类型',
  `status` tinyint(1) DEFAULT '1' COMMENT '状态：0禁止1开启',
  `default` varchar(255) DEFAULT NULL COMMENT '默认值/选项值',
  `goods_type_id` int(11) DEFAULT NULL COMMENT '商品类型id',
  PRIMARY KEY (`id`),
  KEY `goods_type_id` (`goods_type_id`)
) ENGINE=InnoDB AUTO_INCREMENT=196 DEFAULT CHARSET=utf8;
/*!40101 SET character_set_client = @saved_cs_client */;

--
-- Dumping data for table `goods_type_value`
--

LOCK TABLES `goods_type_value` WRITE;
/*!40000 ALTER TABLE `goods_type_value` DISABLE KEYS */;
INSERT INTO `goods_type_value` VALUES (37,'3333',50,'input',0,NULL,28),(38,'111',50,'radio',0,'111,222,333',29),(39,'444',50,'radio',0,'4444,5555,6666',30),(40,'44',50,'radio',0,'555,555,555',31),(41,'2542',50,'radio',0,'2452,254254',32),(58,'品牌',50,'radio',1,'阿迪,耐克,李宁',36),(59,'材质',50,'input',1,NULL,36),(60,'风格',50,'input',1,NULL,36),(63,'考虑',50,'input',1,NULL,39),(64,'还能',50,'radio',1,'1,2',39),(99,'会员',50,'input',0,NULL,42),(100,'凡人歌',50,'checkbox',0,'5,2,1',42),(110,'222',50,'input',1,NULL,46),(111,'5435435',50,'input',1,NULL,46),(112,'大',50,'input',0,NULL,46),(114,'材料',50,'input',1,NULL,49),(115,'皮质',51,'radio',1,'1,2,3',49),(124,'1',50,'input',0,NULL,55),(125,'2',50,'input',0,NULL,55),(126,'3',50,'input',0,NULL,55),(145,'属性',50,'radio',0,'属性1,属性2,属性3',59),(146,'编号 ',50,'input',0,NULL,59),(147,'1',50,'radio',1,'1,2,3',61),(150,'测试1',50,'radio',1,'1,2,3,4',62),(151,'测试2',50,'checkbox',1,'4,3,2,1',62),(154,'测试1',50,'radio',1,'1,2,3,4',63),(155,'测试2',50,'input',1,NULL,63),(161,'o',50,'input',0,NULL,65),(162,'ppp',50,'input',0,NULL,66),(174,'属性名',50,'radio',1,NULL,74),(175,'属性名1',50,'input',0,NULL,72),(176,'属性名2',50,'radio',0,'1,2,3',72),(179,'属性1',50,'input',1,NULL,71),(180,'属性2',50,'radio',1,'1,2',71),(183,'材料',50,'radio',1,'1,2',76),(184,'材料',50,'radio',1,'1,2',77),(185,'品牌',50,'input',1,'',68),(186,'材料',50,'radio',1,'塑料,钢铁',68),(187,'尺寸',50,'radio',1,'X,XL,XXL',68),(188,'颜色',50,'checkbox',1,'红色,黑色,白色,蓝色',68),(191,'多选组',50,'checkbox',1,'多选1,多选2,多选3',78),(192,'文本1',50,'input',1,NULL,78),(193,'文本2',50,'input',1,NULL,78),(194,'单选组',50,'radio',1,'组1,组2,组3',69),(195,'文本1',50,'input',1,NULL,69);
/*!40000 ALTER TABLE `goods_type_value` ENABLE KEYS */;
UNLOCK TABLES;

--
-- Table structure for table `image`
--

DROP TABLE IF EXISTS `image`;
/*!40101 SET @saved_cs_client     = @@character_set_client */;
/*!40101 SET character_set_client = utf8 */;
CREATE TABLE `image` (
  `id` int(11) NOT NULL AUTO_INCREMENT,
  `url` varchar(255) DEFAULT NULL,
  `name` varchar(50) DEFAULT NULL,
  `path` varchar(255) DEFAULT NULL,
  `create_time` int(11) DEFAULT NULL,
  `update_time` int(11) DEFAULT NULL,
  `image_class_id` int(11) DEFAULT NULL COMMENT '相册id',
  PRIMARY KEY (`id`)
) ENGINE=InnoDB AUTO_INCREMENT=188 DEFAULT CHARSET=utf8;
/*!40101 SET character_set_client = @saved_cs_client */;

--
-- Dumping data for table `image`
--

LOCK TABLES `image` WRITE;
/*!40000 ALTER TABLE `image` DISABLE KEYS */;
INSERT INTO `image` VALUES (68,'http://tangzhe123-com.oss-cn-shenzhen.aliyuncs.com/public/5e1ea97d97a8e.png','public/5e1ea97d97a8e.png','public/5e1ea97d97a8e.png',1579067776,1579067776,10),(75,'http://tangzhe123-com.oss-cn-shenzhen.aliyuncs.com/public/5e255f059d5c6.jpg','public/5e255f059d5c6.jpg','public/5e255f059d5c6.jpg',1579507461,1579507461,0),(84,'http://tangzhe123-com.oss-cn-shenzhen.aliyuncs.com/public/5e2c62e8c71bd.png','小米手机么.png','public/5e2c62e8c71bd.png',1579967208,1581691986,3),(91,'http://tangzhe123-com.oss-cn-shenzhen.aliyuncs.com/public/5e351e08dfb9a.jpg','public/5e351e08dfb9a.jpg','public/5e351e08dfb9a.jpg',1580539400,1580539400,19),(92,'http://tangzhe123-com.oss-cn-shenzhen.aliyuncs.com/public/5e351e188687b.jpg','public/5e351e188687b.jpg','public/5e351e188687b.jpg',1580539416,1580539416,19),(128,'http://tangzhe123-com.oss-cn-shenzhen.aliyuncs.com/public/5e3e4ae0d223c.png','public/5e3e4ae0d223c.png','public/5e3e4ae0d223c.png',1581140704,1581140704,0),(134,'http://tangzhe123-com.oss-cn-shenzhen.aliyuncs.com/public/5e42a03a2b19b.jpg','public/5e42a03a2b19b.jpg','public/5e42a03a2b19b.jpg',1581424698,1581424698,44),(135,'http://tangzhe123-com.oss-cn-shenzhen.aliyuncs.com/public/5e42a0482ea7f.jpg','public/5e42a0482ea7f.jpg','public/5e42a0482ea7f.jpg',1581424712,1581424712,44),(136,'http://tangzhe123-com.oss-cn-shenzhen.aliyuncs.com/public/5e42a04f0c8c3.jpg','public/5e42a04f0c8c3.jpg','public/5e42a04f0c8c3.jpg',1581424719,1581424719,44),(137,'http://tangzhe123-com.oss-cn-shenzhen.aliyuncs.com/public/5e42a188d0a10.jpg','public/5e42a188d0a10.jpg','public/5e42a188d0a10.jpg',1581425033,1581425033,44),(138,'http://tangzhe123-com.oss-cn-shenzhen.aliyuncs.com/public/5e42a188cf572.jpg','public/5e42a188cf572.jpg','public/5e42a188cf572.jpg',1581425033,1581425033,44),(139,'http://tangzhe123-com.oss-cn-shenzhen.aliyuncs.com/public/5e42a188e9acc.jpg','public/5e42a188e9acc.jpg','public/5e42a188e9acc.jpg',1581425037,1581425037,44),(149,'http://tangzhe123-com.oss-cn-shenzhen.aliyuncs.com/public/5e4569b5ebf36.jpg','public/5e4569b5ebf36.jpg','public/5e4569b5ebf36.jpg',1581607350,1581607350,5),(153,'http://tangzhe123-com.oss-cn-shenzhen.aliyuncs.com/public/5e4569b64bce6.jpg','public/5e4569b64bce6.jpg','public/5e4569b64bce6.jpg',1581607352,1581607352,5),(167,'http://tangzhe123-com.oss-cn-shenzhen.aliyuncs.com/public/5e48a3399168a.jpg','aaa','public/5e48a3399168a.jpg',1581818681,1581822566,4),(169,'http://tangzhe123-com.oss-cn-shenzhen.aliyuncs.com/public/5e4cecfd2232a.jpg','public/5e4cecfd2232a.jpg','public/5e4cecfd2232a.jpg',1582099709,1582099709,2),(170,'http://tangzhe123-com.oss-cn-shenzhen.aliyuncs.com/public/5e4cef1b1a764.jpg','门','public/5e4cef1b1a764.jpg',1582100252,1582370694,2),(171,'http://tangzhe123-com.oss-cn-shenzhen.aliyuncs.com/public/5e4cef1fd6408.jpg','红色警戒4','public/5e4cef1fd6408.jpg',1582100256,1582521057,2),(173,'http://tangzhe123-com.oss-cn-shenzhen.aliyuncs.com/public/5e4e67226c3b9.jpg','public/5e4e67226c3b9.jpg','public/5e4e67226c3b9.jpg',1582196514,1582196514,4),(174,'http://tangzhe123-com.oss-cn-shenzhen.aliyuncs.com/public/5e5141aac0b2c.jpg','public/5e5141aac0b2c.jpg','public/5e5141aac0b2c.jpg',1582383531,1582383531,69),(175,'http://tangzhe123-com.oss-cn-shenzhen.aliyuncs.com/public/5e5141aae6a99.jpg','public/5e5141aae6a99.jpg','public/5e5141aae6a99.jpg',1582383532,1582383532,69),(176,'http://tangzhe123-com.oss-cn-shenzhen.aliyuncs.com/public/5e5141ab4a8a6.jpg','public/5e5141ab4a8a6.jpg','public/5e5141ab4a8a6.jpg',1582383532,1582383532,69),(177,'http://tangzhe123-com.oss-cn-shenzhen.aliyuncs.com/public/5e5363753e197.png','public/5e5363753e197.png','public/5e5363753e197.png',1582523253,1582523253,2),(178,'http://tangzhe123-com.oss-cn-shenzhen.aliyuncs.com/public/5e5363fa0f1e4.png','public/5e5363fa0f1e4.png','public/5e5363fa0f1e4.png',1582523386,1582523386,2),(179,'http://tangzhe123-com.oss-cn-shenzhen.aliyuncs.com/public/5e53646f8fa4d.png','public/5e53646f8fa4d.png','public/5e53646f8fa4d.png',1582523503,1582523503,2),(180,'http://tangzhe123-com.oss-cn-shenzhen.aliyuncs.com/public/5e53654c53efc.jpg','public/5e53654c53efc.jpg','public/5e53654c53efc.jpg',1582523724,1582523724,2),(181,'http://tangzhe123-com.oss-cn-shenzhen.aliyuncs.com/public/5e53654e72a3a.jpg','public/5e53654e72a3a.jpg','public/5e53654e72a3a.jpg',1582523726,1582523726,2),(182,'http://tangzhe123-com.oss-cn-shenzhen.aliyuncs.com/public/5e53654fe92e5.jpg','public/5e53654fe92e5.jpg','public/5e53654fe92e5.jpg',1582523728,1582523728,2),(183,'http://tangzhe123-com.oss-cn-shenzhen.aliyuncs.com/public/5e5365513a7f3.jpg','public/5e5365513a7f3.jpg','public/5e5365513a7f3.jpg',1582523729,1582523729,2),(184,'http://tangzhe123-com.oss-cn-shenzhen.aliyuncs.com/public/5e5365538d6bd.jpg','public/5e5365538d6bd.jpg','public/5e5365538d6bd.jpg',1582523731,1582523731,2),(185,'http://tangzhe123-com.oss-cn-shenzhen.aliyuncs.com/public/5e5365ae8c45f.png','public/5e5365ae8c45f.png','public/5e5365ae8c45f.png',1582523822,1582523822,2),(186,'http://tangzhe123-com.oss-cn-shenzhen.aliyuncs.com/public/5e5366251a908.jpg','public/5e5366251a908.jpg','public/5e5366251a908.jpg',1582523941,1582523941,2),(187,'http://tangzhe123-com.oss-cn-shenzhen.aliyuncs.com/public/5e5368272db19.png','public/5e5368272db19.png','public/5e5368272db19.png',1582524455,1582524455,2);
/*!40000 ALTER TABLE `image` ENABLE KEYS */;
UNLOCK TABLES;

--
-- Table structure for table `image_class`
--

DROP TABLE IF EXISTS `image_class`;
/*!40101 SET @saved_cs_client     = @@character_set_client */;
/*!40101 SET character_set_client = utf8 */;
CREATE TABLE `image_class` (
  `id` int(11) NOT NULL AUTO_INCREMENT,
  `name` varchar(50) DEFAULT NULL,
  `order` int(11) DEFAULT '50',
  PRIMARY KEY (`id`)
) ENGINE=InnoDB AUTO_INCREMENT=70 DEFAULT CHARSET=utf8;
/*!40101 SET character_set_client = @saved_cs_client */;

--
-- Dumping data for table `image_class`
--

LOCK TABLES `image_class` WRITE;
/*!40000 ALTER TABLE `image_class` DISABLE KEYS */;
INSERT INTO `image_class` VALUES (2,'默认相册',100),(4,'商品详情7',50),(5,'商品轮播',5),(44,'王者荣耀',0),(45,'小米相册',1),(49,'相册一',0),(53,'新增的相册',1),(56,'oooooo',2),(69,'test',10);
/*!40000 ALTER TABLE `image_class` ENABLE KEYS */;
UNLOCK TABLES;

--
-- Table structure for table `manager`
--

DROP TABLE IF EXISTS `manager`;
/*!40101 SET @saved_cs_client     = @@character_set_client */;
/*!40101 SET character_set_client = utf8 */;
CREATE TABLE `manager` (
  `id` int(11) NOT NULL AUTO_INCREMENT COMMENT '主键',
  `status` tinyint(3) unsigned NOT NULL DEFAULT '1' COMMENT '0禁用1启用',
  `create_time` int(11) DEFAULT '0' COMMENT '创建时间',
  `update_time` int(11) DEFAULT '0' COMMENT '更新时间',
  `username` varchar(60) NOT NULL COMMENT '用户名',
  `password` varchar(255) NOT NULL COMMENT '密码',
  `avatar` varchar(255) DEFAULT NULL COMMENT '头像',
  `role_id` int(11) DEFAULT '0' COMMENT '角色id',
  `super` tinyint(1) NOT NULL DEFAULT '0' COMMENT '是否是超级管理员',
  PRIMARY KEY (`id`)
) ENGINE=InnoDB AUTO_INCREMENT=35 DEFAULT CHARSET=utf8;
/*!40101 SET character_set_client = @saved_cs_client */;

--
-- Dumping data for table `manager`
--

LOCK TABLES `manager` WRITE;
/*!40000 ALTER TABLE `manager` DISABLE KEYS */;
INSERT INTO `manager` VALUES (3,1,1564937867,1580835305,'admin','$2y$10$1s8i7cCKKibJzDs78parX.7hctJWaJCv86Tx/12OFVTEk8ksfv8NC','http://tangzhe123-com.oss-cn-shenzhen.aliyuncs.com/public/5e39862c67d41.jpg',2,1),(9,1,1564973630,1580835329,'admin22','$2y$10$Ajyg.6AwMaDsLKAlpVSeSeP6GuZnYHqyPhDfmRcbBLrtJmjMKlNqK','http://tangzhe123-com.oss-cn-shenzhen.aliyuncs.com/public/5e3984eea1b7b.png',3,0),(18,1,1581186796,1582215849,'admin66','$2y$10$uWQtK0.5PqIqsTkuuDdOveJvnEFR0KPApG4XXIobvOwQq90RYlmca','http://tangzhe123-com.oss-cn-shenzhen.aliyuncs.com/public/5e46b6b6e4474.jpg',9,0),(28,1,1582008825,1582272952,'ceshi','$2y$10$mIbe0ixSqUnb3Jc3eA7KZOmAHVXYWrTOzGUpFIwrpzUcpeDvbtlde','http://tangzhe123-com.oss-cn-shenzhen.aliyuncs.com/public/5e4cecfd2232a.jpg',9,0),(29,1,1582202571,1582628500,'admin11','$2y$10$hwXPYygppJd3moftHg9PauXUVPzYH3Tdx6cKjQsZ4y57cE922MnCi','http://tangzhe123-com.oss-cn-shenzhen.aliyuncs.com/public/5e42a188e9acc.jpg',9,0),(30,0,1582202656,1582202667,'admin88','$2y$10$NXo1XkORR1q7Wkf0rb1NTe6WTKzw8I//t1pTpuQaE5KH6W95qRPvi','http://tangzhe123-com.oss-cn-shenzhen.aliyuncs.com/public/5e4569b5ebf36.jpg',19,0),(31,1,1582215897,1582216007,'admin99','$2y$10$wzmnhwnSqyQvMKrx.Mm4O.ztjqFhjrhJC5JFKLrLDDzwDHWgjMUee','http://tangzhe123-com.oss-cn-shenzhen.aliyuncs.com/public/5e4cef1fd6408.jpg',3,0),(32,1,1582592813,1582616149,'xiaotimo','$2y$10$6Kg9bVEJv10Wxz4jZKwcHu9/ei3lTloK3Gq0lK4cU1EjiT8qc/1uu','http://tangzhe123-com.oss-cn-shenzhen.aliyuncs.com/public/5e42a188e9acc.jpg',2,0),(33,1,1582621656,1582629238,'laoyaoguai','$2y$10$OGT7OVNEU9zrY0N2WmoN6e8uXJmjX.zAmiEXYRLGgbmVMLG/2QDEO','http://tangzhe123-com.oss-cn-shenzhen.aliyuncs.com/public/5e4e67226c3b9.jpg',2,0);
/*!40000 ALTER TABLE `manager` ENABLE KEYS */;
UNLOCK TABLES;

--
-- Table structure for table `order`
--

DROP TABLE IF EXISTS `order`;
/*!40101 SET @saved_cs_client     = @@character_set_client */;
/*!40101 SET character_set_client = utf8 */;
CREATE TABLE `order` (
  `id` int(11) NOT NULL AUTO_INCREMENT,
  `no` varchar(255) DEFAULT NULL COMMENT '订单唯一流水号',
  `user_id` int(11) DEFAULT NULL,
  `address` text COMMENT '收货地址',
  `total_price` decimal(10,2) DEFAULT NULL COMMENT '订单总价格',
  `remark` varchar(255) DEFAULT NULL COMMENT '备注',
  `paid_time` int(11) DEFAULT NULL COMMENT '支付时间',
  `payment_method` varchar(255) DEFAULT NULL COMMENT '支付方式',
  `payment_no` varchar(255) DEFAULT NULL COMMENT '支付平台订单号',
  `refund_status` varchar(50) DEFAULT 'pending' COMMENT '退款状态',
  `refund_no` varchar(255) DEFAULT NULL COMMENT '退款单号',
  `closed` tinyint(1) DEFAULT '0' COMMENT '是否关闭',
  `ship_status` varchar(50) DEFAULT 'pending' COMMENT '物流状态',
  `ship_data` text COMMENT '物流数据',
  `extra` text COMMENT '额外数据',
  `create_time` int(11) DEFAULT NULL,
  `update_time` int(11) DEFAULT NULL,
  `reviewed` tinyint(1) DEFAULT '0' COMMENT '是否已评价',
  `coupon_user_id` int(11) DEFAULT '0' COMMENT '使用优惠券id',
  PRIMARY KEY (`id`),
  KEY `user_id` (`user_id`),
  CONSTRAINT `order_ibfk_1` FOREIGN KEY (`user_id`) REFERENCES `user` (`id`) ON DELETE CASCADE ON UPDATE NO ACTION
) ENGINE=InnoDB AUTO_INCREMENT=348 DEFAULT CHARSET=utf8;
/*!40101 SET character_set_client = @saved_cs_client */;

--
-- Dumping data for table `order`
--

LOCK TABLES `order` WRITE;
/*!40000 ALTER TABLE `order` DISABLE KEYS */;
INSERT INTO `order` VALUES (40,'20191211194940843714',3,'{\"id\":3,\"user_id\":3,\"province\":\"\\u5e7f\\u4e1c\\u7701\",\"city\":\"\\u5e7f\\u5dde\\u5e02\",\"district\":\"\\u8354\\u6e7e\\u533a\",\"address\":\"\\u9605\\u6c5f\\u897f\\u8def232\\u53f7\",\"zip\":0,\"name\":\"\\u5e05\\u54e5\\u5c0f\\u7c73\\u624b\\u673affyu\",\"phone\":\"13564568781\",\"last_used_time\":1576064980,\"create_time\":\"1970-01-01 08:32:50\",\"update_time\":\"2019-12-11 19:49:40\"}',5.00,'',NULL,NULL,NULL,'pending',NULL,1,'pending',NULL,NULL,1576064980,1576066780,0,0),(41,'20191211200415824708',3,'{\"id\":3,\"user_id\":3,\"province\":\"\\u5e7f\\u4e1c\\u7701\",\"city\":\"\\u5e7f\\u5dde\\u5e02\",\"district\":\"\\u8354\\u6e7e\\u533a\",\"address\":\"\\u9605\\u6c5f\\u897f\\u8def232\\u53f7\",\"zip\":0,\"name\":\"\\u5e05\\u54e5\\u5c0f\\u7c73\\u624b\\u673affyu\",\"phone\":\"13564568781\",\"last_used_time\":1576065855,\"create_time\":\"1970-01-01 08:32:50\",\"update_time\":\"2019-12-11 20:04:15\"}',1.00,'',NULL,NULL,NULL,'pending',NULL,1,'pending',NULL,NULL,1576065855,1576067656,0,0),(42,'20191211203331751828',3,'{\"id\":3,\"user_id\":3,\"province\":\"\\u5e7f\\u4e1c\\u7701\",\"city\":\"\\u5e7f\\u5dde\\u5e02\",\"district\":\"\\u8354\\u6e7e\\u533a\",\"address\":\"\\u9605\\u6c5f\\u897f\\u8def232\\u53f7\",\"zip\":0,\"name\":\"\\u5e05\\u54e5\\u5c0f\\u7c73\\u624b\\u673affyu\",\"phone\":\"13564568781\",\"last_used_time\":1576067611,\"create_time\":\"1970-01-01 08:32:50\",\"update_time\":\"2019-12-11 20:33:31\"}',5.00,'',NULL,NULL,NULL,'pending',NULL,1,'pending',NULL,NULL,1576067611,1576069412,0,0),(43,'20191211203710744100',3,'{\"id\":3,\"user_id\":3,\"province\":\"\\u5e7f\\u4e1c\\u7701\",\"city\":\"\\u5e7f\\u5dde\\u5e02\",\"district\":\"\\u8354\\u6e7e\\u533a\",\"address\":\"\\u9605\\u6c5f\\u897f\\u8def232\\u53f7\",\"zip\":0,\"name\":\"\\u5e05\\u54e5\\u5c0f\\u7c73\\u624b\\u673affyu\",\"phone\":\"13564568781\",\"last_used_time\":1576067830,\"create_time\":\"1970-01-01 08:32:50\",\"update_time\":\"2019-12-11 20:37:10\"}',7.00,'',NULL,NULL,NULL,'pending',NULL,1,'pending',NULL,NULL,1576067830,1576069631,0,0),(44,'20191211203819409921',3,'{\"id\":3,\"user_id\":3,\"province\":\"\\u5e7f\\u4e1c\\u7701\",\"city\":\"\\u5e7f\\u5dde\\u5e02\",\"district\":\"\\u8354\\u6e7e\\u533a\",\"address\":\"\\u9605\\u6c5f\\u897f\\u8def232\\u53f7\",\"zip\":0,\"name\":\"\\u5e05\\u54e5\\u5c0f\\u7c73\\u624b\\u673affyu\",\"phone\":\"13564568781\",\"last_used_time\":1576067899,\"create_time\":\"1970-01-01 08:32:50\",\"update_time\":\"2019-12-11 20:38:19\"}',7.00,'',NULL,NULL,NULL,'pending',NULL,1,'pending',NULL,NULL,1576067899,1576069700,0,0),(45,'20191211205221867856',3,'{\"id\":3,\"user_id\":3,\"province\":\"\\u5e7f\\u4e1c\\u7701\",\"city\":\"\\u5e7f\\u5dde\\u5e02\",\"district\":\"\\u8354\\u6e7e\\u533a\",\"address\":\"\\u9605\\u6c5f\\u897f\\u8def232\\u53f7\",\"zip\":0,\"name\":\"\\u5e05\\u54e5\\u5c0f\\u7c73\\u624b\\u673affyu\",\"phone\":\"13564568781\",\"last_used_time\":1576068741,\"create_time\":\"1970-01-01 08:32:50\",\"update_time\":\"2019-12-11 20:52:21\"}',7.00,'',NULL,NULL,NULL,'pending',NULL,1,'pending',NULL,NULL,1576068741,1576070543,0,0),(46,'20191211205454858200',3,'{\"id\":3,\"user_id\":3,\"province\":\"\\u5e7f\\u4e1c\\u7701\",\"city\":\"\\u5e7f\\u5dde\\u5e02\",\"district\":\"\\u8354\\u6e7e\\u533a\",\"address\":\"\\u9605\\u6c5f\\u897f\\u8def232\\u53f7\",\"zip\":0,\"name\":\"\\u5e05\\u54e5\\u5c0f\\u7c73\\u624b\\u673affyu\",\"phone\":\"13564568781\",\"last_used_time\":1576068894,\"create_time\":\"1970-01-01 08:32:50\",\"update_time\":\"2019-12-11 20:54:54\"}',7.00,'',NULL,NULL,NULL,'pending',NULL,1,'pending',NULL,NULL,1576068894,1576070696,0,0),(47,'20191211205837176386',3,'{\"id\":3,\"user_id\":3,\"province\":\"\\u5e7f\\u4e1c\\u7701\",\"city\":\"\\u5e7f\\u5dde\\u5e02\",\"district\":\"\\u8354\\u6e7e\\u533a\",\"address\":\"\\u9605\\u6c5f\\u897f\\u8def232\\u53f7\",\"zip\":0,\"name\":\"\\u5e05\\u54e5\\u5c0f\\u7c73\\u624b\\u673affyu\",\"phone\":\"13564568781\",\"last_used_time\":1576069117,\"create_time\":\"1970-01-01 08:32:50\",\"update_time\":\"2019-12-11 20:58:37\"}',1.00,'',NULL,NULL,NULL,'pending',NULL,1,'pending',NULL,NULL,1576069117,1576070919,0,0),(48,'20191211213930409619',3,'{\"id\":3,\"user_id\":3,\"province\":\"\\u5e7f\\u4e1c\\u7701\",\"city\":\"\\u5e7f\\u5dde\\u5e02\",\"district\":\"\\u8354\\u6e7e\\u533a\",\"address\":\"\\u9605\\u6c5f\\u897f\\u8def232\\u53f7\",\"zip\":0,\"name\":\"\\u5e05\\u54e5\\u5c0f\\u7c73\\u624b\\u673affyu\",\"phone\":\"13564568781\",\"last_used_time\":1576071570,\"create_time\":\"1970-01-01 08:32:50\",\"update_time\":\"2019-12-11 21:39:30\"}',5.00,'',NULL,NULL,NULL,'pending',NULL,1,'pending',NULL,NULL,1576071570,1576073370,0,0),(49,'20191211214120973941',3,'{\"id\":3,\"user_id\":3,\"province\":\"\\u5e7f\\u4e1c\\u7701\",\"city\":\"\\u5e7f\\u5dde\\u5e02\",\"district\":\"\\u8354\\u6e7e\\u533a\",\"address\":\"\\u9605\\u6c5f\\u897f\\u8def232\\u53f7\",\"zip\":0,\"name\":\"\\u5e05\\u54e5\\u5c0f\\u7c73\\u624b\\u673affyu\",\"phone\":\"13564568781\",\"last_used_time\":1576071680,\"create_time\":\"1970-01-01 08:32:50\",\"update_time\":\"2019-12-11 21:41:20\"}',14.00,'',NULL,NULL,NULL,'pending',NULL,1,'pending',NULL,NULL,1576071680,1576073481,0,0),(50,'20191211215016177058',3,'{\"id\":3,\"user_id\":3,\"province\":\"\\u5e7f\\u4e1c\\u7701\",\"city\":\"\\u5e7f\\u5dde\\u5e02\",\"district\":\"\\u8354\\u6e7e\\u533a\",\"address\":\"\\u9605\\u6c5f\\u897f\\u8def232\\u53f7\",\"zip\":0,\"name\":\"\\u5e05\\u54e5\\u5c0f\\u7c73\\u624b\\u673affyu\",\"phone\":\"13564568781\",\"last_used_time\":1576072216,\"create_time\":\"1970-01-01 08:32:50\",\"update_time\":\"2019-12-11 21:50:16\"}',7.00,'',NULL,NULL,NULL,'pending',NULL,1,'pending',NULL,NULL,1576072216,1576074016,0,0),(51,'20191211215949431861',3,'{\"id\":3,\"user_id\":3,\"province\":\"\\u5e7f\\u4e1c\\u7701\",\"city\":\"\\u5e7f\\u5dde\\u5e02\",\"district\":\"\\u8354\\u6e7e\\u533a\",\"address\":\"\\u9605\\u6c5f\\u897f\\u8def232\\u53f7\",\"zip\":0,\"name\":\"\\u5e05\\u54e5\\u5c0f\\u7c73\\u624b\\u673affyu\",\"phone\":\"13564568781\",\"last_used_time\":1576072789,\"create_time\":\"1970-01-01 08:32:50\",\"update_time\":\"2019-12-11 21:59:49\"}',7.00,'',NULL,NULL,NULL,'pending',NULL,1,'pending',NULL,NULL,1576072789,1576074589,0,0),(52,'20191211220721649278',3,'{\"id\":3,\"user_id\":3,\"province\":\"\\u5e7f\\u4e1c\\u7701\",\"city\":\"\\u5e7f\\u5dde\\u5e02\",\"district\":\"\\u8354\\u6e7e\\u533a\",\"address\":\"\\u9605\\u6c5f\\u897f\\u8def232\\u53f7\",\"zip\":0,\"name\":\"\\u5e05\\u54e5\\u5c0f\\u7c73\\u624b\\u673affyu\",\"phone\":\"13564568781\",\"last_used_time\":1576073241,\"create_time\":\"1970-01-01 08:32:50\",\"update_time\":\"2019-12-11 22:07:21\"}',1.00,'',NULL,NULL,NULL,'pending',NULL,1,'pending',NULL,NULL,1576073241,1576075042,0,0),(53,'20191211220821229729',3,'{\"id\":3,\"user_id\":3,\"province\":\"\\u5e7f\\u4e1c\\u7701\",\"city\":\"\\u5e7f\\u5dde\\u5e02\",\"district\":\"\\u8354\\u6e7e\\u533a\",\"address\":\"\\u9605\\u6c5f\\u897f\\u8def232\\u53f7\",\"zip\":0,\"name\":\"\\u5e05\\u54e5\\u5c0f\\u7c73\\u624b\\u673affyu\",\"phone\":\"13564568781\",\"last_used_time\":1576073301,\"create_time\":\"1970-01-01 08:32:50\",\"update_time\":\"2019-12-11 22:08:21\"}',1.00,'',NULL,NULL,NULL,'pending',NULL,1,'pending',NULL,NULL,1576073301,1576075102,0,0),(54,'20191211221639632512',3,'{\"id\":3,\"user_id\":3,\"province\":\"\\u5e7f\\u4e1c\\u7701\",\"city\":\"\\u5e7f\\u5dde\\u5e02\",\"district\":\"\\u8354\\u6e7e\\u533a\",\"address\":\"\\u9605\\u6c5f\\u897f\\u8def232\\u53f7\",\"zip\":0,\"name\":\"\\u5e05\\u54e5\\u5c0f\\u7c73\\u624b\\u673affyu\",\"phone\":\"13564568781\",\"last_used_time\":1576073799,\"create_time\":\"1970-01-01 08:32:50\",\"update_time\":\"2019-12-11 22:16:39\"}',5.00,'',NULL,NULL,NULL,'pending',NULL,1,'pending',NULL,NULL,1576073799,1576075600,0,0),(55,'20191211221745222766',3,'{\"id\":3,\"user_id\":3,\"province\":\"\\u5e7f\\u4e1c\\u7701\",\"city\":\"\\u5e7f\\u5dde\\u5e02\",\"district\":\"\\u8354\\u6e7e\\u533a\",\"address\":\"\\u9605\\u6c5f\\u897f\\u8def232\\u53f7\",\"zip\":0,\"name\":\"\\u5e05\\u54e5\\u5c0f\\u7c73\\u624b\\u673affyu\",\"phone\":\"13564568781\",\"last_used_time\":1576073865,\"create_time\":\"1970-01-01 08:32:50\",\"update_time\":\"2019-12-11 22:17:45\"}',1.00,'',NULL,NULL,NULL,'pending',NULL,1,'pending',NULL,NULL,1576073865,1576075666,0,0),(56,'20191211222326810422',3,'{\"id\":3,\"user_id\":3,\"province\":\"\\u5e7f\\u4e1c\\u7701\",\"city\":\"\\u5e7f\\u5dde\\u5e02\",\"district\":\"\\u8354\\u6e7e\\u533a\",\"address\":\"\\u9605\\u6c5f\\u897f\\u8def232\\u53f7\",\"zip\":0,\"name\":\"\\u5e05\\u54e5\\u5c0f\\u7c73\\u624b\\u673affyu\",\"phone\":\"13564568781\",\"last_used_time\":1576074206,\"create_time\":\"1970-01-01 08:32:50\",\"update_time\":\"2019-12-11 22:23:26\"}',1.00,'',NULL,NULL,NULL,'pending',NULL,1,'pending',NULL,NULL,1576074206,1576076008,0,0),(57,'20191211222511409677',3,'{\"id\":3,\"user_id\":3,\"province\":\"\\u5e7f\\u4e1c\\u7701\",\"city\":\"\\u5e7f\\u5dde\\u5e02\",\"district\":\"\\u8354\\u6e7e\\u533a\",\"address\":\"\\u9605\\u6c5f\\u897f\\u8def232\\u53f7\",\"zip\":0,\"name\":\"\\u5e05\\u54e5\\u5c0f\\u7c73\\u624b\\u673affyu\",\"phone\":\"13564568781\",\"last_used_time\":1576074311,\"create_time\":\"1970-01-01 08:32:50\",\"update_time\":\"2019-12-11 22:25:11\"}',1.00,'',NULL,NULL,NULL,'pending',NULL,1,'pending',NULL,NULL,1576074311,1576076113,0,0),(58,'20191212204642118616',3,'{\"id\":2,\"user_id\":3,\"province\":\"\\u5929\\u6d25\\u5e02\",\"city\":\"\\u5e02\\u8f96\\u533a\",\"district\":\"\\u548c\\u5e73\\u533a\",\"address\":\"\\u9605\\u6c5f\\u897f\\u8def222\\u53f7\\u5e7f\\u5dde\\u5854\",\"zip\":0,\"name\":\"\\u9753\\u4ed4\\u54c8\",\"phone\":\"13564568789\",\"last_used_time\":1576154802,\"create_time\":\"1970-01-01 08:32:50\",\"update_time\":\"2019-12-12 20:46:42\"}',0.19,'',NULL,NULL,NULL,'pending',NULL,1,'pending',NULL,NULL,1576154802,1576156602,0,0),(59,'20191212205921806152',3,'{\"id\":2,\"user_id\":3,\"province\":\"\\u5929\\u6d25\\u5e02\",\"city\":\"\\u5e02\\u8f96\\u533a\",\"district\":\"\\u548c\\u5e73\\u533a\",\"address\":\"\\u9605\\u6c5f\\u897f\\u8def222\\u53f7\\u5e7f\\u5dde\\u5854\",\"zip\":0,\"name\":\"\\u9753\\u4ed4\\u54c8\",\"phone\":\"13564568789\",\"last_used_time\":1576155561,\"create_time\":\"1970-01-01 08:32:50\",\"update_time\":\"2019-12-12 20:59:21\"}',0.05,'',NULL,NULL,NULL,'pending',NULL,1,'pending',NULL,NULL,1576155561,1576157361,0,0),(60,'20191212211013963861',3,'{\"id\":2,\"user_id\":3,\"province\":\"\\u5929\\u6d25\\u5e02\",\"city\":\"\\u5e02\\u8f96\\u533a\",\"district\":\"\\u548c\\u5e73\\u533a\",\"address\":\"\\u9605\\u6c5f\\u897f\\u8def222\\u53f7\\u5e7f\\u5dde\\u5854\",\"zip\":0,\"name\":\"\\u9753\\u4ed4\\u54c8\",\"phone\":\"13564568789\",\"last_used_time\":1576156213,\"create_time\":\"1970-01-01 08:32:50\",\"update_time\":\"2019-12-12 21:10:13\"}',0.05,'',NULL,NULL,NULL,'pending',NULL,1,'pending',NULL,NULL,1576156213,1576158015,0,0),(61,'20191212211247217961',3,'{\"id\":2,\"user_id\":3,\"province\":\"\\u5929\\u6d25\\u5e02\",\"city\":\"\\u5e02\\u8f96\\u533a\",\"district\":\"\\u548c\\u5e73\\u533a\",\"address\":\"\\u9605\\u6c5f\\u897f\\u8def222\\u53f7\\u5e7f\\u5dde\\u5854\",\"zip\":0,\"name\":\"\\u9753\\u4ed4\\u54c8\",\"phone\":\"13564568789\",\"last_used_time\":1576156367,\"create_time\":\"1970-01-01 08:32:50\",\"update_time\":\"2019-12-12 21:12:47\"}',0.05,'',NULL,NULL,NULL,'pending',NULL,1,'pending',NULL,NULL,1576156367,1576158168,0,0),(62,'20191212211657997374',3,'{\"id\":2,\"user_id\":3,\"province\":\"\\u5929\\u6d25\\u5e02\",\"city\":\"\\u5e02\\u8f96\\u533a\",\"district\":\"\\u548c\\u5e73\\u533a\",\"address\":\"\\u9605\\u6c5f\\u897f\\u8def222\\u53f7\\u5e7f\\u5dde\\u5854\",\"zip\":0,\"name\":\"\\u9753\\u4ed4\\u54c8\",\"phone\":\"13564568789\",\"last_used_time\":1576156617,\"create_time\":\"1970-01-01 08:32:50\",\"update_time\":\"2019-12-12 21:16:57\"}',0.05,'',NULL,NULL,NULL,'pending',NULL,1,'pending',NULL,NULL,1576156617,1576158417,0,0),(63,'20191212212253964119',3,'{\"id\":2,\"user_id\":3,\"province\":\"\\u5929\\u6d25\\u5e02\",\"city\":\"\\u5e02\\u8f96\\u533a\",\"district\":\"\\u548c\\u5e73\\u533a\",\"address\":\"\\u9605\\u6c5f\\u897f\\u8def222\\u53f7\\u5e7f\\u5dde\\u5854\",\"zip\":0,\"name\":\"\\u9753\\u4ed4\\u54c8\",\"phone\":\"13564568789\",\"last_used_time\":1576156973,\"create_time\":\"1970-01-01 08:32:50\",\"update_time\":\"2019-12-12 21:22:53\"}',0.05,'',NULL,NULL,NULL,'pending',NULL,1,'pending',NULL,NULL,1576156973,1576158774,0,0),(64,'20191212212339342737',3,'{\"id\":2,\"user_id\":3,\"province\":\"\\u5929\\u6d25\\u5e02\",\"city\":\"\\u5e02\\u8f96\\u533a\",\"district\":\"\\u548c\\u5e73\\u533a\",\"address\":\"\\u9605\\u6c5f\\u897f\\u8def222\\u53f7\\u5e7f\\u5dde\\u5854\",\"zip\":0,\"name\":\"\\u9753\\u4ed4\\u54c8\",\"phone\":\"13564568789\",\"last_used_time\":1576157019,\"create_time\":\"1970-01-01 08:32:50\",\"update_time\":\"2019-12-12 21:23:39\"}',0.07,'',NULL,NULL,NULL,'pending',NULL,1,'pending',NULL,NULL,1576157019,1576158819,0,0),(65,'20191212214253057296',3,'{\"id\":2,\"user_id\":3,\"province\":\"\\u5929\\u6d25\\u5e02\",\"city\":\"\\u5e02\\u8f96\\u533a\",\"district\":\"\\u548c\\u5e73\\u533a\",\"address\":\"\\u9605\\u6c5f\\u897f\\u8def222\\u53f7\\u5e7f\\u5dde\\u5854\",\"zip\":0,\"name\":\"\\u9753\\u4ed4\\u54c8\",\"phone\":\"13564568789\",\"last_used_time\":1576158173,\"create_time\":\"1970-01-01 08:32:50\",\"update_time\":\"2019-12-12 21:42:53\"}',0.05,'',NULL,NULL,NULL,'pending',NULL,1,'pending',NULL,NULL,1576158173,1576160536,0,0),(66,'20191212215033013973',3,'{\"id\":2,\"user_id\":3,\"province\":\"\\u5929\\u6d25\\u5e02\",\"city\":\"\\u5e02\\u8f96\\u533a\",\"district\":\"\\u548c\\u5e73\\u533a\",\"address\":\"\\u9605\\u6c5f\\u897f\\u8def222\\u53f7\\u5e7f\\u5dde\\u5854\",\"zip\":0,\"name\":\"\\u9753\\u4ed4\\u54c8\",\"phone\":\"13564568789\",\"last_used_time\":1576158633,\"create_time\":\"1970-01-01 08:32:50\",\"update_time\":\"2019-12-12 21:50:33\"}',0.05,'',NULL,NULL,NULL,'pending',NULL,1,'pending',NULL,NULL,1576158633,1576160536,0,0),(67,'20191212215430237108',3,'{\"id\":2,\"user_id\":3,\"province\":\"\\u5929\\u6d25\\u5e02\",\"city\":\"\\u5e02\\u8f96\\u533a\",\"district\":\"\\u548c\\u5e73\\u533a\",\"address\":\"\\u9605\\u6c5f\\u897f\\u8def222\\u53f7\\u5e7f\\u5dde\\u5854\",\"zip\":0,\"name\":\"\\u9753\\u4ed4\\u54c8\",\"phone\":\"13564568789\",\"last_used_time\":1576158870,\"create_time\":\"1970-01-01 08:32:50\",\"update_time\":\"2019-12-12 21:54:30\"}',0.05,'',NULL,NULL,NULL,'pending',NULL,1,'pending',NULL,NULL,1576158870,1576160671,0,0),(68,'20191212215705538366',3,'{\"id\":2,\"user_id\":3,\"province\":\"\\u5929\\u6d25\\u5e02\",\"city\":\"\\u5e02\\u8f96\\u533a\",\"district\":\"\\u548c\\u5e73\\u533a\",\"address\":\"\\u9605\\u6c5f\\u897f\\u8def222\\u53f7\\u5e7f\\u5dde\\u5854\",\"zip\":0,\"name\":\"\\u9753\\u4ed4\\u54c8\",\"phone\":\"13564568789\",\"last_used_time\":1576159025,\"create_time\":\"1970-01-01 08:32:50\",\"update_time\":\"2019-12-12 21:57:05\"}',0.05,'',NULL,NULL,NULL,'pending',NULL,1,'pending',NULL,NULL,1576159025,1576160827,0,0),(69,'20191212220342799448',3,'{\"id\":2,\"user_id\":3,\"province\":\"\\u5929\\u6d25\\u5e02\",\"city\":\"\\u5e02\\u8f96\\u533a\",\"district\":\"\\u548c\\u5e73\\u533a\",\"address\":\"\\u9605\\u6c5f\\u897f\\u8def222\\u53f7\\u5e7f\\u5dde\\u5854\",\"zip\":0,\"name\":\"\\u9753\\u4ed4\\u54c8\",\"phone\":\"13564568789\",\"last_used_time\":1576159422,\"create_time\":\"1970-01-01 08:32:50\",\"update_time\":\"2019-12-12 22:03:42\"}',0.05,'',NULL,NULL,NULL,'pending',NULL,1,'pending',NULL,NULL,1576159422,1576161223,0,0),(70,'20191212220543789690',3,'{\"id\":2,\"user_id\":3,\"province\":\"\\u5929\\u6d25\\u5e02\",\"city\":\"\\u5e02\\u8f96\\u533a\",\"district\":\"\\u548c\\u5e73\\u533a\",\"address\":\"\\u9605\\u6c5f\\u897f\\u8def222\\u53f7\\u5e7f\\u5dde\\u5854\",\"zip\":0,\"name\":\"\\u9753\\u4ed4\\u54c8\",\"phone\":\"13564568789\",\"last_used_time\":1576159543,\"create_time\":\"1970-01-01 08:32:50\",\"update_time\":\"2019-12-12 22:05:43\"}',0.07,'',NULL,NULL,NULL,'pending',NULL,1,'pending',NULL,NULL,1576159543,1576161343,0,0),(71,'20191212222340389187',3,'{\"id\":2,\"user_id\":3,\"province\":\"\\u5929\\u6d25\\u5e02\",\"city\":\"\\u5e02\\u8f96\\u533a\",\"district\":\"\\u548c\\u5e73\\u533a\",\"address\":\"\\u9605\\u6c5f\\u897f\\u8def222\\u53f7\\u5e7f\\u5dde\\u5854\",\"zip\":0,\"name\":\"\\u9753\\u4ed4\\u54c8\",\"phone\":\"13564568789\",\"last_used_time\":1576160620,\"create_time\":\"1970-01-01 08:32:50\",\"update_time\":\"2019-12-12 22:23:40\"}',0.05,'',NULL,NULL,NULL,'pending',NULL,1,'pending',NULL,NULL,1576160620,1576162420,0,0),(72,'20191212222435321169',3,'{\"id\":2,\"user_id\":3,\"province\":\"\\u5929\\u6d25\\u5e02\",\"city\":\"\\u5e02\\u8f96\\u533a\",\"district\":\"\\u548c\\u5e73\\u533a\",\"address\":\"\\u9605\\u6c5f\\u897f\\u8def222\\u53f7\\u5e7f\\u5dde\\u5854\",\"zip\":0,\"name\":\"\\u9753\\u4ed4\\u54c8\",\"phone\":\"13564568789\",\"last_used_time\":1576160675,\"create_time\":\"1970-01-01 08:32:50\",\"update_time\":\"2019-12-12 22:24:35\"}',0.05,'',NULL,NULL,NULL,'pending',NULL,1,'pending',NULL,NULL,1576160675,1576162477,0,0),(73,'20191212224407027274',3,'{\"id\":2,\"user_id\":3,\"province\":\"\\u5929\\u6d25\\u5e02\",\"city\":\"\\u5e02\\u8f96\\u533a\",\"district\":\"\\u548c\\u5e73\\u533a\",\"address\":\"\\u9605\\u6c5f\\u897f\\u8def222\\u53f7\\u5e7f\\u5dde\\u5854\",\"zip\":0,\"name\":\"\\u9753\\u4ed4\\u54c8\",\"phone\":\"13564568789\",\"last_used_time\":1576161847,\"create_time\":\"1970-01-01 08:32:50\",\"update_time\":\"2019-12-12 22:44:07\"}',0.05,'',NULL,NULL,NULL,'pending',NULL,1,'pending',NULL,NULL,1576161847,1576163648,0,0),(74,'20191212224500968352',3,'{\"id\":2,\"user_id\":3,\"province\":\"\\u5929\\u6d25\\u5e02\",\"city\":\"\\u5e02\\u8f96\\u533a\",\"district\":\"\\u548c\\u5e73\\u533a\",\"address\":\"\\u9605\\u6c5f\\u897f\\u8def222\\u53f7\\u5e7f\\u5dde\\u5854\",\"zip\":0,\"name\":\"\\u9753\\u4ed4\\u54c8\",\"phone\":\"13564568789\",\"last_used_time\":1576161900,\"create_time\":\"1970-01-01 08:32:50\",\"update_time\":\"2019-12-12 22:45:00\"}',0.05,'',NULL,NULL,NULL,'pending',NULL,1,'pending',NULL,NULL,1576161900,1576163702,0,0),(75,'20191213001434218717',3,'{\"id\":2,\"user_id\":3,\"province\":\"\\u5929\\u6d25\\u5e02\",\"city\":\"\\u5e02\\u8f96\\u533a\",\"district\":\"\\u548c\\u5e73\\u533a\",\"address\":\"\\u9605\\u6c5f\\u897f\\u8def222\\u53f7\\u5e7f\\u5dde\\u5854\",\"zip\":0,\"name\":\"\\u9753\\u4ed4\\u54c8\",\"phone\":\"13564568789\",\"last_used_time\":1576167274,\"create_time\":\"1970-01-01 08:32:50\",\"update_time\":\"2019-12-13 00:14:34\"}',0.05,'',NULL,NULL,NULL,'pending',NULL,1,'pending',NULL,NULL,1576167274,1576169076,0,0),(76,'20191213001513785048',3,'{\"id\":2,\"user_id\":3,\"province\":\"\\u5929\\u6d25\\u5e02\",\"city\":\"\\u5e02\\u8f96\\u533a\",\"district\":\"\\u548c\\u5e73\\u533a\",\"address\":\"\\u9605\\u6c5f\\u897f\\u8def222\\u53f7\\u5e7f\\u5dde\\u5854\",\"zip\":0,\"name\":\"\\u9753\\u4ed4\\u54c8\",\"phone\":\"13564568789\",\"last_used_time\":1576167313,\"create_time\":\"1970-01-01 08:32:50\",\"update_time\":\"2019-12-13 00:15:13\"}',0.05,'',NULL,NULL,NULL,'pending',NULL,1,'pending',NULL,NULL,1576167313,1576169115,0,0),(77,'20191213001556091414',3,'{\"id\":2,\"user_id\":3,\"province\":\"\\u5929\\u6d25\\u5e02\",\"city\":\"\\u5e02\\u8f96\\u533a\",\"district\":\"\\u548c\\u5e73\\u533a\",\"address\":\"\\u9605\\u6c5f\\u897f\\u8def222\\u53f7\\u5e7f\\u5dde\\u5854\",\"zip\":0,\"name\":\"\\u9753\\u4ed4\\u54c8\",\"phone\":\"13564568789\",\"last_used_time\":1576167356,\"create_time\":\"1970-01-01 08:32:50\",\"update_time\":\"2019-12-13 00:15:56\"}',0.05,'',NULL,NULL,NULL,'pending',NULL,1,'pending',NULL,NULL,1576167356,1576169157,0,0),(78,'20191213002314912291',3,'{\"id\":2,\"user_id\":3,\"province\":\"\\u5929\\u6d25\\u5e02\",\"city\":\"\\u5e02\\u8f96\\u533a\",\"district\":\"\\u548c\\u5e73\\u533a\",\"address\":\"\\u9605\\u6c5f\\u897f\\u8def222\\u53f7\\u5e7f\\u5dde\\u5854\",\"zip\":0,\"name\":\"\\u9753\\u4ed4\\u54c8\",\"phone\":\"13564568789\",\"last_used_time\":1576167794,\"create_time\":\"1970-01-01 08:32:50\",\"update_time\":\"2019-12-13 00:23:14\"}',0.05,'',NULL,NULL,NULL,'pending',NULL,1,'pending',NULL,NULL,1576167794,1576169596,0,0),(79,'20191213003834124186',3,'{\"id\":2,\"user_id\":3,\"province\":\"\\u5929\\u6d25\\u5e02\",\"city\":\"\\u5e02\\u8f96\\u533a\",\"district\":\"\\u548c\\u5e73\\u533a\",\"address\":\"\\u9605\\u6c5f\\u897f\\u8def222\\u53f7\\u5e7f\\u5dde\\u5854\",\"zip\":0,\"name\":\"\\u9753\\u4ed4\\u54c8\",\"phone\":\"13564568789\",\"last_used_time\":1576168714,\"create_time\":\"1970-01-01 08:32:50\",\"update_time\":\"2019-12-13 00:38:34\"}',0.05,'',1576168722,'alipay','2019121322001423140543146878','applied',NULL,0,'pending',NULL,'{\"refund_reason\":\"\\u4e0d\\u8981\\u4e86\\uff0c\\u9000\\u4e86\"}',1576168714,1577621833,0,0),(80,'20191213004150568237',3,'{\"id\":2,\"user_id\":3,\"province\":\"\\u5929\\u6d25\\u5e02\",\"city\":\"\\u5e02\\u8f96\\u533a\",\"district\":\"\\u548c\\u5e73\\u533a\",\"address\":\"\\u9605\\u6c5f\\u897f\\u8def222\\u53f7\\u5e7f\\u5dde\\u5854\",\"zip\":0,\"name\":\"\\u9753\\u4ed4\\u54c8\",\"phone\":\"13564568789\",\"last_used_time\":1576168910,\"create_time\":\"1970-01-01 08:32:50\",\"update_time\":\"2019-12-13 00:41:50\"}',0.01,'',1576168917,'alipay','2019121322001423140545058554','pending',NULL,0,'pending',NULL,NULL,1576168910,1576168917,0,0),(81,'20191213005218027089',3,'{\"id\":2,\"user_id\":3,\"province\":\"\\u5929\\u6d25\\u5e02\",\"city\":\"\\u5e02\\u8f96\\u533a\",\"district\":\"\\u548c\\u5e73\\u533a\",\"address\":\"\\u9605\\u6c5f\\u897f\\u8def222\\u53f7\\u5e7f\\u5dde\\u5854\",\"zip\":0,\"name\":\"\\u9753\\u4ed4\\u54c8\",\"phone\":\"13564568789\",\"last_used_time\":1576169538,\"create_time\":\"1970-01-01 08:32:50\",\"update_time\":\"2019-12-13 00:52:18\"}',0.05,'',NULL,NULL,NULL,'pending',NULL,1,'pending',NULL,NULL,1576169538,1576171339,0,0),(82,'20191213005442319739',3,'{\"id\":2,\"user_id\":3,\"province\":\"\\u5929\\u6d25\\u5e02\",\"city\":\"\\u5e02\\u8f96\\u533a\",\"district\":\"\\u548c\\u5e73\\u533a\",\"address\":\"\\u9605\\u6c5f\\u897f\\u8def222\\u53f7\\u5e7f\\u5dde\\u5854\",\"zip\":0,\"name\":\"\\u9753\\u4ed4\\u54c8\",\"phone\":\"13564568789\",\"last_used_time\":1576169682,\"create_time\":\"1970-01-01 08:32:50\",\"update_time\":\"2019-12-13 00:54:42\"}',0.05,'',NULL,NULL,NULL,'pending',NULL,1,'pending',NULL,NULL,1576169682,1576171483,0,0),(83,'20191213005718100427',3,'{\"id\":2,\"user_id\":3,\"province\":\"\\u5929\\u6d25\\u5e02\",\"city\":\"\\u5e02\\u8f96\\u533a\",\"district\":\"\\u548c\\u5e73\\u533a\",\"address\":\"\\u9605\\u6c5f\\u897f\\u8def222\\u53f7\\u5e7f\\u5dde\\u5854\",\"zip\":0,\"name\":\"\\u9753\\u4ed4\\u54c8\",\"phone\":\"13564568789\",\"last_used_time\":1576169838,\"create_time\":\"1970-01-01 08:32:50\",\"update_time\":\"2019-12-13 00:57:18\"}',0.05,'',NULL,NULL,NULL,'pending',NULL,1,'pending',NULL,NULL,1576169838,1576171639,0,0),(84,'20191213005902496006',3,'{\"id\":2,\"user_id\":3,\"province\":\"\\u5929\\u6d25\\u5e02\",\"city\":\"\\u5e02\\u8f96\\u533a\",\"district\":\"\\u548c\\u5e73\\u533a\",\"address\":\"\\u9605\\u6c5f\\u897f\\u8def222\\u53f7\\u5e7f\\u5dde\\u5854\",\"zip\":0,\"name\":\"\\u9753\\u4ed4\\u54c8\",\"phone\":\"13564568789\",\"last_used_time\":1576169942,\"create_time\":\"1970-01-01 08:32:50\",\"update_time\":\"2019-12-13 00:59:02\"}',0.01,'',NULL,NULL,NULL,'pending',NULL,1,'pending',NULL,NULL,1576169942,1576171744,0,0),(85,'20191213010153741171',3,'{\"id\":2,\"user_id\":3,\"province\":\"\\u5929\\u6d25\\u5e02\",\"city\":\"\\u5e02\\u8f96\\u533a\",\"district\":\"\\u548c\\u5e73\\u533a\",\"address\":\"\\u9605\\u6c5f\\u897f\\u8def222\\u53f7\\u5e7f\\u5dde\\u5854\",\"zip\":0,\"name\":\"\\u9753\\u4ed4\\u54c8\",\"phone\":\"13564568789\",\"last_used_time\":1576170113,\"create_time\":\"1970-01-01 08:32:50\",\"update_time\":\"2019-12-13 01:01:53\"}',0.05,'',1576170123,'alipay','2019121322001423140543706569','pending',NULL,0,'pending',NULL,NULL,1576170113,1576170123,0,0),(86,'20191213010314795084',3,'{\"id\":2,\"user_id\":3,\"province\":\"\\u5929\\u6d25\\u5e02\",\"city\":\"\\u5e02\\u8f96\\u533a\",\"district\":\"\\u548c\\u5e73\\u533a\",\"address\":\"\\u9605\\u6c5f\\u897f\\u8def222\\u53f7\\u5e7f\\u5dde\\u5854\",\"zip\":0,\"name\":\"\\u9753\\u4ed4\\u54c8\",\"phone\":\"13564568789\",\"last_used_time\":1576170194,\"create_time\":\"1970-01-01 08:32:50\",\"update_time\":\"2019-12-13 01:03:14\"}',0.01,'',NULL,NULL,NULL,'pending',NULL,1,'pending',NULL,NULL,1576170194,1576171994,0,0),(87,'20191213011150307918',3,'{\"id\":2,\"user_id\":3,\"province\":\"\\u5929\\u6d25\\u5e02\",\"city\":\"\\u5e02\\u8f96\\u533a\",\"district\":\"\\u548c\\u5e73\\u533a\",\"address\":\"\\u9605\\u6c5f\\u897f\\u8def222\\u53f7\\u5e7f\\u5dde\\u5854\",\"zip\":0,\"name\":\"\\u9753\\u4ed4\\u54c8\",\"phone\":\"13564568789\",\"last_used_time\":1576170710,\"create_time\":\"1970-01-01 08:32:50\",\"update_time\":\"2019-12-13 01:11:50\"}',0.07,'',NULL,NULL,NULL,'pending',NULL,1,'pending',NULL,NULL,1576170710,1576172510,0,0),(88,'20191213012308087618',3,'{\"id\":2,\"user_id\":3,\"province\":\"\\u5929\\u6d25\\u5e02\",\"city\":\"\\u5e02\\u8f96\\u533a\",\"district\":\"\\u548c\\u5e73\\u533a\",\"address\":\"\\u9605\\u6c5f\\u897f\\u8def222\\u53f7\\u5e7f\\u5dde\\u5854\",\"zip\":0,\"name\":\"\\u9753\\u4ed4\\u54c8\",\"phone\":\"13564568789\",\"last_used_time\":1576171388,\"create_time\":\"1970-01-01 08:32:50\",\"update_time\":\"2019-12-13 01:23:08\"}',0.05,'',NULL,NULL,NULL,'pending',NULL,1,'pending',NULL,NULL,1576171388,1576173188,0,0),(89,'20191213012457055199',3,'{\"id\":2,\"user_id\":3,\"province\":\"\\u5929\\u6d25\\u5e02\",\"city\":\"\\u5e02\\u8f96\\u533a\",\"district\":\"\\u548c\\u5e73\\u533a\",\"address\":\"\\u9605\\u6c5f\\u897f\\u8def222\\u53f7\\u5e7f\\u5dde\\u5854\",\"zip\":0,\"name\":\"\\u9753\\u4ed4\\u54c8\",\"phone\":\"13564568789\",\"last_used_time\":1576171497,\"create_time\":\"1970-01-01 08:32:50\",\"update_time\":\"2019-12-13 01:24:57\"}',0.01,'',NULL,NULL,NULL,'pending',NULL,1,'pending',NULL,NULL,1576171497,1576173299,0,0),(90,'20191213014321343725',3,'{\"id\":2,\"user_id\":3,\"province\":\"\\u5929\\u6d25\\u5e02\",\"city\":\"\\u5e02\\u8f96\\u533a\",\"district\":\"\\u548c\\u5e73\\u533a\",\"address\":\"\\u9605\\u6c5f\\u897f\\u8def222\\u53f7\\u5e7f\\u5dde\\u5854\",\"zip\":0,\"name\":\"\\u9753\\u4ed4\\u54c8\",\"phone\":\"13564568789\",\"last_used_time\":1576172601,\"create_time\":\"1970-01-01 08:32:50\",\"update_time\":\"2019-12-13 01:43:21\"}',0.05,'',NULL,NULL,NULL,'pending',NULL,1,'pending',NULL,NULL,1576172601,1576174403,0,0),(91,'20191213015016424365',3,'{\"id\":2,\"user_id\":3,\"province\":\"\\u5929\\u6d25\\u5e02\",\"city\":\"\\u5e02\\u8f96\\u533a\",\"district\":\"\\u548c\\u5e73\\u533a\",\"address\":\"\\u9605\\u6c5f\\u897f\\u8def222\\u53f7\\u5e7f\\u5dde\\u5854\",\"zip\":0,\"name\":\"\\u9753\\u4ed4\\u54c8\",\"phone\":\"13564568789\",\"last_used_time\":1576173016,\"create_time\":\"1970-01-01 08:32:50\",\"update_time\":\"2019-12-13 01:50:16\"}',0.01,'',NULL,NULL,NULL,'pending',NULL,1,'pending',NULL,NULL,1576173016,1576174817,0,0),(92,'20191213015558665827',3,'{\"id\":2,\"user_id\":3,\"province\":\"\\u5929\\u6d25\\u5e02\",\"city\":\"\\u5e02\\u8f96\\u533a\",\"district\":\"\\u548c\\u5e73\\u533a\",\"address\":\"\\u9605\\u6c5f\\u897f\\u8def222\\u53f7\\u5e7f\\u5dde\\u5854\",\"zip\":0,\"name\":\"\\u9753\\u4ed4\\u54c8\",\"phone\":\"13564568789\",\"last_used_time\":1576173358,\"create_time\":\"1970-01-01 08:32:50\",\"update_time\":\"2019-12-13 01:55:58\"}',0.01,'',NULL,NULL,NULL,'pending',NULL,1,'pending',NULL,NULL,1576173358,1576175160,0,0),(93,'20191213015633017611',3,'{\"id\":2,\"user_id\":3,\"province\":\"\\u5929\\u6d25\\u5e02\",\"city\":\"\\u5e02\\u8f96\\u533a\",\"district\":\"\\u548c\\u5e73\\u533a\",\"address\":\"\\u9605\\u6c5f\\u897f\\u8def222\\u53f7\\u5e7f\\u5dde\\u5854\",\"zip\":0,\"name\":\"\\u9753\\u4ed4\\u54c8\",\"phone\":\"13564568789\",\"last_used_time\":1576173393,\"create_time\":\"1970-01-01 08:32:50\",\"update_time\":\"2019-12-13 01:56:33\"}',0.01,'',NULL,NULL,NULL,'pending',NULL,1,'pending',NULL,NULL,1576173393,1576175193,0,0),(94,'20191213020028672153',3,'{\"id\":2,\"user_id\":3,\"province\":\"\\u5929\\u6d25\\u5e02\",\"city\":\"\\u5e02\\u8f96\\u533a\",\"district\":\"\\u548c\\u5e73\\u533a\",\"address\":\"\\u9605\\u6c5f\\u897f\\u8def222\\u53f7\\u5e7f\\u5dde\\u5854\",\"zip\":0,\"name\":\"\\u9753\\u4ed4\\u54c8\",\"phone\":\"13564568789\",\"last_used_time\":1576173628,\"create_time\":\"1970-01-01 08:32:50\",\"update_time\":\"2019-12-13 02:00:28\"}',0.01,'',NULL,NULL,NULL,'pending',NULL,1,'pending',NULL,NULL,1576173628,1576175430,0,0),(95,'20191213020408865162',3,'{\"id\":2,\"user_id\":3,\"province\":\"\\u5929\\u6d25\\u5e02\",\"city\":\"\\u5e02\\u8f96\\u533a\",\"district\":\"\\u548c\\u5e73\\u533a\",\"address\":\"\\u9605\\u6c5f\\u897f\\u8def222\\u53f7\\u5e7f\\u5dde\\u5854\",\"zip\":0,\"name\":\"\\u9753\\u4ed4\\u54c8\",\"phone\":\"13564568789\",\"last_used_time\":1576173848,\"create_time\":\"1970-01-01 08:32:50\",\"update_time\":\"2019-12-13 02:04:08\"}',0.01,'',1576173868,'alipay','2019121322001423140543286854','pending',NULL,0,'pending',NULL,NULL,1576173848,1576173868,0,0),(96,'20191213021013269609',3,'{\"id\":2,\"user_id\":3,\"province\":\"\\u5929\\u6d25\\u5e02\",\"city\":\"\\u5e02\\u8f96\\u533a\",\"district\":\"\\u548c\\u5e73\\u533a\",\"address\":\"\\u9605\\u6c5f\\u897f\\u8def222\\u53f7\\u5e7f\\u5dde\\u5854\",\"zip\":0,\"name\":\"\\u9753\\u4ed4\\u54c8\",\"phone\":\"13564568789\",\"last_used_time\":1576174213,\"create_time\":\"1970-01-01 08:32:50\",\"update_time\":\"2019-12-13 02:10:13\"}',0.05,'',NULL,NULL,NULL,'pending',NULL,1,'pending',NULL,NULL,1576174213,1576176015,0,0),(97,'20191213021556096369',3,'{\"id\":2,\"user_id\":3,\"province\":\"\\u5929\\u6d25\\u5e02\",\"city\":\"\\u5e02\\u8f96\\u533a\",\"district\":\"\\u548c\\u5e73\\u533a\",\"address\":\"\\u9605\\u6c5f\\u897f\\u8def222\\u53f7\\u5e7f\\u5dde\\u5854\",\"zip\":0,\"name\":\"\\u9753\\u4ed4\\u54c8\",\"phone\":\"13564568789\",\"last_used_time\":1576174556,\"create_time\":\"1970-01-01 08:32:50\",\"update_time\":\"2019-12-13 02:15:56\"}',0.01,'',NULL,NULL,NULL,'pending',NULL,1,'pending',NULL,NULL,1576174556,1576176357,0,0),(98,'20191213022229492752',3,'{\"id\":2,\"user_id\":3,\"province\":\"\\u5929\\u6d25\\u5e02\",\"city\":\"\\u5e02\\u8f96\\u533a\",\"district\":\"\\u548c\\u5e73\\u533a\",\"address\":\"\\u9605\\u6c5f\\u897f\\u8def222\\u53f7\\u5e7f\\u5dde\\u5854\",\"zip\":0,\"name\":\"\\u9753\\u4ed4\\u54c8\",\"phone\":\"13564568789\",\"last_used_time\":1576174949,\"create_time\":\"1970-01-01 08:32:50\",\"update_time\":\"2019-12-13 02:22:29\"}',0.01,'',NULL,NULL,NULL,'pending',NULL,1,'pending',NULL,NULL,1576174949,1576176750,0,0),(99,'20191213022345031509',3,'{\"id\":2,\"user_id\":3,\"province\":\"\\u5929\\u6d25\\u5e02\",\"city\":\"\\u5e02\\u8f96\\u533a\",\"district\":\"\\u548c\\u5e73\\u533a\",\"address\":\"\\u9605\\u6c5f\\u897f\\u8def222\\u53f7\\u5e7f\\u5dde\\u5854\",\"zip\":0,\"name\":\"\\u9753\\u4ed4\\u54c8\",\"phone\":\"13564568789\",\"last_used_time\":1576175025,\"create_time\":\"1970-01-01 08:32:50\",\"update_time\":\"2019-12-13 02:23:45\"}',0.05,'',NULL,NULL,NULL,'pending',NULL,1,'pending',NULL,NULL,1576175025,1576176825,0,0),(100,'20191213023049118931',3,'{\"id\":2,\"user_id\":3,\"province\":\"\\u5929\\u6d25\\u5e02\",\"city\":\"\\u5e02\\u8f96\\u533a\",\"district\":\"\\u548c\\u5e73\\u533a\",\"address\":\"\\u9605\\u6c5f\\u897f\\u8def222\\u53f7\\u5e7f\\u5dde\\u5854\",\"zip\":0,\"name\":\"\\u9753\\u4ed4\\u54c8\",\"phone\":\"13564568789\",\"last_used_time\":1576175449,\"create_time\":\"1970-01-01 08:32:50\",\"update_time\":\"2019-12-13 02:30:49\"}',0.01,'',NULL,NULL,NULL,'pending',NULL,1,'pending',NULL,NULL,1576175449,1576177251,0,0),(101,'20191213125414726695',3,'{\"id\":2,\"user_id\":3,\"province\":\"\\u5929\\u6d25\\u5e02\",\"city\":\"\\u5e02\\u8f96\\u533a\",\"district\":\"\\u548c\\u5e73\\u533a\",\"address\":\"\\u9605\\u6c5f\\u897f\\u8def222\\u53f7\\u5e7f\\u5dde\\u5854\",\"zip\":0,\"name\":\"\\u9753\\u4ed4\\u54c8\",\"phone\":\"13564568789\",\"last_used_time\":1576212854,\"create_time\":\"1970-01-01 08:32:50\",\"update_time\":\"2019-12-13 12:54:14\"}',0.05,'',NULL,NULL,NULL,'pending',NULL,1,'pending',NULL,NULL,1576212854,1576214655,0,0),(102,'20191213160151042447',3,'{\"id\":2,\"user_id\":3,\"province\":\"\\u5929\\u6d25\\u5e02\",\"city\":\"\\u5e02\\u8f96\\u533a\",\"district\":\"\\u548c\\u5e73\\u533a\",\"address\":\"\\u9605\\u6c5f\\u897f\\u8def222\\u53f7\\u5e7f\\u5dde\\u5854\",\"zip\":0,\"name\":\"\\u9753\\u4ed4\\u54c8\",\"phone\":\"13564568789\",\"last_used_time\":1576224111,\"create_time\":\"1970-01-01 08:32:50\",\"update_time\":\"2019-12-13 16:01:51\"}',0.01,'',NULL,NULL,NULL,'pending',NULL,1,'pending',NULL,NULL,1576224111,1576225912,0,0),(103,'20191213160746356562',3,'{\"id\":2,\"user_id\":3,\"province\":\"\\u5929\\u6d25\\u5e02\",\"city\":\"\\u5e02\\u8f96\\u533a\",\"district\":\"\\u548c\\u5e73\\u533a\",\"address\":\"\\u9605\\u6c5f\\u897f\\u8def222\\u53f7\\u5e7f\\u5dde\\u5854\",\"zip\":0,\"name\":\"\\u9753\\u4ed4\\u54c8\",\"phone\":\"13564568789\",\"last_used_time\":1576224466,\"create_time\":\"1970-01-01 08:32:50\",\"update_time\":\"2019-12-13 16:07:46\"}',0.07,'',NULL,NULL,NULL,'pending',NULL,1,'pending',NULL,NULL,1576224466,1576226266,0,0),(104,'20191213160901322292',3,'{\"id\":2,\"user_id\":3,\"province\":\"\\u5929\\u6d25\\u5e02\",\"city\":\"\\u5e02\\u8f96\\u533a\",\"district\":\"\\u548c\\u5e73\\u533a\",\"address\":\"\\u9605\\u6c5f\\u897f\\u8def222\\u53f7\\u5e7f\\u5dde\\u5854\",\"zip\":0,\"name\":\"\\u9753\\u4ed4\\u54c8\",\"phone\":\"13564568789\",\"last_used_time\":1576224541,\"create_time\":\"1970-01-01 08:32:50\",\"update_time\":\"2019-12-13 16:09:01\"}',0.01,'',NULL,NULL,NULL,'pending',NULL,1,'pending',NULL,NULL,1576224541,1576226341,0,0),(105,'20191213161835363879',3,'{\"id\":2,\"user_id\":3,\"province\":\"\\u5929\\u6d25\\u5e02\",\"city\":\"\\u5e02\\u8f96\\u533a\",\"district\":\"\\u548c\\u5e73\\u533a\",\"address\":\"\\u9605\\u6c5f\\u897f\\u8def222\\u53f7\\u5e7f\\u5dde\\u5854\",\"zip\":0,\"name\":\"\\u9753\\u4ed4\\u54c8\",\"phone\":\"13564568789\",\"last_used_time\":1576225115,\"create_time\":\"1970-01-01 08:32:50\",\"update_time\":\"2019-12-13 16:18:35\"}',0.02,'',NULL,NULL,NULL,'pending',NULL,1,'pending',NULL,NULL,1576225115,1576226917,0,0),(106,'20191213162625392269',3,'{\"id\":2,\"user_id\":3,\"province\":\"\\u5929\\u6d25\\u5e02\",\"city\":\"\\u5e02\\u8f96\\u533a\",\"district\":\"\\u548c\\u5e73\\u533a\",\"address\":\"\\u9605\\u6c5f\\u897f\\u8def222\\u53f7\\u5e7f\\u5dde\\u5854\",\"zip\":0,\"name\":\"\\u9753\\u4ed4\\u54c8\",\"phone\":\"13564568789\",\"last_used_time\":1576225585,\"create_time\":\"1970-01-01 08:32:50\",\"update_time\":\"2019-12-13 16:26:25\"}',0.02,'',NULL,NULL,NULL,'pending',NULL,1,'pending',NULL,NULL,1576225585,1576227385,0,0),(107,'20191213162705161527',3,'{\"id\":2,\"user_id\":3,\"province\":\"\\u5929\\u6d25\\u5e02\",\"city\":\"\\u5e02\\u8f96\\u533a\",\"district\":\"\\u548c\\u5e73\\u533a\",\"address\":\"\\u9605\\u6c5f\\u897f\\u8def222\\u53f7\\u5e7f\\u5dde\\u5854\",\"zip\":0,\"name\":\"\\u9753\\u4ed4\\u54c8\",\"phone\":\"13564568789\",\"last_used_time\":1576225625,\"create_time\":\"1970-01-01 08:32:50\",\"update_time\":\"2019-12-13 16:27:05\"}',0.01,'',NULL,NULL,NULL,'pending',NULL,1,'pending',NULL,NULL,1576225625,1576227427,0,0),(108,'20191213162847208662',3,'{\"id\":2,\"user_id\":3,\"province\":\"\\u5929\\u6d25\\u5e02\",\"city\":\"\\u5e02\\u8f96\\u533a\",\"district\":\"\\u548c\\u5e73\\u533a\",\"address\":\"\\u9605\\u6c5f\\u897f\\u8def222\\u53f7\\u5e7f\\u5dde\\u5854\",\"zip\":0,\"name\":\"\\u9753\\u4ed4\\u54c8\",\"phone\":\"13564568789\",\"last_used_time\":1576225727,\"create_time\":\"1970-01-01 08:32:50\",\"update_time\":\"2019-12-13 16:28:47\"}',0.01,'',NULL,NULL,NULL,'pending',NULL,1,'pending',NULL,NULL,1576225727,1576227529,0,0),(109,'20191214021506032900',3,'{\"id\":2,\"user_id\":3,\"province\":\"\\u5929\\u6d25\\u5e02\",\"city\":\"\\u5e02\\u8f96\\u533a\",\"district\":\"\\u548c\\u5e73\\u533a\",\"address\":\"\\u9605\\u6c5f\\u897f\\u8def222\\u53f7\\u5e7f\\u5dde\\u5854\",\"zip\":0,\"name\":\"\\u9753\\u4ed4\\u54c8\",\"phone\":\"13564568789\",\"last_used_time\":1576260906,\"create_time\":\"1970-01-01 08:32:50\",\"update_time\":\"2019-12-14 02:15:06\"}',0.20,'',NULL,NULL,NULL,'pending',NULL,1,'pending',NULL,NULL,1576260906,1576262707,0,0),(110,'20191214021644761054',3,'{\"id\":2,\"user_id\":3,\"province\":\"\\u5929\\u6d25\\u5e02\",\"city\":\"\\u5e02\\u8f96\\u533a\",\"district\":\"\\u548c\\u5e73\\u533a\",\"address\":\"\\u9605\\u6c5f\\u897f\\u8def222\\u53f7\\u5e7f\\u5dde\\u5854\",\"zip\":0,\"name\":\"\\u9753\\u4ed4\\u54c8\",\"phone\":\"13564568789\",\"last_used_time\":1576261004,\"create_time\":\"1970-01-01 08:32:50\",\"update_time\":\"2019-12-14 02:16:44\"}',0.01,'',1576261012,'alipay','2019121422001423140546478959','pending',NULL,0,'pending',NULL,NULL,1576261004,1576261012,0,0),(111,'20191214022103816966',3,'{\"id\":2,\"user_id\":3,\"province\":\"\\u5929\\u6d25\\u5e02\",\"city\":\"\\u5e02\\u8f96\\u533a\",\"district\":\"\\u548c\\u5e73\\u533a\",\"address\":\"\\u9605\\u6c5f\\u897f\\u8def222\\u53f7\\u5e7f\\u5dde\\u5854\",\"zip\":0,\"name\":\"\\u9753\\u4ed4\\u54c8\",\"phone\":\"13564568789\",\"last_used_time\":1576261263,\"create_time\":\"1970-01-01 08:32:50\",\"update_time\":\"2019-12-14 02:21:03\"}',30.00,'',NULL,NULL,NULL,'pending',NULL,1,'pending',NULL,NULL,1576261263,1576263064,0,0),(112,'20191214022134378563',3,'{\"id\":2,\"user_id\":3,\"province\":\"\\u5929\\u6d25\\u5e02\",\"city\":\"\\u5e02\\u8f96\\u533a\",\"district\":\"\\u548c\\u5e73\\u533a\",\"address\":\"\\u9605\\u6c5f\\u897f\\u8def222\\u53f7\\u5e7f\\u5dde\\u5854\",\"zip\":0,\"name\":\"\\u9753\\u4ed4\\u54c8\",\"phone\":\"13564568789\",\"last_used_time\":1576261294,\"create_time\":\"1970-01-01 08:32:50\",\"update_time\":\"2019-12-14 02:21:34\"}',0.01,'',NULL,NULL,NULL,'pending',NULL,1,'pending',NULL,NULL,1576261294,1576263094,0,0),(113,'20191214022220540058',3,'{\"id\":2,\"user_id\":3,\"province\":\"\\u5929\\u6d25\\u5e02\",\"city\":\"\\u5e02\\u8f96\\u533a\",\"district\":\"\\u548c\\u5e73\\u533a\",\"address\":\"\\u9605\\u6c5f\\u897f\\u8def222\\u53f7\\u5e7f\\u5dde\\u5854\",\"zip\":0,\"name\":\"\\u9753\\u4ed4\\u54c8\",\"phone\":\"13564568789\",\"last_used_time\":1576261340,\"create_time\":\"1970-01-01 08:32:50\",\"update_time\":\"2019-12-14 02:22:20\"}',0.01,'',NULL,NULL,NULL,'pending',NULL,1,'pending',NULL,NULL,1576261340,1576263142,0,0),(114,'20191214022817332428',3,'{\"id\":2,\"user_id\":3,\"province\":\"\\u5929\\u6d25\\u5e02\",\"city\":\"\\u5e02\\u8f96\\u533a\",\"district\":\"\\u548c\\u5e73\\u533a\",\"address\":\"\\u9605\\u6c5f\\u897f\\u8def222\\u53f7\\u5e7f\\u5dde\\u5854\",\"zip\":0,\"name\":\"\\u9753\\u4ed4\\u54c8\",\"phone\":\"13564568789\",\"last_used_time\":1576261697,\"create_time\":\"1970-01-01 08:32:50\",\"update_time\":\"2019-12-14 02:28:17\"}',0.05,'',NULL,NULL,NULL,'pending',NULL,1,'pending',NULL,NULL,1576261697,1576263499,0,0),(115,'20191214023004406708',3,'{\"id\":2,\"user_id\":3,\"province\":\"\\u5929\\u6d25\\u5e02\",\"city\":\"\\u5e02\\u8f96\\u533a\",\"district\":\"\\u548c\\u5e73\\u533a\",\"address\":\"\\u9605\\u6c5f\\u897f\\u8def222\\u53f7\\u5e7f\\u5dde\\u5854\",\"zip\":0,\"name\":\"\\u9753\\u4ed4\\u54c8\",\"phone\":\"13564568789\",\"last_used_time\":1576261804,\"create_time\":\"1970-01-01 08:32:50\",\"update_time\":\"2019-12-14 02:30:04\"}',0.05,'',NULL,NULL,NULL,'pending',NULL,1,'pending',NULL,NULL,1576261804,1576263604,0,0),(116,'20191214023207899281',3,'{\"id\":2,\"user_id\":3,\"province\":\"\\u5929\\u6d25\\u5e02\",\"city\":\"\\u5e02\\u8f96\\u533a\",\"district\":\"\\u548c\\u5e73\\u533a\",\"address\":\"\\u9605\\u6c5f\\u897f\\u8def222\\u53f7\\u5e7f\\u5dde\\u5854\",\"zip\":0,\"name\":\"\\u9753\\u4ed4\\u54c8\",\"phone\":\"13564568789\",\"last_used_time\":1576261927,\"create_time\":\"1970-01-01 08:32:50\",\"update_time\":\"2019-12-14 02:32:07\"}',0.05,'',NULL,NULL,NULL,'pending',NULL,1,'pending',NULL,NULL,1576261927,1576263727,0,0),(117,'20191214162918969246',3,'{\"id\":2,\"user_id\":3,\"province\":\"\\u5929\\u6d25\\u5e02\",\"city\":\"\\u5e02\\u8f96\\u533a\",\"district\":\"\\u548c\\u5e73\\u533a\",\"address\":\"\\u9605\\u6c5f\\u897f\\u8def222\\u53f7\\u5e7f\\u5dde\\u5854\",\"zip\":0,\"name\":\"\\u9753\\u4ed4\\u54c8\",\"phone\":\"13564568789\",\"last_used_time\":1576312158,\"create_time\":\"1970-01-01 08:32:50\",\"update_time\":\"2019-12-14 16:29:18\"}',0.05,'',NULL,NULL,NULL,'pending',NULL,1,'pending',NULL,NULL,1576312158,1576313960,0,0),(118,'20191214164345697797',3,'{\"id\":2,\"user_id\":3,\"province\":\"\\u5929\\u6d25\\u5e02\",\"city\":\"\\u5e02\\u8f96\\u533a\",\"district\":\"\\u548c\\u5e73\\u533a\",\"address\":\"\\u9605\\u6c5f\\u897f\\u8def222\\u53f7\\u5e7f\\u5dde\\u5854\",\"zip\":0,\"name\":\"\\u9753\\u4ed4\\u54c8\",\"phone\":\"13564568789\",\"last_used_time\":1576313025,\"create_time\":\"1970-01-01 08:32:50\",\"update_time\":\"2019-12-14 16:43:45\"}',0.05,'',NULL,NULL,NULL,'pending',NULL,1,'pending',NULL,NULL,1576313025,1576314827,0,0),(119,'20191214164520892937',3,'{\"id\":2,\"user_id\":3,\"province\":\"\\u5929\\u6d25\\u5e02\",\"city\":\"\\u5e02\\u8f96\\u533a\",\"district\":\"\\u548c\\u5e73\\u533a\",\"address\":\"\\u9605\\u6c5f\\u897f\\u8def222\\u53f7\\u5e7f\\u5dde\\u5854\",\"zip\":0,\"name\":\"\\u9753\\u4ed4\\u54c8\",\"phone\":\"13564568789\",\"last_used_time\":1576313120,\"create_time\":\"1970-01-01 08:32:50\",\"update_time\":\"2019-12-14 16:45:20\"}',0.03,'',1576313134,'alipay','2019121422001423140548939791','pending',NULL,0,'pending',NULL,NULL,1576313120,1576313134,0,9),(120,'20191214164843658450',3,'{\"id\":2,\"user_id\":3,\"province\":\"\\u5929\\u6d25\\u5e02\",\"city\":\"\\u5e02\\u8f96\\u533a\",\"district\":\"\\u548c\\u5e73\\u533a\",\"address\":\"\\u9605\\u6c5f\\u897f\\u8def222\\u53f7\\u5e7f\\u5dde\\u5854\",\"zip\":0,\"name\":\"\\u9753\\u4ed4\\u54c8\",\"phone\":\"13564568789\",\"last_used_time\":1576313323,\"create_time\":\"1970-01-01 08:32:50\",\"update_time\":\"2019-12-14 16:48:43\"}',0.01,'',NULL,NULL,NULL,'pending',NULL,1,'pending',NULL,NULL,1576313323,1576315124,0,0),(124,'20191214165943467042',3,'{\"id\":2,\"user_id\":3,\"province\":\"\\u5929\\u6d25\\u5e02\",\"city\":\"\\u5e02\\u8f96\\u533a\",\"district\":\"\\u548c\\u5e73\\u533a\",\"address\":\"\\u9605\\u6c5f\\u897f\\u8def222\\u53f7\\u5e7f\\u5dde\\u5854\",\"zip\":0,\"name\":\"\\u9753\\u4ed4\\u54c8\",\"phone\":\"13564568789\",\"last_used_time\":1576313983,\"create_time\":\"1970-01-01 08:32:50\",\"update_time\":\"2019-12-14 16:59:43\"}',0.50,'',NULL,NULL,NULL,'pending',NULL,1,'pending',NULL,NULL,1576313983,1576315784,0,0),(125,'20191214165957322059',3,'{\"id\":2,\"user_id\":3,\"province\":\"\\u5929\\u6d25\\u5e02\",\"city\":\"\\u5e02\\u8f96\\u533a\",\"district\":\"\\u548c\\u5e73\\u533a\",\"address\":\"\\u9605\\u6c5f\\u897f\\u8def222\\u53f7\\u5e7f\\u5dde\\u5854\",\"zip\":0,\"name\":\"\\u9753\\u4ed4\\u54c8\",\"phone\":\"13564568789\",\"last_used_time\":1576313997,\"create_time\":\"1970-01-01 08:32:50\",\"update_time\":\"2019-12-14 16:59:57\"}',0.25,'',1576314004,'alipay','2019121422001423140546692408','pending',NULL,0,'pending',NULL,NULL,1576313997,1576314004,0,10),(126,'20191214210221451447',3,'{\"id\":2,\"user_id\":3,\"province\":\"\\u5929\\u6d25\\u5e02\",\"city\":\"\\u5e02\\u8f96\\u533a\",\"district\":\"\\u548c\\u5e73\\u533a\",\"address\":\"\\u9605\\u6c5f\\u897f\\u8def222\\u53f7\\u5e7f\\u5dde\\u5854\",\"zip\":0,\"name\":\"\\u9753\\u4ed4\\u54c8\",\"phone\":\"13564568789\",\"last_used_time\":1576328541,\"create_time\":\"1970-01-01 08:32:50\",\"update_time\":\"2019-12-14 21:02:21\"}',0.01,'',NULL,NULL,NULL,'pending',NULL,1,'pending',NULL,NULL,1576328541,1576330342,0,0),(127,'20191215014428219548',3,'{\"id\":2,\"user_id\":3,\"province\":\"\\u5929\\u6d25\\u5e02\",\"city\":\"\\u5e02\\u8f96\\u533a\",\"district\":\"\\u548c\\u5e73\\u533a\",\"address\":\"\\u9605\\u6c5f\\u897f\\u8def222\\u53f7\\u5e7f\\u5dde\\u5854\",\"zip\":0,\"name\":\"\\u9753\\u4ed4\\u54c8\",\"phone\":\"13564568789\",\"last_used_time\":1576345468,\"create_time\":\"1970-01-01 08:32:50\",\"update_time\":\"2019-12-15 01:44:28\"}',0.01,'',NULL,NULL,NULL,'pending',NULL,1,'pending',NULL,NULL,1576345468,1576347270,0,0),(128,'20191215015858217113',3,'{\"id\":2,\"user_id\":3,\"province\":\"\\u5929\\u6d25\\u5e02\",\"city\":\"\\u5e02\\u8f96\\u533a\",\"district\":\"\\u548c\\u5e73\\u533a\",\"address\":\"\\u9605\\u6c5f\\u897f\\u8def222\\u53f7\\u5e7f\\u5dde\\u5854\",\"zip\":0,\"name\":\"\\u9753\\u4ed4\\u54c8\",\"phone\":\"13564568789\",\"last_used_time\":1576346338,\"create_time\":\"1970-01-01 08:32:50\",\"update_time\":\"2019-12-15 01:58:58\"}',0.07,'',NULL,NULL,NULL,'pending',NULL,1,'pending',NULL,NULL,1576346338,1576348140,0,0),(129,'20191215020815450799',3,'{\"id\":2,\"user_id\":3,\"province\":\"\\u5929\\u6d25\\u5e02\",\"city\":\"\\u5e02\\u8f96\\u533a\",\"district\":\"\\u548c\\u5e73\\u533a\",\"address\":\"\\u9605\\u6c5f\\u897f\\u8def222\\u53f7\\u5e7f\\u5dde\\u5854\",\"zip\":0,\"name\":\"\\u9753\\u4ed4\\u54c8\",\"phone\":\"13564568789\",\"last_used_time\":1576346895,\"create_time\":\"1970-01-01 08:32:50\",\"update_time\":\"2019-12-15 02:08:15\"}',0.50,'',NULL,NULL,NULL,'pending',NULL,1,'pending',NULL,NULL,1576346895,1576348696,0,0),(130,'20191215022159144574',3,'{\"id\":2,\"user_id\":3,\"province\":\"\\u5929\\u6d25\\u5e02\",\"city\":\"\\u5e02\\u8f96\\u533a\",\"district\":\"\\u548c\\u5e73\\u533a\",\"address\":\"\\u9605\\u6c5f\\u897f\\u8def222\\u53f7\\u5e7f\\u5dde\\u5854\",\"zip\":0,\"name\":\"\\u9753\\u4ed4\\u54c8\",\"phone\":\"13564568789\",\"last_used_time\":1576347719,\"create_time\":\"1970-01-01 08:32:50\",\"update_time\":\"2019-12-15 02:21:59\"}',0.01,'',NULL,NULL,NULL,'pending',NULL,1,'pending',NULL,NULL,1576347719,1576349521,0,0),(131,'20191215022555844604',3,'{\"id\":2,\"user_id\":3,\"province\":\"\\u5929\\u6d25\\u5e02\",\"city\":\"\\u5e02\\u8f96\\u533a\",\"district\":\"\\u548c\\u5e73\\u533a\",\"address\":\"\\u9605\\u6c5f\\u897f\\u8def222\\u53f7\\u5e7f\\u5dde\\u5854\",\"zip\":0,\"name\":\"\\u9753\\u4ed4\\u54c8\",\"phone\":\"13564568789\",\"last_used_time\":1576347955,\"create_time\":\"1970-01-01 08:32:50\",\"update_time\":\"2019-12-15 02:25:55\"}',0.01,'',1576347977,'alipay','2019121522001423140549522210','pending',NULL,0,'pending',NULL,NULL,1576347955,1576347977,0,0),(132,'20191216100519957290',3,'{\"id\":2,\"user_id\":3,\"province\":\"\\u5929\\u6d25\\u5e02\",\"city\":\"\\u5e02\\u8f96\\u533a\",\"district\":\"\\u548c\\u5e73\\u533a\",\"address\":\"\\u9605\\u6c5f\\u897f\\u8def222\\u53f7\\u5e7f\\u5dde\\u5854\",\"zip\":0,\"name\":\"\\u9753\\u4ed4\\u54c8\",\"phone\":\"13564568789\",\"last_used_time\":1576461919,\"create_time\":\"1970-01-01 08:32:50\",\"update_time\":\"2019-12-16 10:05:19\"}',0.01,'',NULL,NULL,NULL,'pending',NULL,1,'pending',NULL,NULL,1576461919,1576463722,0,0),(133,'20191216101756321584',3,'{\"id\":2,\"user_id\":3,\"province\":\"\\u5929\\u6d25\\u5e02\",\"city\":\"\\u5e02\\u8f96\\u533a\",\"district\":\"\\u548c\\u5e73\\u533a\",\"address\":\"\\u9605\\u6c5f\\u897f\\u8def222\\u53f7\\u5e7f\\u5dde\\u5854\",\"zip\":0,\"name\":\"\\u9753\\u4ed4\\u54c8\",\"phone\":\"13564568789\",\"last_used_time\":1576462676,\"create_time\":\"1970-01-01 08:32:50\",\"update_time\":\"2019-12-16 10:17:56\"}',0.50,'',NULL,NULL,NULL,'pending',NULL,1,'pending',NULL,NULL,1576462676,1576464478,0,9),(134,'20191216110126512196',3,'{\"id\":3,\"user_id\":3,\"province\":\"\\u5e7f\\u4e1c\\u7701\",\"city\":\"\\u5e7f\\u5dde\\u5e02\",\"district\":\"\\u8354\\u6e7e\\u533a\",\"address\":\"\\u9605\\u6c5f\\u897f\\u8def232\\u53f7\",\"zip\":0,\"name\":\"\\u5e05\\u54e5\\u5c0f\\u7c73\\u624b\\u673affyu\",\"phone\":\"13564568781\",\"last_used_time\":1576465286,\"create_time\":\"1970-01-01 08:32:50\",\"update_time\":\"2019-12-16 11:01:26\"}',0.50,'',NULL,NULL,NULL,'pending',NULL,1,'pending',NULL,NULL,1576465286,1576467086,0,9),(135,'20191217091707277426',3,'{\"id\":35,\"user_id\":3,\"province\":\"\\u6cb3\\u5317\\u7701\",\"city\":\"\\u77f3\\u5bb6\\u5e84\\u5e02\",\"district\":\"\\u957f\\u5b89\\u533a\",\"address\":\"213123213\",\"zip\":231,\"name\":\"\\u4e24\\u682a\\u7ea2\\u989c\",\"phone\":\"13395080821\",\"last_used_time\":1576545427,\"create_time\":\"1970-01-01 08:32:50\",\"update_time\":\"2019-12-17 09:17:07\"}',0.40,'',NULL,NULL,NULL,'pending',NULL,1,'pending',NULL,NULL,1576545427,1576547229,0,0),(136,'20191217101829075932',3,'{\"id\":44,\"user_id\":3,\"province\":\"\\u5317\\u4eac\\u5e02\",\"city\":\"\\u5e02\\u8f96\\u533a\",\"district\":\"\\u897f\\u57ce\\u533a\",\"address\":\"54645\",\"zip\":22233,\"name\":\"sss\",\"phone\":\"15757409856\",\"last_used_time\":1576549109,\"create_time\":\"1970-01-01 08:33:39\",\"update_time\":\"2019-12-17 10:18:29\"}',0.01,'',NULL,NULL,NULL,'pending',NULL,1,'pending',NULL,NULL,1576549109,1576550911,0,0),(137,'20191217103644588828',3,'{\"id\":44,\"user_id\":3,\"province\":\"\\u5317\\u4eac\\u5e02\",\"city\":\"\\u5e02\\u8f96\\u533a\",\"district\":\"\\u897f\\u57ce\\u533a\",\"address\":\"54645\",\"zip\":22233,\"name\":\"sss\",\"phone\":\"15757409856\",\"last_used_time\":1576550204,\"create_time\":\"1970-01-01 08:33:39\",\"update_time\":\"2019-12-17 10:36:44\"}',0.07,'',NULL,NULL,NULL,'pending',NULL,1,'pending',NULL,NULL,1576550204,1576552006,0,0),(138,'20191217104119484085',3,'{\"id\":44,\"user_id\":3,\"province\":\"\\u5317\\u4eac\\u5e02\",\"city\":\"\\u5e02\\u8f96\\u533a\",\"district\":\"\\u897f\\u57ce\\u533a\",\"address\":\"54645\",\"zip\":22233,\"name\":\"sss\",\"phone\":\"15757409856\",\"last_used_time\":1576550479,\"create_time\":\"1970-01-01 08:33:39\",\"update_time\":\"2019-12-17 10:41:19\"}',0.50,'',NULL,NULL,NULL,'pending',NULL,1,'pending',NULL,NULL,1576550479,1576552279,0,0),(139,'20191217104257587342',3,'{\"id\":44,\"user_id\":3,\"province\":\"\\u5317\\u4eac\\u5e02\",\"city\":\"\\u5e02\\u8f96\\u533a\",\"district\":\"\\u897f\\u57ce\\u533a\",\"address\":\"54645\",\"zip\":22233,\"name\":\"sss\",\"phone\":\"15757409856\",\"last_used_time\":1576550577,\"create_time\":\"1970-01-01 08:33:39\",\"update_time\":\"2019-12-17 10:42:57\"}',0.01,'',NULL,NULL,NULL,'pending',NULL,1,'pending',NULL,NULL,1576550577,1576552378,0,0),(140,'20191217135848341142',3,'{\"id\":44,\"user_id\":3,\"province\":\"\\u5317\\u4eac\\u5e02\",\"city\":\"\\u5e02\\u8f96\\u533a\",\"district\":\"\\u897f\\u57ce\\u533a\",\"address\":\"54645\",\"zip\":22233,\"name\":\"sss\",\"phone\":\"15757409856\",\"last_used_time\":1576562328,\"create_time\":\"1970-01-01 08:33:39\",\"update_time\":\"2019-12-17 13:58:48\"}',0.01,'',NULL,NULL,NULL,'pending',NULL,1,'pending',NULL,NULL,1576562328,1576564130,0,0),(141,'20191217140554222360',3,'{\"id\":44,\"user_id\":3,\"province\":\"\\u5317\\u4eac\\u5e02\",\"city\":\"\\u5e02\\u8f96\\u533a\",\"district\":\"\\u897f\\u57ce\\u533a\",\"address\":\"54645\",\"zip\":22233,\"name\":\"sss\",\"phone\":\"15757409856\",\"last_used_time\":1576562754,\"create_time\":\"1970-01-01 08:33:39\",\"update_time\":\"2019-12-17 14:05:54\"}',0.50,'',NULL,NULL,NULL,'pending',NULL,1,'pending',NULL,NULL,1576562754,1576564556,0,0),(142,'20191217141507574621',3,'{\"id\":44,\"user_id\":3,\"province\":\"\\u5317\\u4eac\\u5e02\",\"city\":\"\\u5e02\\u8f96\\u533a\",\"district\":\"\\u897f\\u57ce\\u533a\",\"address\":\"54645\",\"zip\":22233,\"name\":\"sss\",\"phone\":\"15757409856\",\"last_used_time\":1576563307,\"create_time\":\"1970-01-01 08:33:39\",\"update_time\":\"2019-12-17 14:15:07\"}',0.50,'',NULL,NULL,NULL,'pending',NULL,1,'pending',NULL,NULL,1576563307,1576565108,0,0),(143,'20191217142738100096',3,'{\"id\":44,\"user_id\":3,\"province\":\"\\u5317\\u4eac\\u5e02\",\"city\":\"\\u5e02\\u8f96\\u533a\",\"district\":\"\\u897f\\u57ce\\u533a\",\"address\":\"54645\",\"zip\":22233,\"name\":\"sss\",\"phone\":\"15757409856\",\"last_used_time\":1576564058,\"create_time\":\"1970-01-01 08:33:39\",\"update_time\":\"2019-12-17 14:27:38\"}',0.50,'',NULL,NULL,NULL,'pending',NULL,1,'pending',NULL,NULL,1576564058,1576565858,0,0),(144,'20191217143732524061',3,'{\"id\":44,\"user_id\":3,\"province\":\"\\u5317\\u4eac\\u5e02\",\"city\":\"\\u5e02\\u8f96\\u533a\",\"district\":\"\\u897f\\u57ce\\u533a\",\"address\":\"54645\",\"zip\":22233,\"name\":\"sss\",\"phone\":\"15757409856\",\"last_used_time\":1576564652,\"create_time\":\"1970-01-01 08:33:39\",\"update_time\":\"2019-12-17 14:37:32\"}',0.01,'',1576564769,'alipay','2019121722001493930536496613','pending',NULL,0,'pending',NULL,NULL,1576564652,1576564769,0,0),(145,'20191217144305912063',3,'{\"id\":44,\"user_id\":3,\"province\":\"\\u5317\\u4eac\\u5e02\",\"city\":\"\\u5e02\\u8f96\\u533a\",\"district\":\"\\u897f\\u57ce\\u533a\",\"address\":\"54645\",\"zip\":22233,\"name\":\"sss\",\"phone\":\"15757409856\",\"last_used_time\":1576564985,\"create_time\":\"1970-01-01 08:33:39\",\"update_time\":\"2019-12-17 14:43:05\"}',0.01,'',1576565008,'alipay','2019121722001493930535981662','pending',NULL,0,'pending',NULL,NULL,1576564985,1576565008,0,0),(146,'20191217150317509162',3,'{\"id\":44,\"user_id\":3,\"province\":\"\\u5317\\u4eac\\u5e02\",\"city\":\"\\u5e02\\u8f96\\u533a\",\"district\":\"\\u897f\\u57ce\\u533a\",\"address\":\"54645\",\"zip\":22233,\"name\":\"sss\",\"phone\":\"15757409856\",\"last_used_time\":1576566197,\"create_time\":\"1970-01-01 08:33:39\",\"update_time\":\"2019-12-17 15:03:17\"}',0.50,'',NULL,NULL,NULL,'pending',NULL,1,'pending',NULL,NULL,1576566197,1576567998,0,0),(147,'20191217150459500512',3,'{\"id\":44,\"user_id\":3,\"province\":\"\\u5317\\u4eac\\u5e02\",\"city\":\"\\u5e02\\u8f96\\u533a\",\"district\":\"\\u897f\\u57ce\\u533a\",\"address\":\"54645\",\"zip\":22233,\"name\":\"sss\",\"phone\":\"15757409856\",\"last_used_time\":1576566299,\"create_time\":\"1970-01-01 08:33:39\",\"update_time\":\"2019-12-17 15:04:59\"}',0.50,'',NULL,NULL,NULL,'pending',NULL,1,'pending',NULL,NULL,1576566299,1576568100,0,0),(148,'20191217153913889275',3,'{\"id\":44,\"user_id\":3,\"province\":\"\\u5317\\u4eac\\u5e02\",\"city\":\"\\u5e02\\u8f96\\u533a\",\"district\":\"\\u897f\\u57ce\\u533a\",\"address\":\"54645\",\"zip\":22233,\"name\":\"sss\",\"phone\":\"15757409856\",\"last_used_time\":1576568353,\"create_time\":\"1970-01-01 08:33:39\",\"update_time\":\"2019-12-17 15:39:13\"}',0.01,'',1576568366,'alipay','2019121722001493930543090110','applied',NULL,0,'pending',NULL,'{\"refund_reason\":\"\\u54c8\\u54c8\"}',1576568353,1576590511,0,0),(149,'20191217154306201194',3,'{\"id\":44,\"user_id\":3,\"province\":\"\\u5317\\u4eac\\u5e02\",\"city\":\"\\u5e02\\u8f96\\u533a\",\"district\":\"\\u897f\\u57ce\\u533a\",\"address\":\"54645\",\"zip\":22233,\"name\":\"sss\",\"phone\":\"15757409856\",\"last_used_time\":1576568586,\"create_time\":\"1970-01-01 08:33:39\",\"update_time\":\"2019-12-17 15:43:06\"}',0.01,'',1576568599,'alipay','2019121722001493930537544078','applied',NULL,0,'pending',NULL,'{\"refund_reason\":\"\\u9000\\u6b3e\"}',1576568586,1576588031,0,0),(150,'20191217163818619710',3,'{\"id\":44,\"user_id\":3,\"province\":\"\\u5317\\u4eac\\u5e02\",\"city\":\"\\u5e02\\u8f96\\u533a\",\"district\":\"\\u897f\\u57ce\\u533a\",\"address\":\"54645\",\"zip\":22233,\"name\":\"sss\",\"phone\":\"15757409856\",\"last_used_time\":1576571898,\"create_time\":\"1970-01-01 08:33:39\",\"update_time\":\"2019-12-17 16:38:18\"}',0.01,'',1576571938,'alipay','2019121722001423140558879724','success','refund20191217174226190265',0,'pending',NULL,'{\"refund_reason\":\"\\u518d\\u6765\\u4e00\\u6b21\"}',1576571898,1576585494,0,0),(151,'20191217182201569703',3,'{\"id\":44,\"user_id\":3,\"province\":\"\\u5317\\u4eac\\u5e02\",\"city\":\"\\u5e02\\u8f96\\u533a\",\"district\":\"\\u897f\\u57ce\\u533a\",\"address\":\"54645\",\"zip\":22233,\"name\":\"sss\",\"phone\":\"15757409856\",\"last_used_time\":1576578121,\"create_time\":\"1970-01-01 08:33:39\",\"update_time\":\"2019-12-17 18:22:01\"}',0.01,'',NULL,NULL,NULL,'pending',NULL,1,'pending',NULL,NULL,1576578121,1576579921,0,0),(152,'20191217202951273494',3,'{\"id\":44,\"user_id\":3,\"province\":\"\\u5317\\u4eac\\u5e02\",\"city\":\"\\u5e02\\u8f96\\u533a\",\"district\":\"\\u897f\\u57ce\\u533a\",\"address\":\"54645\",\"zip\":22233,\"name\":\"sss\",\"phone\":\"15757409856\",\"last_used_time\":1576585791,\"create_time\":\"1970-01-01 08:33:39\",\"update_time\":\"2019-12-17 20:29:51\"}',0.01,'',1576585799,'alipay','2019121722001423140562410526','pending',NULL,0,'received','{\"express_company\":\"\\u767e\\u4e16\\u5feb\\u9012\",\"express_no\":\"70303808964270\",\"express_time\":1576588942}',NULL,1576585791,1576589551,0,0),(153,'20191217214859755293',3,'{\"id\":44,\"user_id\":3,\"province\":\"\\u5317\\u4eac\\u5e02\",\"city\":\"\\u5e02\\u8f96\\u533a\",\"district\":\"\\u897f\\u57ce\\u533a\",\"address\":\"54645\",\"zip\":22233,\"name\":\"sss\",\"phone\":\"15757409856\",\"last_used_time\":1576590539,\"create_time\":\"1970-01-01 08:33:39\",\"update_time\":\"2019-12-17 21:48:59\"}',0.01,'',NULL,NULL,NULL,'pending',NULL,1,'pending',NULL,NULL,1576590539,1576592339,0,0),(154,'20191217215212272569',3,'{\"id\":44,\"user_id\":3,\"province\":\"\\u5317\\u4eac\\u5e02\",\"city\":\"\\u5e02\\u8f96\\u533a\",\"district\":\"\\u897f\\u57ce\\u533a\",\"address\":\"54645\",\"zip\":22233,\"name\":\"sss\",\"phone\":\"15757409856\",\"last_used_time\":1576590732,\"create_time\":\"1970-01-01 08:33:39\",\"update_time\":\"2019-12-17 21:52:12\"}',0.01,'',1576590746,'alipay','2019121722001423140567731056','pending',NULL,0,'received','{\"express_company\":\"\\u767e\\u4e16\\u5feb\\u9012\",\"express_no\":\"70303808964270\",\"express_time\":1576590808}',NULL,1576590732,1576590834,0,0),(155,'20191217220207547581',3,'{\"id\":44,\"user_id\":3,\"province\":\"\\u5317\\u4eac\\u5e02\",\"city\":\"\\u5e02\\u8f96\\u533a\",\"district\":\"\\u897f\\u57ce\\u533a\",\"address\":\"54645\",\"zip\":22233,\"name\":\"sss\",\"phone\":\"15757409856\",\"last_used_time\":1576591327,\"create_time\":\"1970-01-01 08:33:39\",\"update_time\":\"2019-12-17 22:02:07\"}',0.01,'',1576595181,'wechat','20191217220207547581','pending',NULL,1,'pending',NULL,NULL,1576591327,1576595181,0,0),(156,'20191217221351031761',3,'{\"id\":44,\"user_id\":3,\"province\":\"\\u5317\\u4eac\\u5e02\",\"city\":\"\\u5e02\\u8f96\\u533a\",\"district\":\"\\u897f\\u57ce\\u533a\",\"address\":\"54645\",\"zip\":22233,\"name\":\"sss\",\"phone\":\"15757409856\",\"last_used_time\":1576592031,\"create_time\":\"1970-01-01 08:33:39\",\"update_time\":\"2019-12-17 22:13:51\"}',0.01,'',1576595885,'wechat','20191217221351031761','pending',NULL,1,'pending',NULL,NULL,1576592031,1576595885,0,0),(157,'20191217221816068977',3,'{\"id\":44,\"user_id\":3,\"province\":\"\\u5317\\u4eac\\u5e02\",\"city\":\"\\u5e02\\u8f96\\u533a\",\"district\":\"\\u897f\\u57ce\\u533a\",\"address\":\"54645\",\"zip\":22233,\"name\":\"sss\",\"phone\":\"15757409856\",\"last_used_time\":1576592296,\"create_time\":\"1970-01-01 08:33:39\",\"update_time\":\"2019-12-17 22:18:16\"}',0.01,'',1576594361,'wechat','20191217221816068977','pending',NULL,1,'pending',NULL,NULL,1576592296,1576594361,0,0),(158,'20191217222052263802',3,'{\"id\":44,\"user_id\":3,\"province\":\"\\u5317\\u4eac\\u5e02\",\"city\":\"\\u5e02\\u8f96\\u533a\",\"district\":\"\\u897f\\u57ce\\u533a\",\"address\":\"54645\",\"zip\":22233,\"name\":\"sss\",\"phone\":\"15757409856\",\"last_used_time\":1576592452,\"create_time\":\"1970-01-01 08:33:39\",\"update_time\":\"2019-12-17 22:20:52\"}',0.01,'',1576594504,'wechat','20191217222052263802','pending',NULL,1,'pending',NULL,NULL,1576592452,1576594504,0,0),(159,'20191217222309662839',3,'{\"id\":44,\"user_id\":3,\"province\":\"\\u5317\\u4eac\\u5e02\",\"city\":\"\\u5e02\\u8f96\\u533a\",\"district\":\"\\u897f\\u57ce\\u533a\",\"address\":\"54645\",\"zip\":22233,\"name\":\"sss\",\"phone\":\"15757409856\",\"last_used_time\":1576592589,\"create_time\":\"1970-01-01 08:33:39\",\"update_time\":\"2019-12-17 22:23:09\"}',0.01,'',1576594641,'wechat','20191217222309662839','pending',NULL,1,'pending',NULL,NULL,1576592589,1576594641,0,0),(160,'20191217223410092466',3,'{\"id\":44,\"user_id\":3,\"province\":\"\\u5317\\u4eac\\u5e02\",\"city\":\"\\u5e02\\u8f96\\u533a\",\"district\":\"\\u897f\\u57ce\\u533a\",\"address\":\"54645\",\"zip\":22233,\"name\":\"sss\",\"phone\":\"15757409856\",\"last_used_time\":1576593250,\"create_time\":\"1970-01-01 08:33:39\",\"update_time\":\"2019-12-17 22:34:10\"}',0.01,'',1576595304,'wechat','20191217223410092466','pending',NULL,1,'pending',NULL,NULL,1576593250,1576595304,0,0),(161,'20191217223858158865',3,'{\"id\":44,\"user_id\":3,\"province\":\"\\u5317\\u4eac\\u5e02\",\"city\":\"\\u5e02\\u8f96\\u533a\",\"district\":\"\\u897f\\u57ce\\u533a\",\"address\":\"54645\",\"zip\":22233,\"name\":\"sss\",\"phone\":\"15757409856\",\"last_used_time\":1576593538,\"create_time\":\"1970-01-01 08:33:39\",\"update_time\":\"2019-12-17 22:38:58\"}',0.01,'',1576594391,'wechat','20191217223858158865','pending',NULL,0,'pending',NULL,NULL,1576593538,1576594391,0,0),(162,'20191217224041656160',3,'{\"id\":44,\"user_id\":3,\"province\":\"\\u5317\\u4eac\\u5e02\",\"city\":\"\\u5e02\\u8f96\\u533a\",\"district\":\"\\u897f\\u57ce\\u533a\",\"address\":\"54645\",\"zip\":22233,\"name\":\"sss\",\"phone\":\"15757409856\",\"last_used_time\":1576593641,\"create_time\":\"1970-01-01 08:33:39\",\"update_time\":\"2019-12-17 22:40:41\"}',0.01,'',1576594491,'wechat','20191217224041656160','pending',NULL,0,'pending',NULL,NULL,1576593641,1576594491,0,0),(163,'20191217224257022620',3,'{\"id\":44,\"user_id\":3,\"province\":\"\\u5317\\u4eac\\u5e02\",\"city\":\"\\u5e02\\u8f96\\u533a\",\"district\":\"\\u897f\\u57ce\\u533a\",\"address\":\"54645\",\"zip\":22233,\"name\":\"sss\",\"phone\":\"15757409856\",\"last_used_time\":1576593777,\"create_time\":\"1970-01-01 08:33:39\",\"update_time\":\"2019-12-17 22:42:57\"}',0.01,'',1576594629,'wechat','20191217224257022620','pending',NULL,0,'pending',NULL,NULL,1576593777,1576594629,0,0),(164,'20191217224340832328',3,'{\"id\":44,\"user_id\":3,\"province\":\"\\u5317\\u4eac\\u5e02\",\"city\":\"\\u5e02\\u8f96\\u533a\",\"district\":\"\\u897f\\u57ce\\u533a\",\"address\":\"54645\",\"zip\":22233,\"name\":\"sss\",\"phone\":\"15757409856\",\"last_used_time\":1576593820,\"create_time\":\"1970-01-01 08:33:39\",\"update_time\":\"2019-12-17 22:43:40\"}',0.01,'',1576594683,'wechat','20191217224340832328','pending',NULL,0,'pending',NULL,NULL,1576593820,1576594683,0,0),(165,'20191217224506965716',3,'{\"id\":44,\"user_id\":3,\"province\":\"\\u5317\\u4eac\\u5e02\",\"city\":\"\\u5e02\\u8f96\\u533a\",\"district\":\"\\u897f\\u57ce\\u533a\",\"address\":\"54645\",\"zip\":22233,\"name\":\"sss\",\"phone\":\"15757409856\",\"last_used_time\":1576593906,\"create_time\":\"1970-01-01 08:33:39\",\"update_time\":\"2019-12-17 22:45:06\"}',0.50,'',1576594758,'wechat','20191217224506965716','pending',NULL,0,'received','{\"express_company\":\"\\u767e\\u4e16\\u5feb\\u9012\",\"express_no\":\"70303808964270\",\"express_time\":1577019590}',NULL,1576593906,1577157217,0,0),(166,'20191217224643362047',3,'{\"id\":44,\"user_id\":3,\"province\":\"\\u5317\\u4eac\\u5e02\",\"city\":\"\\u5e02\\u8f96\\u533a\",\"district\":\"\\u897f\\u57ce\\u533a\",\"address\":\"54645\",\"zip\":22233,\"name\":\"sss\",\"phone\":\"15757409856\",\"last_used_time\":1576594003,\"create_time\":\"1970-01-01 08:33:39\",\"update_time\":\"2019-12-17 22:46:43\"}',0.01,'',1576594254,'wechat','20191217224643362047','pending',NULL,0,'received','{\"express_company\":\"\\u767e\\u4e16\\u5feb\\u9012\",\"express_no\":\"70303808964270\",\"express_time\":1577016115}',NULL,1576594003,1577016912,0,0),(167,'20191217225055755683',3,'{\"id\":44,\"user_id\":3,\"province\":\"\\u5317\\u4eac\\u5e02\",\"city\":\"\\u5e02\\u8f96\\u533a\",\"district\":\"\\u897f\\u57ce\\u533a\",\"address\":\"54645\",\"zip\":22233,\"name\":\"sss\",\"phone\":\"15757409856\",\"last_used_time\":1576594255,\"create_time\":\"1970-01-01 08:33:39\",\"update_time\":\"2019-12-17 22:50:55\"}',0.01,'',1576594264,'wechat','20191217225055755683','success','refund20191217231044802543',0,'pending',NULL,'{\"refund_reason\":\"\\u4e0b\\u9519\\u5355\\u4e86\"}',1576594255,1576595445,0,0),(169,'20191218101314151611',3,'{\"id\":35,\"user_id\":3,\"province\":\"\\u6cb3\\u5317\\u7701\",\"city\":\"\\u77f3\\u5bb6\\u5e84\\u5e02\",\"district\":\"\\u957f\\u5b89\\u533a\",\"address\":\"213123213\",\"zip\":231,\"name\":\"\\u4e24\\u682a\\u7ea2\\u989c\",\"phone\":\"13395080821\",\"last_used_time\":1576635194,\"create_time\":\"1970-01-01 08:32:50\",\"update_time\":\"2019-12-18 10:13:14\"}',0.01,'',NULL,NULL,NULL,'pending',NULL,1,'pending',NULL,NULL,1576635194,1576636996,0,0),(170,'20191219134643322757',3,'{\"id\":2,\"user_id\":3,\"province\":\"\\u5929\\u6d25\\u5e02\",\"city\":\"\\u5e02\\u8f96\\u533a\",\"district\":\"\\u548c\\u5e73\\u533a\",\"address\":\"\\u9605\\u6c5f\\u897f\\u8def222\\u53f7\\u5e7f\\u5dde\\u5854\",\"zip\":0,\"name\":\"\\u9753\\u4ed4\\u54c8\",\"phone\":\"13564568789\",\"last_used_time\":1576734403,\"create_time\":\"1970-01-01 08:32:50\",\"update_time\":\"2019-12-19 13:46:43\"}',0.14,'',NULL,NULL,NULL,'pending',NULL,1,'pending',NULL,NULL,1576734403,1576736204,0,0),(171,'20191219135612942425',3,'{\"id\":2,\"user_id\":3,\"province\":\"\\u5929\\u6d25\\u5e02\",\"city\":\"\\u5e02\\u8f96\\u533a\",\"district\":\"\\u548c\\u5e73\\u533a\",\"address\":\"\\u9605\\u6c5f\\u897f\\u8def222\\u53f7\\u5e7f\\u5dde\\u5854\",\"zip\":0,\"name\":\"\\u9753\\u4ed4\\u54c8\",\"phone\":\"13564568789\",\"last_used_time\":1576734972,\"create_time\":\"1970-01-01 08:32:50\",\"update_time\":\"2019-12-19 13:56:12\"}',0.04,'',NULL,NULL,NULL,'pending',NULL,1,'pending',NULL,NULL,1576734972,1576736774,0,10),(172,'20191219154211928938',3,'{\"id\":3,\"user_id\":3,\"province\":\"\\u5e7f\\u4e1c\\u7701\",\"city\":\"\\u5e7f\\u5dde\\u5e02\",\"district\":\"\\u8354\\u6e7e\\u533a\",\"address\":\"\\u9605\\u6c5f\\u897f\\u8def232\\u53f7\",\"zip\":0,\"name\":\"\\u5e05\\u54e5\\u5c0f\\u7c73\\u624b\\u673affyu\",\"phone\":\"13564568781\",\"last_used_time\":1576741331,\"create_time\":\"1970-01-01 08:32:50\",\"update_time\":\"2019-12-19 15:42:11\"}',0.62,'',NULL,NULL,NULL,'pending',NULL,1,'pending',NULL,NULL,1576741331,1576743133,0,0),(173,'20191219160021595661',3,'{\"id\":3,\"user_id\":3,\"province\":\"\\u5e7f\\u4e1c\\u7701\",\"city\":\"\\u5e7f\\u5dde\\u5e02\",\"district\":\"\\u8354\\u6e7e\\u533a\",\"address\":\"\\u9605\\u6c5f\\u897f\\u8def232\\u53f7\",\"zip\":0,\"name\":\"\\u5e05\\u54e5\\u5c0f\\u7c73\\u624b\\u673affyu\",\"phone\":\"13564568781\",\"last_used_time\":1576742421,\"create_time\":\"1970-01-01 08:32:50\",\"update_time\":\"2019-12-19 16:00:21\"}',0.50,'',NULL,NULL,NULL,'pending',NULL,1,'pending',NULL,NULL,1576742421,1576744222,0,10),(174,'20191219161635471403',3,'{\"id\":3,\"user_id\":3,\"province\":\"\\u5e7f\\u4e1c\\u7701\",\"city\":\"\\u5e7f\\u5dde\\u5e02\",\"district\":\"\\u8354\\u6e7e\\u533a\",\"address\":\"\\u9605\\u6c5f\\u897f\\u8def232\\u53f7\",\"zip\":0,\"name\":\"\\u5e05\\u54e5\\u5c0f\\u7c73\\u624b\\u673affyu\",\"phone\":\"13564568781\",\"last_used_time\":1576743395,\"create_time\":\"1970-01-01 08:32:50\",\"update_time\":\"2019-12-19 16:16:35\"}',0.51,'',NULL,NULL,NULL,'pending',NULL,1,'pending',NULL,NULL,1576743395,1576745195,0,9),(175,'20191219164927004253',3,'{\"id\":35,\"user_id\":3,\"province\":\"\\u8fbd\\u5b81\\u7701\",\"city\":\"\\u6c88\\u9633\\u5e02\",\"district\":\"\\u548c\\u5e73\\u533a\",\"address\":\"213123213\",\"zip\":231,\"name\":\"\\u4e24\\u682a\\u7ea21\\u989c\",\"phone\":\"13395080823\",\"last_used_time\":1576745367,\"create_time\":\"1970-01-01 08:32:50\",\"update_time\":\"2019-12-19 16:49:27\"}',7.51,'',NULL,NULL,NULL,'pending',NULL,1,'pending',NULL,NULL,1576745367,1576747169,0,10),(176,'20191219212041835832',3,'{\"id\":35,\"user_id\":3,\"province\":\"\\u8fbd\\u5b81\\u7701\",\"city\":\"\\u6c88\\u9633\\u5e02\",\"district\":\"\\u548c\\u5e73\\u533a\",\"address\":\"213123213\",\"zip\":231,\"name\":\"\\u4e24\\u682a\\u7ea21\\u989c\",\"phone\":\"13395080823\",\"last_used_time\":1576761641,\"create_time\":\"1970-01-01 08:32:50\",\"update_time\":\"2019-12-19 21:20:41\"}',0.57,'',NULL,NULL,NULL,'pending',NULL,1,'pending',NULL,NULL,1576761641,1576763443,0,9),(177,'20191219220310861096',3,'{\"id\":2,\"user_id\":3,\"province\":\"\\u5929\\u6d25\\u5e02\",\"city\":\"\\u5e02\\u8f96\\u533a\",\"district\":\"\\u548c\\u5e73\\u533a\",\"address\":\"\\u9605\\u6c5f\\u897f\\u8def222\\u53f7\\u5e7f\\u5dde\\u5854\",\"zip\":0,\"name\":\"\\u9753\\u4ed4\\u54c8\",\"phone\":\"13564568789\",\"last_used_time\":1576764190,\"create_time\":\"1970-01-01 08:32:50\",\"update_time\":\"2019-12-19 22:03:10\"}',1.01,'',NULL,NULL,NULL,'pending',NULL,1,'pending',NULL,NULL,1576764190,1576765991,0,9),(178,'20191220082511918437',3,'{\"id\":2,\"user_id\":3,\"province\":\"\\u5929\\u6d25\\u5e02\",\"city\":\"\\u5e02\\u8f96\\u533a\",\"district\":\"\\u548c\\u5e73\\u533a\",\"address\":\"\\u9605\\u6c5f\\u897f\\u8def222\\u53f7\\u5e7f\\u5dde\\u5854\",\"zip\":0,\"name\":\"\\u9753\\u4ed4\\u54c8\",\"phone\":\"13564568789\",\"last_used_time\":1576801511,\"create_time\":\"1970-01-01 08:32:50\",\"update_time\":\"2019-12-20 08:25:11\"}',0.50,'',NULL,NULL,NULL,'pending',NULL,1,'pending',NULL,NULL,1576801511,1576803313,0,0),(179,'20191220103849164343',3,'{\"id\":2,\"user_id\":3,\"province\":\"\\u5929\\u6d25\\u5e02\",\"city\":\"\\u5e02\\u8f96\\u533a\",\"district\":\"\\u548c\\u5e73\\u533a\",\"address\":\"\\u9605\\u6c5f\\u897f\\u8def222\\u53f7\\u5e7f\\u5dde\\u5854\",\"zip\":0,\"name\":\"\\u9753\\u4ed4\\u54c8\",\"phone\":\"13564568789\",\"last_used_time\":1576809529,\"create_time\":\"1970-01-01 08:32:50\",\"update_time\":\"2019-12-20 10:38:49\"}',0.10,'',NULL,NULL,NULL,'pending',NULL,1,'pending',NULL,NULL,1576809529,1576811329,0,10),(180,'20191220104724062831',3,'{\"id\":35,\"user_id\":3,\"province\":\"\\u8fbd\\u5b81\\u7701\",\"city\":\"\\u6c88\\u9633\\u5e02\",\"district\":\"\\u548c\\u5e73\\u533a\",\"address\":\"213123213\",\"zip\":231,\"name\":\"\\u4e24\\u682a\\u7ea21\\u989c\",\"phone\":\"13395080823\",\"last_used_time\":1576810044,\"create_time\":\"1970-01-01 08:32:50\",\"update_time\":\"2019-12-20 10:47:24\"}',0.50,'',NULL,NULL,NULL,'pending',NULL,1,'pending',NULL,NULL,1576810044,1576811845,0,0),(181,'20191220105300143659',3,'{\"id\":2,\"user_id\":3,\"province\":\"\\u5929\\u6d25\\u5e02\",\"city\":\"\\u5e02\\u8f96\\u533a\",\"district\":\"\\u548c\\u5e73\\u533a\",\"address\":\"\\u9605\\u6c5f\\u897f\\u8def222\\u53f7\\u5e7f\\u5dde\\u5854\",\"zip\":0,\"name\":\"\\u9753\\u4ed4\\u54c8\",\"phone\":\"13564568789\",\"last_used_time\":1576810380,\"create_time\":\"1970-01-01 08:32:50\",\"update_time\":\"2019-12-20 10:53:00\"}',0.01,'',NULL,NULL,NULL,'pending',NULL,1,'pending',NULL,NULL,1576810380,1576812181,0,0),(182,'20191220112529903402',3,'{\"id\":2,\"user_id\":3,\"province\":\"\\u5929\\u6d25\\u5e02\",\"city\":\"\\u5e02\\u8f96\\u533a\",\"district\":\"\\u548c\\u5e73\\u533a\",\"address\":\"\\u9605\\u6c5f\\u897f\\u8def222\\u53f7\\u5e7f\\u5dde\\u5854\",\"zip\":0,\"name\":\"\\u9753\\u4ed4\\u54c8\",\"phone\":\"13564568789\",\"last_used_time\":1576812329,\"create_time\":\"1970-01-01 08:32:50\",\"update_time\":\"2019-12-20 11:25:29\"}',0.25,'',NULL,NULL,NULL,'pending',NULL,1,'pending',NULL,NULL,1576812329,1576814129,0,10),(183,'20191220145504806016',3,'{\"id\":35,\"user_id\":3,\"province\":\"\\u8fbd\\u5b81\\u7701\",\"city\":\"\\u6c88\\u9633\\u5e02\",\"district\":\"\\u548c\\u5e73\\u533a\",\"address\":\"213123213\",\"zip\":231,\"name\":\"\\u4e24\\u682a\\u7ea21\\u989c\",\"phone\":\"13395080823\",\"last_used_time\":1576824904,\"create_time\":\"1970-01-01 08:32:50\",\"update_time\":\"2019-12-20 14:55:04\"}',1.04,'',NULL,NULL,NULL,'pending',NULL,1,'pending',NULL,NULL,1576824904,1576826706,0,9),(184,'20191220162632147775',3,'{\"id\":43,\"user_id\":3,\"province\":\"\\u6cb3\\u5317\\u7701\",\"city\":\"\\u77f3\\u5bb6\\u5e84\\u5e02\",\"district\":\"\\u65b0\\u534e\\u533a\",\"address\":\"dssss\",\"zip\":12223,\"name\":\"oppo\",\"phone\":\"15757956985\",\"last_used_time\":1576830392,\"create_time\":\"2019-12-17 10:09:02\",\"update_time\":\"2019-12-20 16:26:32\"}',0.51,'',NULL,NULL,NULL,'pending',NULL,1,'pending',NULL,NULL,1576830392,1576832194,0,0),(185,'20191220162850598239',3,'{\"id\":35,\"user_id\":3,\"province\":\"\\u8fbd\\u5b81\\u7701\",\"city\":\"\\u6c88\\u9633\\u5e02\",\"district\":\"\\u548c\\u5e73\\u533a\",\"address\":\"213123213\",\"zip\":231,\"name\":\"\\u4e24\\u682a\\u7ea21\\u989c\",\"phone\":\"13395080823\",\"last_used_time\":1576830530,\"create_time\":\"1970-01-01 08:32:50\",\"update_time\":\"2019-12-20 16:28:50\"}',0.01,'',NULL,NULL,NULL,'pending',NULL,1,'pending',NULL,NULL,1576830530,1576832332,0,0),(186,'20191220164234455876',3,'{\"id\":35,\"user_id\":3,\"province\":\"\\u8fbd\\u5b81\\u7701\",\"city\":\"\\u6c88\\u9633\\u5e02\",\"district\":\"\\u548c\\u5e73\\u533a\",\"address\":\"213123213\",\"zip\":231,\"name\":\"\\u4e24\\u682a\\u7ea21\\u989c\",\"phone\":\"13395080823\",\"last_used_time\":1576831354,\"create_time\":\"1970-01-01 08:32:50\",\"update_time\":\"2019-12-20 16:42:34\"}',0.01,'',1576831360,'alipay','2019122022001480181401207024','applied',NULL,0,'pending',NULL,'{\"refund_reason\":\"\\u6d4b\\u8bd5\"}',1576831354,1576831394,0,0),(187,'20191220165114404728',3,'{\"id\":35,\"user_id\":3,\"province\":\"\\u8fbd\\u5b81\\u7701\",\"city\":\"\\u6c88\\u9633\\u5e02\",\"district\":\"\\u548c\\u5e73\\u533a\",\"address\":\"213123213\",\"zip\":231,\"name\":\"\\u4e24\\u682a\\u7ea21\\u989c\",\"phone\":\"13395080823\",\"last_used_time\":1576831874,\"create_time\":\"1970-01-01 08:32:50\",\"update_time\":\"2019-12-20 16:51:14\"}',0.14,'',NULL,NULL,NULL,'pending',NULL,1,'pending',NULL,NULL,1576831874,1576833674,0,10),(188,'20191220170634868929',3,'{\"id\":35,\"user_id\":3,\"province\":\"\\u8fbd\\u5b81\\u7701\",\"city\":\"\\u6c88\\u9633\\u5e02\",\"district\":\"\\u548c\\u5e73\\u533a\",\"address\":\"213123213\",\"zip\":231,\"name\":\"\\u4e24\\u682a\\u7ea21\\u989c\",\"phone\":\"13395080823\",\"last_used_time\":1576832794,\"create_time\":\"1970-01-01 08:32:50\",\"update_time\":\"2019-12-20 17:06:34\"}',0.02,'',NULL,NULL,NULL,'pending',NULL,1,'pending',NULL,NULL,1576832794,1576834595,0,0),(189,'20191220173434780483',3,'{\"id\":35,\"user_id\":3,\"province\":\"\\u8fbd\\u5b81\\u7701\",\"city\":\"\\u6c88\\u9633\\u5e02\",\"district\":\"\\u548c\\u5e73\\u533a\",\"address\":\"213123213\",\"zip\":231,\"name\":\"\\u4e24\\u682a\\u7ea21\\u989c\",\"phone\":\"13395080823\",\"last_used_time\":1576834474,\"create_time\":\"1970-01-01 08:32:50\",\"update_time\":\"2019-12-20 17:34:34\"}',0.03,'',NULL,NULL,NULL,'pending',NULL,1,'pending',NULL,NULL,1576834474,1576836276,0,0),(190,'20191220174119716856',3,'{\"id\":35,\"user_id\":3,\"province\":\"\\u8fbd\\u5b81\\u7701\",\"city\":\"\\u6c88\\u9633\\u5e02\",\"district\":\"\\u548c\\u5e73\\u533a\",\"address\":\"213123213\",\"zip\":231,\"name\":\"\\u4e24\\u682a\\u7ea21\\u989c\",\"phone\":\"13395080823\",\"last_used_time\":1576834879,\"create_time\":\"1970-01-01 08:32:50\",\"update_time\":\"2019-12-20 17:41:19\"}',0.03,'',NULL,NULL,NULL,'pending',NULL,1,'pending',NULL,NULL,1576834879,1576836681,0,10),(191,'20191220175340963265',3,'{\"id\":35,\"user_id\":3,\"province\":\"\\u8fbd\\u5b81\\u7701\",\"city\":\"\\u6c88\\u9633\\u5e02\",\"district\":\"\\u548c\\u5e73\\u533a\",\"address\":\"213123213\",\"zip\":231,\"name\":\"\\u4e24\\u682a\\u7ea21\\u989c\",\"phone\":\"13395080823\",\"last_used_time\":1576835620,\"create_time\":\"1970-01-01 08:32:50\",\"update_time\":\"2019-12-20 17:53:40\"}',59.90,'',NULL,NULL,NULL,'pending',NULL,1,'pending',NULL,NULL,1576835620,1576837422,0,9),(192,'20191220183442438219',3,'{\"id\":35,\"user_id\":3,\"province\":\"\\u8fbd\\u5b81\\u7701\",\"city\":\"\\u6c88\\u9633\\u5e02\",\"district\":\"\\u548c\\u5e73\\u533a\",\"address\":\"213123213\",\"zip\":231,\"name\":\"\\u4e24\\u682a\\u7ea21\\u989c\",\"phone\":\"13395080823\",\"last_used_time\":1576838082,\"create_time\":\"1970-01-01 08:32:50\",\"update_time\":\"2019-12-20 18:34:42\"}',0.13,'',NULL,NULL,NULL,'pending',NULL,1,'pending',NULL,NULL,1576838082,1576839883,0,10),(193,'20191220183524477369',3,'{\"id\":35,\"user_id\":3,\"province\":\"\\u8fbd\\u5b81\\u7701\",\"city\":\"\\u6c88\\u9633\\u5e02\",\"district\":\"\\u548c\\u5e73\\u533a\",\"address\":\"213123213\",\"zip\":231,\"name\":\"\\u4e24\\u682a\\u7ea21\\u989c\",\"phone\":\"13395080823\",\"last_used_time\":1576838124,\"create_time\":\"1970-01-01 08:32:50\",\"update_time\":\"2019-12-20 18:35:24\"}',30.00,'',NULL,NULL,NULL,'pending',NULL,1,'pending',NULL,NULL,1576838124,1576839925,0,0),(194,'20191220183857865095',3,'{\"id\":35,\"user_id\":3,\"province\":\"\\u8fbd\\u5b81\\u7701\",\"city\":\"\\u6c88\\u9633\\u5e02\",\"district\":\"\\u548c\\u5e73\\u533a\",\"address\":\"213123213\",\"zip\":231,\"name\":\"\\u4e24\\u682a\\u7ea21\\u989c\",\"phone\":\"13395080823\",\"last_used_time\":1576838337,\"create_time\":\"1970-01-01 08:32:50\",\"update_time\":\"2019-12-20 18:38:57\"}',59.77,'',NULL,NULL,NULL,'pending',NULL,1,'pending',NULL,NULL,1576838337,1576840138,0,9),(195,'20191220201721208340',3,'{\"id\":44,\"user_id\":3,\"province\":\"\\u5185\\u8499\\u53e4\\u81ea\\u6cbb\\u533a\",\"city\":\"\\u8d64\\u5cf0\\u5e02\",\"district\":\"\\u7ea2\\u5c71\\u533a\",\"address\":\"5445\",\"zip\":222,\"name\":\"bbb\",\"phone\":\"15757409877\",\"last_used_time\":1576844241,\"create_time\":\"1970-01-01 08:32:50\",\"update_time\":\"2019-12-20 20:17:21\"}',1.00,'',NULL,NULL,NULL,'pending',NULL,1,'pending',NULL,NULL,1576844241,1576846041,0,10),(196,'20191220203150949576',3,'{\"id\":44,\"user_id\":3,\"province\":\"\\u5185\\u8499\\u53e4\\u81ea\\u6cbb\\u533a\",\"city\":\"\\u8d64\\u5cf0\\u5e02\",\"district\":\"\\u7ea2\\u5c71\\u533a\",\"address\":\"5445\",\"zip\":222,\"name\":\"bbb\",\"phone\":\"15757409877\",\"last_used_time\":1576845110,\"create_time\":\"1970-01-01 08:32:50\",\"update_time\":\"2019-12-20 20:31:50\"}',0.50,'',NULL,NULL,NULL,'pending',NULL,1,'pending',NULL,NULL,1576845110,1576846911,0,9),(197,'20191220211531812259',3,'{\"id\":35,\"user_id\":3,\"province\":\"\\u8fbd\\u5b81\\u7701\",\"city\":\"\\u6c88\\u9633\\u5e02\",\"district\":\"\\u548c\\u5e73\\u533a\",\"address\":\"213123213\",\"zip\":231,\"name\":\"\\u4e24\\u682a\\u7ea21\\u989c\",\"phone\":\"13395080823\",\"last_used_time\":1576847731,\"create_time\":\"1970-01-01 08:32:50\",\"update_time\":\"2019-12-20 21:15:31\"}',0.50,'',NULL,NULL,NULL,'pending',NULL,1,'pending',NULL,NULL,1576847731,1576849531,0,0),(198,'20191220211747011737',3,'{\"id\":44,\"user_id\":3,\"province\":\"\\u5185\\u8499\\u53e4\\u81ea\\u6cbb\\u533a\",\"city\":\"\\u8d64\\u5cf0\\u5e02\",\"district\":\"\\u7ea2\\u5c71\\u533a\",\"address\":\"5445\",\"zip\":222,\"name\":\"bbb\",\"phone\":\"15757409877\",\"last_used_time\":1576847867,\"create_time\":\"1970-01-01 08:32:50\",\"update_time\":\"2019-12-20 21:17:47\"}',0.50,'',NULL,NULL,NULL,'pending',NULL,1,'pending',NULL,NULL,1576847867,1576849669,0,0),(199,'20191220212259211998',3,'{\"id\":35,\"user_id\":3,\"province\":\"\\u8fbd\\u5b81\\u7701\",\"city\":\"\\u6c88\\u9633\\u5e02\",\"district\":\"\\u548c\\u5e73\\u533a\",\"address\":\"213123213\",\"zip\":231,\"name\":\"\\u4e24\\u682a\\u7ea21\\u989c\",\"phone\":\"13395080823\",\"last_used_time\":1576848179,\"create_time\":\"1970-01-01 08:32:50\",\"update_time\":\"2019-12-20 21:22:59\"}',0.50,'',NULL,NULL,NULL,'pending',NULL,1,'pending',NULL,NULL,1576848179,1576849981,0,0),(200,'20191220212519529319',3,'{\"id\":44,\"user_id\":3,\"province\":\"\\u5185\\u8499\\u53e4\\u81ea\\u6cbb\\u533a\",\"city\":\"\\u8d64\\u5cf0\\u5e02\",\"district\":\"\\u7ea2\\u5c71\\u533a\",\"address\":\"5445\",\"zip\":222,\"name\":\"bbb\",\"phone\":\"15757409877\",\"last_used_time\":1576848319,\"create_time\":\"1970-01-01 08:32:50\",\"update_time\":\"2019-12-20 21:25:19\"}',0.07,'',NULL,NULL,NULL,'pending',NULL,1,'pending',NULL,NULL,1576848319,1576850119,0,0),(201,'20191220214629388945',3,'{\"id\":35,\"user_id\":3,\"province\":\"\\u8fbd\\u5b81\\u7701\",\"city\":\"\\u6c88\\u9633\\u5e02\",\"district\":\"\\u548c\\u5e73\\u533a\",\"address\":\"213123213\",\"zip\":231,\"name\":\"\\u4e24\\u682a\\u7ea21\\u989c\",\"phone\":\"13395080823\",\"last_used_time\":1576849589,\"create_time\":\"1970-01-01 08:32:50\",\"update_time\":\"2019-12-20 21:46:29\"}',0.50,'',NULL,NULL,NULL,'pending',NULL,1,'pending',NULL,NULL,1576849589,1576851389,0,0),(202,'20191220220318029572',3,'{\"id\":44,\"user_id\":3,\"province\":\"\\u5185\\u8499\\u53e4\\u81ea\\u6cbb\\u533a\",\"city\":\"\\u8d64\\u5cf0\\u5e02\",\"district\":\"\\u7ea2\\u5c71\\u533a\",\"address\":\"5445\",\"zip\":222,\"name\":\"bbb\",\"phone\":\"15757409877\",\"last_used_time\":1576850598,\"create_time\":\"1970-01-01 08:32:50\",\"update_time\":\"2019-12-20 22:03:18\"}',0.50,'',NULL,NULL,NULL,'pending',NULL,1,'pending',NULL,NULL,1576850598,1576852400,0,0),(203,'20191221102825818158',3,'{\"id\":44,\"user_id\":3,\"province\":\"\\u5185\\u8499\\u53e4\\u81ea\\u6cbb\\u533a\",\"city\":\"\\u8d64\\u5cf0\\u5e02\",\"district\":\"\\u7ea2\\u5c71\\u533a\",\"address\":\"5445\",\"zip\":222,\"name\":\"bbb\",\"phone\":\"15757409877\",\"last_used_time\":1576895305,\"create_time\":\"1970-01-01 08:32:50\",\"update_time\":\"2019-12-21 10:28:25\"}',59.84,'',NULL,NULL,NULL,'pending',NULL,1,'pending',NULL,NULL,1576895305,1576897107,0,9),(204,'20191221193058383197',3,'{\"id\":35,\"user_id\":3,\"province\":\"\\u8fbd\\u5b81\\u7701\",\"city\":\"\\u6c88\\u9633\\u5e02\",\"district\":\"\\u548c\\u5e73\\u533a\",\"address\":\"213123213\",\"zip\":231,\"name\":\"\\u4e24\\u682a\\u7ea21\\u989c\",\"phone\":\"13395080823\",\"last_used_time\":1576927858,\"create_time\":\"1970-01-01 08:32:50\",\"update_time\":\"2019-12-21 19:30:58\"}',0.06,'',NULL,NULL,NULL,'pending',NULL,1,'pending',NULL,NULL,1576927858,1576929658,0,0),(205,'20191221193627443769',3,'{\"id\":43,\"user_id\":3,\"province\":\"\\u6cb3\\u5317\\u7701\",\"city\":\"\\u77f3\\u5bb6\\u5e84\\u5e02\",\"district\":\"\\u65b0\\u534e\\u533a\",\"address\":\"dssss\",\"zip\":12223,\"name\":\"oppo\",\"phone\":\"15757956985\",\"last_used_time\":1576928187,\"create_time\":\"2019-12-17 10:09:02\",\"update_time\":\"2019-12-21 19:36:27\"}',0.06,'',NULL,NULL,NULL,'pending',NULL,1,'pending',NULL,NULL,1576928187,1576929988,0,0),(206,'20191222130810460384',3,'{\"id\":35,\"user_id\":3,\"province\":\"\\u8fbd\\u5b81\\u7701\",\"city\":\"\\u6c88\\u9633\\u5e02\",\"district\":\"\\u548c\\u5e73\\u533a\",\"address\":\"213123213\",\"zip\":231,\"name\":\"\\u4e24\\u682a\\u7ea21\\u989c\",\"phone\":\"13395080823\",\"last_used_time\":1576991290,\"create_time\":\"1970-01-01 08:32:50\",\"update_time\":\"2019-12-22 13:08:10\"}',0.01,'',NULL,NULL,NULL,'pending',NULL,1,'pending',NULL,NULL,1576991290,1576993092,0,0),(207,'20191222192818828169',3,'{\"id\":35,\"user_id\":3,\"province\":\"\\u8fbd\\u5b81\\u7701\",\"city\":\"\\u6c88\\u9633\\u5e02\",\"district\":\"\\u548c\\u5e73\\u533a\",\"address\":\"213123213\",\"zip\":231,\"name\":\"\\u4e24\\u682a\\u7ea21\\u989c\",\"phone\":\"13395080823\",\"last_used_time\":1577014098,\"create_time\":\"1970-01-01 08:32:50\",\"update_time\":\"2019-12-22 19:28:18\"}',0.50,'',1577014366,'alipay','2019122222001423141402419518','success','refund20191222195333958368',0,'pending',NULL,'{\"refund_reason\":\"\\u5c3a\\u7801\\u592a\\u5927\"}',1577014098,1577015614,0,0),(208,'20191222193617272886',3,'{\"id\":35,\"user_id\":3,\"province\":\"\\u8fbd\\u5b81\\u7701\",\"city\":\"\\u6c88\\u9633\\u5e02\",\"district\":\"\\u548c\\u5e73\\u533a\",\"address\":\"213123213\",\"zip\":231,\"name\":\"\\u4e24\\u682a\\u7ea21\\u989c\",\"phone\":\"13395080823\",\"last_used_time\":1577014577,\"create_time\":\"1970-01-01 08:32:50\",\"update_time\":\"2019-12-22 19:36:17\"}',0.01,'',NULL,NULL,NULL,'pending',NULL,1,'pending',NULL,NULL,1577014577,1577016379,0,0),(209,'20191222201106743994',3,'{\"id\":43,\"user_id\":3,\"province\":\"\\u6cb3\\u5317\\u7701\",\"city\":\"\\u77f3\\u5bb6\\u5e84\\u5e02\",\"district\":\"\\u65b0\\u534e\\u533a\",\"address\":\"dssss\",\"zip\":12223,\"name\":\"oppo\",\"phone\":\"15757956985\",\"last_used_time\":1577016666,\"create_time\":\"2019-12-17 10:09:02\",\"update_time\":\"2019-12-22 20:11:06\"}',0.25,'',NULL,NULL,NULL,'pending',NULL,1,'pending',NULL,NULL,1577016666,1577018468,0,10),(210,'20191222201143154721',3,'{\"id\":35,\"user_id\":3,\"province\":\"\\u8fbd\\u5b81\\u7701\",\"city\":\"\\u6c88\\u9633\\u5e02\",\"district\":\"\\u548c\\u5e73\\u533a\",\"address\":\"213123213\",\"zip\":231,\"name\":\"\\u4e24\\u682a\\u7ea21\\u989c\",\"phone\":\"13395080823\",\"last_used_time\":1577016703,\"create_time\":\"1970-01-01 08:32:50\",\"update_time\":\"2019-12-22 20:11:43\"}',0.07,'',NULL,NULL,NULL,'pending',NULL,1,'pending',NULL,NULL,1577016703,1577018504,0,0),(211,'20191222204354760409',3,'{\"id\":35,\"user_id\":3,\"province\":\"\\u8fbd\\u5b81\\u7701\",\"city\":\"\\u6c88\\u9633\\u5e02\",\"district\":\"\\u548c\\u5e73\\u533a\",\"address\":\"213123213\",\"zip\":231,\"name\":\"\\u4e24\\u682a\\u7ea21\\u989c\",\"phone\":\"13395080823\",\"last_used_time\":1577018634,\"create_time\":\"1970-01-01 08:32:50\",\"update_time\":\"2019-12-22 20:43:54\"}',0.01,'',NULL,NULL,NULL,'pending',NULL,1,'pending',NULL,NULL,1577018634,1577020436,0,0),(212,'20191222210408428658',3,'{\"id\":35,\"user_id\":3,\"province\":\"\\u8fbd\\u5b81\\u7701\",\"city\":\"\\u6c88\\u9633\\u5e02\",\"district\":\"\\u548c\\u5e73\\u533a\",\"address\":\"213123213\",\"zip\":231,\"name\":\"\\u4e24\\u682a\\u7ea21\\u989c\",\"phone\":\"13395080823\",\"last_used_time\":1577019848,\"create_time\":\"1970-01-01 08:32:50\",\"update_time\":\"2019-12-22 21:04:08\"}',0.50,'',NULL,NULL,NULL,'pending',NULL,1,'pending',NULL,NULL,1577019848,1577021649,0,9),(213,'20191222210511928016',3,'{\"id\":35,\"user_id\":3,\"province\":\"\\u8fbd\\u5b81\\u7701\",\"city\":\"\\u6c88\\u9633\\u5e02\",\"district\":\"\\u548c\\u5e73\\u533a\",\"address\":\"213123213\",\"zip\":231,\"name\":\"\\u4e24\\u682a\\u7ea21\\u989c\",\"phone\":\"13395080823\",\"last_used_time\":1577019911,\"create_time\":\"1970-01-01 08:32:50\",\"update_time\":\"2019-12-22 21:05:11\"}',0.25,'',NULL,NULL,NULL,'pending',NULL,1,'pending',NULL,NULL,1577019911,1577021712,0,10),(214,'20191222231617777738',3,'{\"id\":35,\"user_id\":3,\"province\":\"\\u8fbd\\u5b81\\u7701\",\"city\":\"\\u6c88\\u9633\\u5e02\",\"district\":\"\\u548c\\u5e73\\u533a\",\"address\":\"213123213\",\"zip\":231,\"name\":\"\\u4e24\\u682a\\u7ea21\\u989c\",\"phone\":\"13395080823\",\"last_used_time\":1577027777,\"create_time\":\"1970-01-01 08:32:50\",\"update_time\":\"2019-12-22 23:16:17\"}',0.10,'',NULL,NULL,NULL,'pending',NULL,1,'pending',NULL,NULL,1577027777,1577029577,0,9),(219,'20191222232324416974',3,'{\"id\":35,\"user_id\":3,\"province\":\"\\u8fbd\\u5b81\\u7701\",\"city\":\"\\u6c88\\u9633\\u5e02\",\"district\":\"\\u548c\\u5e73\\u533a\",\"address\":\"213123213\",\"zip\":231,\"name\":\"\\u4e24\\u682a\\u7ea21\\u989c\",\"phone\":\"13395080823\",\"last_used_time\":1577028204,\"create_time\":\"1970-01-01 08:32:50\",\"update_time\":\"2019-12-22 23:23:24\"}',0.50,'',NULL,NULL,NULL,'pending',NULL,1,'pending',NULL,NULL,1577028204,1577030004,0,9),(220,'20191222232524402585',3,'{\"id\":35,\"user_id\":3,\"province\":\"\\u8fbd\\u5b81\\u7701\",\"city\":\"\\u6c88\\u9633\\u5e02\",\"district\":\"\\u548c\\u5e73\\u533a\",\"address\":\"213123213\",\"zip\":231,\"name\":\"\\u4e24\\u682a\\u7ea21\\u989c\",\"phone\":\"13395080823\",\"last_used_time\":1577028324,\"create_time\":\"1970-01-01 08:32:50\",\"update_time\":\"2019-12-22 23:25:24\"}',0.50,'',NULL,NULL,NULL,'pending',NULL,1,'pending',NULL,NULL,1577028324,1577030124,0,9),(221,'20191222232834232043',3,'{\"id\":35,\"user_id\":3,\"province\":\"\\u8fbd\\u5b81\\u7701\",\"city\":\"\\u6c88\\u9633\\u5e02\",\"district\":\"\\u548c\\u5e73\\u533a\",\"address\":\"213123213\",\"zip\":231,\"name\":\"\\u4e24\\u682a\\u7ea21\\u989c\",\"phone\":\"13395080823\",\"last_used_time\":1577028514,\"create_time\":\"1970-01-01 08:32:50\",\"update_time\":\"2019-12-22 23:28:34\"}',0.48,'',1577028530,'alipay','2019122222001423141402356489','applied',NULL,0,'pending',NULL,'{\"refund_reason\":\"\\u5bf9\\u5bf9\\u5bf9\"}',1577028514,1577157160,0,9),(222,'20191223111908603809',3,'{\"id\":43,\"user_id\":3,\"province\":\"\\u6cb3\\u5317\\u7701\",\"city\":\"\\u77f3\\u5bb6\\u5e84\\u5e02\",\"district\":\"\\u65b0\\u534e\\u533a\",\"address\":\"dssss\",\"zip\":12223,\"name\":\"oppo\",\"phone\":\"15757956985\",\"last_used_time\":1577071148,\"create_time\":\"2019-12-17 10:09:02\",\"update_time\":\"2019-12-23 11:19:08\"}',0.01,'',1577071258,'alipay','2019122322001448081402231288','applied',NULL,0,'pending',NULL,'{\"refund_reason\":\"\\u554a\\u554a\\u554a\\u554a\\u554a\\u554a\\u554a\"}',1577071148,1577156370,0,0),(223,'20191223115212421616',3,'{\"id\":43,\"user_id\":3,\"province\":\"\\u6cb3\\u5317\\u7701\",\"city\":\"\\u77f3\\u5bb6\\u5e84\\u5e02\",\"district\":\"\\u65b0\\u534e\\u533a\",\"address\":\"dssss\",\"zip\":12223,\"name\":\"oppo\",\"phone\":\"15757956985\",\"last_used_time\":1577073132,\"create_time\":\"2019-12-17 10:09:02\",\"update_time\":\"2019-12-23 11:52:12\"}',0.25,'',NULL,NULL,NULL,'pending',NULL,1,'pending',NULL,NULL,1577073132,1577074933,0,10),(224,'20191223120020997459',3,'{\"id\":43,\"user_id\":3,\"province\":\"\\u6cb3\\u5317\\u7701\",\"city\":\"\\u77f3\\u5bb6\\u5e84\\u5e02\",\"district\":\"\\u65b0\\u534e\\u533a\",\"address\":\"dssss\",\"zip\":12223,\"name\":\"oppo\",\"phone\":\"15757956985\",\"last_used_time\":1577073620,\"create_time\":\"2019-12-17 10:09:02\",\"update_time\":\"2019-12-23 12:00:20\"}',30.54,'',NULL,NULL,NULL,'pending',NULL,1,'pending',NULL,NULL,1577073620,1577075422,0,0),(225,'20191223181055374689',3,'{\"id\":43,\"user_id\":3,\"province\":\"\\u6cb3\\u5317\\u7701\",\"city\":\"\\u77f3\\u5bb6\\u5e84\\u5e02\",\"district\":\"\\u65b0\\u534e\\u533a\",\"address\":\"dssss\",\"zip\":12223,\"name\":\"oppo\",\"phone\":\"15757956985\",\"last_used_time\":1577095855,\"create_time\":\"2019-12-17 10:09:02\",\"update_time\":\"2019-12-23 18:10:55\"}',1.01,'',NULL,NULL,NULL,'pending',NULL,1,'pending',NULL,NULL,1577095855,1577097656,0,0),(226,'20191223181610891487',3,'{\"id\":43,\"user_id\":3,\"province\":\"\\u6cb3\\u5317\\u7701\",\"city\":\"\\u77f3\\u5bb6\\u5e84\\u5e02\",\"district\":\"\\u65b0\\u534e\\u533a\",\"address\":\"dssss\",\"zip\":12223,\"name\":\"oppo\",\"phone\":\"15757956985\",\"last_used_time\":1577096170,\"create_time\":\"2019-12-17 10:09:02\",\"update_time\":\"2019-12-23 18:16:10\"}',0.21,'',NULL,NULL,NULL,'pending',NULL,1,'pending',NULL,NULL,1577096170,1577097971,0,0),(227,'20191223182209297399',3,'{\"id\":43,\"user_id\":3,\"province\":\"\\u6cb3\\u5317\\u7701\",\"city\":\"\\u77f3\\u5bb6\\u5e84\\u5e02\",\"district\":\"\\u65b0\\u534e\\u533a\",\"address\":\"dssss\",\"zip\":12223,\"name\":\"oppo\",\"phone\":\"15757956985\",\"last_used_time\":1577096529,\"create_time\":\"2019-12-17 10:09:02\",\"update_time\":\"2019-12-23 18:22:09\"}',0.01,'',NULL,NULL,NULL,'pending',NULL,1,'pending',NULL,NULL,1577096529,1577098331,0,0),(228,'20191223182641714959',3,'{\"id\":43,\"user_id\":3,\"province\":\"\\u6cb3\\u5317\\u7701\",\"city\":\"\\u77f3\\u5bb6\\u5e84\\u5e02\",\"district\":\"\\u65b0\\u534e\\u533a\",\"address\":\"dssss\",\"zip\":12223,\"name\":\"oppo\",\"phone\":\"15757956985\",\"last_used_time\":1577096801,\"create_time\":\"2019-12-17 10:09:02\",\"update_time\":\"2019-12-23 18:26:41\"}',0.03,'',NULL,NULL,NULL,'pending',NULL,1,'pending',NULL,NULL,1577096801,1577098601,0,0),(229,'20191223203614611854',3,'{\"id\":43,\"user_id\":3,\"province\":\"\\u6cb3\\u5317\\u7701\",\"city\":\"\\u77f3\\u5bb6\\u5e84\\u5e02\",\"district\":\"\\u65b0\\u534e\\u533a\",\"address\":\"dssss\",\"zip\":12223,\"name\":\"oppo\",\"phone\":\"15757956985\",\"last_used_time\":1577104574,\"create_time\":\"2019-12-17 10:09:02\",\"update_time\":\"2019-12-23 20:36:14\"}',1.50,'',NULL,NULL,NULL,'pending',NULL,1,'pending',NULL,NULL,1577104574,1577106374,0,0),(230,'20191224093434835198',3,'{\"id\":43,\"user_id\":3,\"province\":\"\\u6cb3\\u5317\\u7701\",\"city\":\"\\u77f3\\u5bb6\\u5e84\\u5e02\",\"district\":\"\\u65b0\\u534e\\u533a\",\"address\":\"dssss\",\"zip\":12223,\"name\":\"oppo\",\"phone\":\"15757956985\",\"last_used_time\":1577151274,\"create_time\":\"2019-12-17 10:09:02\",\"update_time\":\"2019-12-24 09:34:34\"}',0.48,'',NULL,NULL,NULL,'pending',NULL,1,'pending',NULL,NULL,1577151274,1577153074,0,9),(231,'20191224101910246828',3,'{\"id\":35,\"user_id\":3,\"province\":\"\\u8fbd\\u5b81\\u7701\",\"city\":\"\\u6c88\\u9633\\u5e02\",\"district\":\"\\u548c\\u5e73\\u533a\",\"address\":\"213123213\",\"zip\":231,\"name\":\"\\u4e24\\u682a\\u7ea21\\u989c\",\"phone\":\"13395080823\",\"last_used_time\":1577153950,\"create_time\":\"1970-01-01 08:32:50\",\"update_time\":\"2019-12-24 10:19:10\"}',0.31,'',NULL,NULL,NULL,'pending',NULL,1,'pending',NULL,NULL,1577153950,1577155751,0,0),(232,'20191224104133538369',3,'{\"id\":35,\"user_id\":3,\"province\":\"\\u8fbd\\u5b81\\u7701\",\"city\":\"\\u6c88\\u9633\\u5e02\",\"district\":\"\\u548c\\u5e73\\u533a\",\"address\":\"213123213\",\"zip\":231,\"name\":\"\\u4e24\\u682a\\u7ea21\\u989c\",\"phone\":\"13395080823\",\"last_used_time\":1577155293,\"create_time\":\"1970-01-01 08:32:50\",\"update_time\":\"2019-12-24 10:41:33\"}',0.01,'',NULL,NULL,NULL,'pending',NULL,1,'pending',NULL,NULL,1577155293,1577157095,0,0),(233,'20191224114148509711',3,'{\"id\":43,\"user_id\":3,\"province\":\"\\u6cb3\\u5317\\u7701\",\"city\":\"\\u77f3\\u5bb6\\u5e84\\u5e02\",\"district\":\"\\u65b0\\u534e\\u533a\",\"address\":\"dssss\",\"zip\":12223,\"name\":\"oppo\",\"phone\":\"15757956985\",\"last_used_time\":1577158908,\"create_time\":\"2019-12-17 10:09:02\",\"update_time\":\"2019-12-24 11:41:48\"}',1.19,'',NULL,NULL,NULL,'pending',NULL,1,'pending',NULL,NULL,1577158908,1577160708,0,10),(234,'20191224150258128848',3,'{\"id\":43,\"user_id\":3,\"province\":\"\\u6cb3\\u5317\\u7701\",\"city\":\"\\u77f3\\u5bb6\\u5e84\\u5e02\",\"district\":\"\\u65b0\\u534e\\u533a\",\"address\":\"dssss\",\"zip\":12223,\"name\":\"oppo\",\"phone\":\"15757956985\",\"last_used_time\":1577170978,\"create_time\":\"2019-12-17 10:09:02\",\"update_time\":\"2019-12-24 15:02:58\"}',0.51,'',NULL,NULL,NULL,'pending',NULL,1,'pending',NULL,NULL,1577170978,1577172778,0,10),(235,'20191224151509717812',3,'{\"id\":2,\"user_id\":3,\"province\":\"\\u5929\\u6d25\\u5e02\",\"city\":\"\\u5e02\\u8f96\\u533a\",\"district\":\"\\u548c\\u5e73\\u533a\",\"address\":\"\\u9605\\u6c5f\\u897f\\u8def222\\u53f7\\u5e7f\\u5dde\\u5854\",\"zip\":0,\"name\":\"\\u9753\\u4ed4\\u54c8\",\"phone\":\"13564568789\",\"last_used_time\":1577171709,\"create_time\":\"1970-01-01 08:32:50\",\"update_time\":\"2019-12-24 15:15:09\"}',30.14,'',NULL,NULL,NULL,'pending',NULL,1,'pending',NULL,NULL,1577171709,1577173510,0,0),(236,'20191224180041585825',3,'{\"id\":2,\"user_id\":3,\"province\":\"\\u5929\\u6d25\\u5e02\",\"city\":\"\\u5e02\\u8f96\\u533a\",\"district\":\"\\u548c\\u5e73\\u533a\",\"address\":\"\\u9605\\u6c5f\\u897f\\u8def222\\u53f7\\u5e7f\\u5dde\\u5854\",\"zip\":0,\"name\":\"\\u9753\\u4ed4\\u54c8\",\"phone\":\"13564568789\",\"last_used_time\":1577181641,\"create_time\":\"1970-01-01 08:32:50\",\"update_time\":\"2019-12-24 18:00:41\"}',0.02,'',1577181660,'alipay','2019122422001488661402837527','applied',NULL,0,'pending',NULL,'{\"refund_reason\":\"\\u4e0b\\u9519\\u5355\\u4e86\"}',1577181641,1577181878,0,10),(237,'20191224180246762673',3,'{\"id\":2,\"user_id\":3,\"province\":\"\\u5929\\u6d25\\u5e02\",\"city\":\"\\u5e02\\u8f96\\u533a\",\"district\":\"\\u548c\\u5e73\\u533a\",\"address\":\"\\u9605\\u6c5f\\u897f\\u8def222\\u53f7\\u5e7f\\u5dde\\u5854\",\"zip\":0,\"name\":\"\\u9753\\u4ed4\\u54c8\",\"phone\":\"13564568789\",\"last_used_time\":1577181766,\"create_time\":\"1970-01-01 08:32:50\",\"update_time\":\"2019-12-24 18:02:46\"}',1.01,'',NULL,NULL,NULL,'pending',NULL,1,'pending',NULL,NULL,1577181766,1577183566,0,0),(238,'20191225142306459188',3,'{\"id\":43,\"user_id\":3,\"province\":\"\\u6cb3\\u5317\\u7701\",\"city\":\"\\u77f3\\u5bb6\\u5e84\\u5e02\",\"district\":\"\\u65b0\\u534e\\u533a\",\"address\":\"dssss\",\"zip\":12223,\"name\":\"oppo123\",\"phone\":\"15757956985\",\"last_used_time\":1577254986,\"create_time\":\"1970-01-01 08:33:39\",\"update_time\":\"2019-12-25 14:23:06\"}',0.64,'',NULL,NULL,NULL,'pending',NULL,1,'pending',NULL,NULL,1577254986,1577256786,0,0),(239,'20191225142606877015',3,'{\"id\":43,\"user_id\":3,\"province\":\"\\u6cb3\\u5317\\u7701\",\"city\":\"\\u77f3\\u5bb6\\u5e84\\u5e02\",\"district\":\"\\u65b0\\u534e\\u533a\",\"address\":\"dssss\",\"zip\":12223,\"name\":\"oppo123\",\"phone\":\"15757956985\",\"last_used_time\":1577255166,\"create_time\":\"1970-01-01 08:33:39\",\"update_time\":\"2019-12-25 14:26:06\"}',0.50,'',NULL,NULL,NULL,'pending',NULL,1,'pending',NULL,NULL,1577255166,1577256966,0,0),(240,'20191225160901028856',3,'{\"id\":43,\"user_id\":3,\"province\":\"\\u6cb3\\u5317\\u7701\",\"city\":\"\\u77f3\\u5bb6\\u5e84\\u5e02\",\"district\":\"\\u65b0\\u534e\\u533a\",\"address\":\"dssss\",\"zip\":12223,\"name\":\"oppo123\",\"phone\":\"15757956985\",\"last_used_time\":1577261341,\"create_time\":\"1970-01-01 08:33:39\",\"update_time\":\"2019-12-25 16:09:01\"}',0.06,'',NULL,NULL,NULL,'pending',NULL,1,'pending',NULL,NULL,1577261341,1577263142,0,0),(241,'20191225161055168766',3,'{\"id\":43,\"user_id\":3,\"province\":\"\\u6cb3\\u5317\\u7701\",\"city\":\"\\u77f3\\u5bb6\\u5e84\\u5e02\",\"district\":\"\\u65b0\\u534e\\u533a\",\"address\":\"dssss\",\"zip\":12223,\"name\":\"oppo123\",\"phone\":\"15757956985\",\"last_used_time\":1577261455,\"create_time\":\"1970-01-01 08:33:39\",\"update_time\":\"2019-12-25 16:10:55\"}',1.00,'',NULL,NULL,NULL,'pending',NULL,1,'pending',NULL,NULL,1577261455,1577263256,0,0),(242,'20191225171819865474',3,'{\"id\":2,\"user_id\":3,\"province\":\"\\u5929\\u6d25\\u5e02\",\"city\":\"\\u5e02\\u8f96\\u533a\",\"district\":\"\\u548c\\u5e73\\u533a\",\"address\":\"\\u9605\\u6c5f\\u897f\\u8def222\\u53f7\\u5e7f\\u5dde\\u5854\",\"zip\":0,\"name\":\"\\u9753\\u4ed4\\u54c8\",\"phone\":\"13564568789\",\"last_used_time\":1577265499,\"create_time\":\"1970-01-01 08:32:50\",\"update_time\":\"2019-12-25 17:18:19\"}',0.50,'',NULL,NULL,NULL,'pending',NULL,1,'pending',NULL,NULL,1577265499,1577267301,0,0),(243,'20191225173322626715',3,'{\"id\":2,\"user_id\":3,\"province\":\"\\u5929\\u6d25\\u5e02\",\"city\":\"\\u5e02\\u8f96\\u533a\",\"district\":\"\\u548c\\u5e73\\u533a\",\"address\":\"\\u9605\\u6c5f\\u897f\\u8def222\\u53f7\\u5e7f\\u5dde\\u5854\",\"zip\":0,\"name\":\"\\u9753\\u4ed4\\u54c8\",\"phone\":\"13564568789\",\"last_used_time\":1577266402,\"create_time\":\"1970-01-01 08:32:50\",\"update_time\":\"2019-12-25 17:33:22\"}',120.00,'',NULL,NULL,NULL,'pending',NULL,1,'pending',NULL,NULL,1577266402,1577268204,0,0),(244,'20191225173457714354',3,'{\"id\":2,\"user_id\":3,\"province\":\"\\u5929\\u6d25\\u5e02\",\"city\":\"\\u5e02\\u8f96\\u533a\",\"district\":\"\\u548c\\u5e73\\u533a\",\"address\":\"\\u9605\\u6c5f\\u897f\\u8def222\\u53f7\\u5e7f\\u5dde\\u5854\",\"zip\":0,\"name\":\"\\u9753\\u4ed4\\u54c8\",\"phone\":\"13564568789\",\"last_used_time\":1577266497,\"create_time\":\"1970-01-01 08:32:50\",\"update_time\":\"2019-12-25 17:34:57\"}',0.50,'',1577266517,'alipay','2019122522001476991403504982','applied',NULL,0,'pending',NULL,'{\"refund_reason\":\"\\u8bb0\\u5f55\"}',1577266497,1577358685,0,0),(245,'20191225173752951296',3,'{\"id\":2,\"user_id\":3,\"province\":\"\\u5929\\u6d25\\u5e02\",\"city\":\"\\u5e02\\u8f96\\u533a\",\"district\":\"\\u548c\\u5e73\\u533a\",\"address\":\"\\u9605\\u6c5f\\u897f\\u8def222\\u53f7\\u5e7f\\u5dde\\u5854\",\"zip\":0,\"name\":\"\\u9753\\u4ed4\\u54c8\",\"phone\":\"13564568789\",\"last_used_time\":1577266672,\"create_time\":\"1970-01-01 08:32:50\",\"update_time\":\"2019-12-25 17:37:52\"}',0.26,'',1577266680,'alipay','2019122522001476991403541055','applied',NULL,0,'pending',NULL,'{\"refund_reason\":\"\\u5c31\\u60f3\\u9000\\u6b3e\"}',1577266672,1577346587,0,9),(246,'20191225174555319747',3,'{\"id\":2,\"user_id\":3,\"province\":\"\\u5929\\u6d25\\u5e02\",\"city\":\"\\u5e02\\u8f96\\u533a\",\"district\":\"\\u548c\\u5e73\\u533a\",\"address\":\"\\u9605\\u6c5f\\u897f\\u8def222\\u53f7\\u5e7f\\u5dde\\u5854\",\"zip\":0,\"name\":\"\\u9753\\u4ed4\\u54c8\",\"phone\":\"13564568789\",\"last_used_time\":1577267155,\"create_time\":\"1970-01-01 08:32:50\",\"update_time\":\"2019-12-25 17:45:55\"}',0.50,'',NULL,NULL,NULL,'pending',NULL,1,'pending',NULL,NULL,1577267155,1577268955,0,0),(251,'20191226111832443851',3,'{\"id\":2,\"user_id\":3,\"province\":\"\\u5929\\u6d25\\u5e02\",\"city\":\"\\u5e02\\u8f96\\u533a\",\"district\":\"\\u548c\\u5e73\\u533a\",\"address\":\"\\u9605\\u6c5f\\u897f\\u8def222\\u53f7\\u5e7f\\u5dde\\u5854\",\"zip\":0,\"name\":\"\\u9753\\u4ed4\\u54c8\",\"phone\":\"13564568789\",\"last_used_time\":1577330312,\"create_time\":\"1970-01-01 08:32:50\",\"update_time\":\"2019-12-26 11:18:32\"}',0.06,'',NULL,NULL,NULL,'pending',NULL,1,'pending',NULL,NULL,1577330312,1577332112,0,0),(252,'20191226113251810106',3,'{\"id\":43,\"user_id\":3,\"province\":\"\\u6cb3\\u5317\\u7701\",\"city\":\"\\u77f3\\u5bb6\\u5e84\\u5e02\",\"district\":\"\\u65b0\\u534e\\u533a\",\"address\":\"dssss\",\"zip\":12223,\"name\":\"oppo123\",\"phone\":\"15757956985\",\"last_used_time\":1577331171,\"create_time\":\"1970-01-01 08:33:39\",\"update_time\":\"2019-12-26 11:32:51\"}',0.07,'',NULL,NULL,NULL,'pending',NULL,1,'pending',NULL,NULL,1577331171,1577332971,0,0),(253,'20191226114351973069',3,'{\"id\":43,\"user_id\":3,\"province\":\"\\u6cb3\\u5317\\u7701\",\"city\":\"\\u77f3\\u5bb6\\u5e84\\u5e02\",\"district\":\"\\u65b0\\u534e\\u533a\",\"address\":\"dssss\",\"zip\":12223,\"name\":\"oppo123\",\"phone\":\"15757956985\",\"last_used_time\":1577331831,\"create_time\":\"1970-01-01 08:33:39\",\"update_time\":\"2019-12-26 11:43:51\"}',0.06,'',NULL,NULL,NULL,'pending',NULL,1,'pending',NULL,NULL,1577331831,1577333631,0,0),(254,'20191226123353578513',3,'{\"id\":43,\"user_id\":3,\"province\":\"\\u6cb3\\u5317\\u7701\",\"city\":\"\\u77f3\\u5bb6\\u5e84\\u5e02\",\"district\":\"\\u65b0\\u534e\\u533a\",\"address\":\"dssss\",\"zip\":12223,\"name\":\"oppo123\",\"phone\":\"15757956985\",\"last_used_time\":1577334833,\"create_time\":\"1970-01-01 08:33:39\",\"update_time\":\"2019-12-26 12:33:53\"}',0.50,'',NULL,NULL,NULL,'pending',NULL,1,'pending',NULL,NULL,1577334833,1577336635,0,0),(255,'20191226133200718726',3,'{\"id\":2,\"user_id\":3,\"province\":\"\\u5929\\u6d25\\u5e02\",\"city\":\"\\u5e02\\u8f96\\u533a\",\"district\":\"\\u548c\\u5e73\\u533a\",\"address\":\"\\u9605\\u6c5f\\u897f\\u8def222\\u53f7\\u5e7f\\u5dde\\u5854\",\"zip\":0,\"name\":\"\\u9753\\u4ed4\\u54c8\",\"phone\":\"13564568789\",\"last_used_time\":1577338320,\"create_time\":\"1970-01-01 08:32:50\",\"update_time\":\"2019-12-26 13:32:00\"}',0.06,'',NULL,NULL,NULL,'pending',NULL,1,'pending',NULL,NULL,1577338320,1577340122,0,0),(256,'20191226134010473784',3,'{\"id\":35,\"user_id\":3,\"province\":\"\\u8fbd\\u5b81\\u7701\",\"city\":\"\\u6c88\\u9633\\u5e02\",\"district\":\"\\u548c\\u5e73\\u533a\",\"address\":\"213123213\",\"zip\":231,\"name\":\"\\u4e24\\u682a\\u7ea21\\u989c\",\"phone\":\"13395080823\",\"last_used_time\":1577338810,\"create_time\":\"1970-01-01 08:32:50\",\"update_time\":\"2019-12-26 13:40:10\"}',0.01,'',1577338838,'alipay','2019122622001446221403706833','applied',NULL,0,'pending',NULL,'{\"refund_reason\":\"\\u6d4b\\u8bd5\"}',1577338810,1577344382,0,0),(257,'20191226145217968335',3,'{\"id\":35,\"user_id\":3,\"province\":\"\\u8fbd\\u5b81\\u7701\",\"city\":\"\\u6c88\\u9633\\u5e02\",\"district\":\"\\u548c\\u5e73\\u533a\",\"address\":\"213123213\",\"zip\":231,\"name\":\"\\u4e24\\u682a\\u7ea21\\u989c\",\"phone\":\"13395080823\",\"last_used_time\":1577343137,\"create_time\":\"1970-01-01 08:32:50\",\"update_time\":\"2019-12-26 14:52:17\"}',0.07,'',NULL,NULL,NULL,'pending',NULL,0,'pending',NULL,NULL,1577343137,1577344938,0,0),(258,'20191226151454021020',3,'{\"id\":35,\"user_id\":3,\"province\":\"\\u8fbd\\u5b81\\u7701\",\"city\":\"\\u6c88\\u9633\\u5e02\",\"district\":\"\\u548c\\u5e73\\u533a\",\"address\":\"213123213\",\"zip\":231,\"name\":\"\\u4e24\\u682a\\u7ea21\\u989c\",\"phone\":\"13395080823\",\"last_used_time\":1577344494,\"create_time\":\"1970-01-01 08:32:50\",\"update_time\":\"2019-12-26 15:14:54\"}',0.01,'',NULL,NULL,NULL,'pending',NULL,0,'pending',NULL,NULL,1577344494,1577346295,0,0),(259,'20191226154142452241',3,'{\"id\":35,\"user_id\":3,\"province\":\"\\u8fbd\\u5b81\\u7701\",\"city\":\"\\u6c88\\u9633\\u5e02\",\"district\":\"\\u548c\\u5e73\\u533a\",\"address\":\"213123213\",\"zip\":231,\"name\":\"\\u4e24\\u682a\\u7ea21\\u989c\",\"phone\":\"13395080823\",\"last_used_time\":1577346102,\"create_time\":\"1970-01-01 08:32:50\",\"update_time\":\"2019-12-26 15:41:42\"}',0.01,'',NULL,NULL,NULL,'pending',NULL,0,'pending',NULL,NULL,1577346102,1577347903,0,0),(260,'20191226163043102148',3,'{\"id\":35,\"user_id\":3,\"province\":\"\\u8fbd\\u5b81\\u7701\",\"city\":\"\\u6c88\\u9633\\u5e02\",\"district\":\"\\u548c\\u5e73\\u533a\",\"address\":\"213123213\",\"zip\":231,\"name\":\"\\u4e24\\u682a\\u7ea21\\u989c\",\"phone\":\"13395080823\",\"last_used_time\":1577349043,\"create_time\":\"1970-01-01 08:32:50\",\"update_time\":\"2019-12-26 16:30:43\"}',0.50,'',NULL,NULL,NULL,'pending',NULL,1,'pending',NULL,NULL,1577349043,1577350844,0,0),(261,'20191226170332926465',3,'{\"id\":44,\"user_id\":3,\"province\":\"\\u5185\\u8499\\u53e4\\u81ea\\u6cbb\\u533a\",\"city\":\"\\u8d64\\u5cf0\\u5e02\",\"district\":\"\\u7ea2\\u5c71\\u533a\",\"address\":\"5445\",\"zip\":222,\"name\":\"bbb\",\"phone\":\"15757409877\",\"last_used_time\":1577351012,\"create_time\":\"1970-01-01 08:32:50\",\"update_time\":\"2019-12-26 17:03:32\"}',0.10,'',NULL,NULL,NULL,'pending',NULL,1,'pending',NULL,NULL,1577351012,1577352813,0,0),(262,'20191226173636837053',3,'{\"id\":44,\"user_id\":3,\"province\":\"\\u5185\\u8499\\u53e4\\u81ea\\u6cbb\\u533a\",\"city\":\"\\u8d64\\u5cf0\\u5e02\",\"district\":\"\\u7ea2\\u5c71\\u533a\",\"address\":\"5445\",\"zip\":222,\"name\":\"bbb\",\"phone\":\"15757409877\",\"last_used_time\":1577352996,\"create_time\":\"1970-01-01 08:32:50\",\"update_time\":\"2019-12-26 17:36:36\"}',0.50,'',NULL,NULL,NULL,'pending',NULL,1,'pending',NULL,NULL,1577352996,1577354797,0,0),(263,'20191226200346062725',3,'{\"id\":43,\"user_id\":3,\"province\":\"\\u6cb3\\u5317\\u7701\",\"city\":\"\\u77f3\\u5bb6\\u5e84\\u5e02\",\"district\":\"\\u65b0\\u534e\\u533a\",\"address\":\"dssss\",\"zip\":12223,\"name\":\"oppo123\",\"phone\":\"15757956985\",\"last_used_time\":1577361826,\"create_time\":\"1970-01-01 08:33:39\",\"update_time\":\"2019-12-26 20:03:46\"}',0.07,'',NULL,NULL,NULL,'pending',NULL,1,'pending',NULL,NULL,1577361826,1577363628,0,0),(264,'20191229145014273920',3,'{\"id\":2,\"user_id\":3,\"province\":\"\\u5929\\u6d25\\u5e02\",\"city\":\"\\u5e02\\u8f96\\u533a\",\"district\":\"\\u548c\\u5e73\\u533a\",\"address\":\"\\u9605\\u6c5f\\u897f\\u8def222\\u53f7\\u5e7f\\u5dde\\u5854\",\"zip\":0,\"name\":\"\\u9753\\u4ed4\\u54c8\",\"phone\":\"13564568789\",\"last_used_time\":1577602214,\"create_time\":\"1970-01-01 08:32:50\",\"update_time\":\"2019-12-29 14:50:14\"}',0.02,'',NULL,NULL,NULL,'pending',NULL,1,'pending',NULL,NULL,1577602214,1577799318,0,0),(265,'20191229145439656622',3,'{\"id\":47,\"user_id\":3,\"province\":\"\\u6d59\\u6c5f\\u7701\",\"city\":\"\\u676d\\u5dde\\u5e02\",\"district\":\"\\u4e0a\\u57ce\\u533a\",\"address\":\"666\",\"zip\":0,\"name\":\"\\u6c49\\u5821\",\"phone\":\"17792352523\",\"last_used_time\":1577602479,\"create_time\":\"1970-01-01 08:33:39\",\"update_time\":\"2019-12-29 14:54:39\"}',0.01,'',NULL,NULL,NULL,'pending',NULL,1,'pending',NULL,NULL,1577602479,1577799318,0,0),(266,'20191229145632778184',3,'{\"id\":3,\"user_id\":3,\"province\":\"\\u5e7f\\u4e1c\\u7701\",\"city\":\"\\u5e7f\\u5dde\\u5e02\",\"district\":\"\\u8354\\u6e7e\\u533a\",\"address\":\"\\u9605\\u6c5f\\u897f\\u8def232\\u53f7\",\"zip\":0,\"name\":\"\\u5e05\\u54e5\\u5c0f\\u7c73\\u624b\\u673affyu\",\"phone\":\"13564568781\",\"last_used_time\":1577602592,\"create_time\":\"1970-01-01 08:32:50\",\"update_time\":\"2019-12-29 14:56:32\"}',0.42,'',NULL,NULL,NULL,'pending',NULL,1,'pending',NULL,NULL,1577602592,1577799318,0,0),(267,'20191229201109458270',3,'{\"id\":3,\"user_id\":3,\"province\":\"\\u5e7f\\u4e1c\\u7701\",\"city\":\"\\u5e7f\\u5dde\\u5e02\",\"district\":\"\\u8354\\u6e7e\\u533a\",\"address\":\"\\u9605\\u6c5f\\u897f\\u8def232\\u53f7\",\"zip\":0,\"name\":\"\\u5e05\\u54e5\\u5c0f\\u7c73\\u624b\\u673affyu\",\"phone\":\"13564568781\",\"last_used_time\":1577621469,\"create_time\":\"1970-01-01 08:32:50\",\"update_time\":\"2019-12-29 20:11:09\"}',3.50,'',NULL,NULL,NULL,'pending',NULL,1,'pending',NULL,NULL,1577621469,1577799319,0,0),(268,'20191229204123634631',3,'{\"id\":3,\"user_id\":3,\"province\":\"\\u5e7f\\u4e1c\\u7701\",\"city\":\"\\u5e7f\\u5dde\\u5e02\",\"district\":\"\\u8354\\u6e7e\\u533a\",\"address\":\"\\u9605\\u6c5f\\u897f\\u8def232\\u53f7\",\"zip\":0,\"name\":\"\\u5e05\\u54e5\\u5c0f\\u7c73\\u624b\\u673affyu\",\"phone\":\"13564568781\",\"last_used_time\":1577623283,\"create_time\":\"1970-01-01 08:32:50\",\"update_time\":\"2019-12-29 20:41:23\"}',0.01,'',1577625990,'wechat','20191229204123634631','applied',NULL,0,'pending',NULL,'{\"refund_reason\":\"\\u6cd5\\u5927\\u5e2b\\u5085\"}',1577623283,1579166774,0,0),(269,'20191229215318651358',3,'{\"id\":3,\"user_id\":3,\"province\":\"\\u5e7f\\u4e1c\\u7701\",\"city\":\"\\u5e7f\\u5dde\\u5e02\",\"district\":\"\\u8354\\u6e7e\\u533a\",\"address\":\"\\u9605\\u6c5f\\u897f\\u8def232\\u53f7\",\"zip\":0,\"name\":\"\\u5e05\\u54e5\\u5c0f\\u7c73\\u624b\\u673affyu\",\"phone\":\"13564568781\",\"last_used_time\":1577627598,\"create_time\":\"1970-01-01 08:32:50\",\"update_time\":\"2019-12-29 21:53:18\"}',0.50,'',NULL,NULL,NULL,'pending',NULL,1,'pending',NULL,NULL,1577627598,1577799319,0,0),(270,'20191230090918577346',3,'{\"id\":2,\"user_id\":3,\"province\":\"\\u5929\\u6d25\\u5e02\",\"city\":\"\\u5e02\\u8f96\\u533a\",\"district\":\"\\u548c\\u5e73\\u533a\",\"address\":\"\\u9605\\u6c5f\\u897f\\u8def222\\u53f7\\u5e7f\\u5dde\\u5854\",\"zip\":0,\"name\":\"\\u9753\\u4ed4\\u54c8\",\"phone\":\"13564568789\",\"last_used_time\":1577668158,\"create_time\":\"1970-01-01 08:32:50\",\"update_time\":\"2019-12-30 09:09:18\"}',0.01,'',NULL,NULL,NULL,'pending',NULL,1,'pending',NULL,NULL,1577668158,1577799319,0,0),(271,'20191230092416660063',3,'{\"id\":2,\"user_id\":3,\"province\":\"\\u5929\\u6d25\\u5e02\",\"city\":\"\\u5e02\\u8f96\\u533a\",\"district\":\"\\u548c\\u5e73\\u533a\",\"address\":\"\\u9605\\u6c5f\\u897f\\u8def222\\u53f7\\u5e7f\\u5dde\\u5854\",\"zip\":0,\"name\":\"\\u9753\\u4ed4\\u54c8\",\"phone\":\"13564568789\",\"last_used_time\":1577669056,\"create_time\":\"1970-01-01 08:32:50\",\"update_time\":\"2019-12-30 09:24:16\"}',0.14,'',NULL,NULL,NULL,'pending',NULL,1,'pending',NULL,NULL,1577669056,1577799319,0,0),(272,'20191230094733695996',3,'{\"id\":2,\"user_id\":3,\"province\":\"\\u5929\\u6d25\\u5e02\",\"city\":\"\\u5e02\\u8f96\\u533a\",\"district\":\"\\u548c\\u5e73\\u533a\",\"address\":\"\\u9605\\u6c5f\\u897f\\u8def222\\u53f7\\u5e7f\\u5dde\\u5854\",\"zip\":0,\"name\":\"\\u9753\\u4ed4\\u54c8\",\"phone\":\"13564568789\",\"last_used_time\":1577670453,\"create_time\":\"1970-01-01 08:32:50\",\"update_time\":\"2019-12-30 09:47:33\"}',0.01,'',NULL,NULL,NULL,'pending',NULL,1,'pending',NULL,NULL,1577670453,1577799319,0,0),(273,'20191230095005118640',3,'{\"id\":2,\"user_id\":3,\"province\":\"\\u5929\\u6d25\\u5e02\",\"city\":\"\\u5e02\\u8f96\\u533a\",\"district\":\"\\u548c\\u5e73\\u533a\",\"address\":\"\\u9605\\u6c5f\\u897f\\u8def222\\u53f7\\u5e7f\\u5dde\\u5854\",\"zip\":0,\"name\":\"\\u9753\\u4ed4\\u54c8\",\"phone\":\"13564568789\",\"last_used_time\":1577670605,\"create_time\":\"1970-01-01 08:32:50\",\"update_time\":\"2019-12-30 09:50:05\"}',0.01,'',NULL,NULL,NULL,'pending',NULL,1,'pending',NULL,NULL,1577670605,1577799319,0,0),(274,'20191230095504712656',3,'{\"id\":2,\"user_id\":3,\"province\":\"\\u5929\\u6d25\\u5e02\",\"city\":\"\\u5e02\\u8f96\\u533a\",\"district\":\"\\u548c\\u5e73\\u533a\",\"address\":\"\\u9605\\u6c5f\\u897f\\u8def222\\u53f7\\u5e7f\\u5dde\\u5854\",\"zip\":0,\"name\":\"\\u9753\\u4ed4\\u54c8\",\"phone\":\"13564568789\",\"last_used_time\":1577670904,\"create_time\":\"1970-01-01 08:32:50\",\"update_time\":\"2019-12-30 09:55:04\"}',0.02,'',1577670923,'alipay','2019123022001481731405128440','pending',NULL,0,'pending',NULL,NULL,1577670904,1577670923,0,0),(275,'20191230154644087891',3,'{\"id\":2,\"user_id\":3,\"province\":\"\\u5929\\u6d25\\u5e02\",\"city\":\"\\u5e02\\u8f96\\u533a\",\"district\":\"\\u548c\\u5e73\\u533a\",\"address\":\"\\u9605\\u6c5f\\u897f\\u8def222\\u53f7\\u5e7f\\u5dde\\u5854\",\"zip\":0,\"name\":\"\\u9753\\u4ed4\\u54c8\",\"phone\":\"13564568789\",\"last_used_time\":1577692004,\"create_time\":\"1970-01-01 08:32:50\",\"update_time\":\"2019-12-30 15:46:44\"}',0.04,'',1577692039,'alipay','2019123022001481731405123462','applied',NULL,0,'pending',NULL,'{\"refund_reason\":\"\\u4e70\\u9519\\u4e86\"}',1577692004,1577696417,0,0),(276,'20191230160951132112',3,'{\"id\":2,\"user_id\":3,\"province\":\"\\u5929\\u6d25\\u5e02\",\"city\":\"\\u5e02\\u8f96\\u533a\",\"district\":\"\\u548c\\u5e73\\u533a\",\"address\":\"\\u9605\\u6c5f\\u897f\\u8def222\\u53f7\\u5e7f\\u5dde\\u5854\",\"zip\":0,\"name\":\"\\u9753\\u4ed4\\u54c8\",\"phone\":\"13564568789\",\"last_used_time\":1577693391,\"create_time\":\"1970-01-01 08:32:50\",\"update_time\":\"2019-12-30 16:09:51\"}',0.07,'',NULL,NULL,NULL,'pending',NULL,1,'pending',NULL,NULL,1577693391,1577799319,0,0),(277,'20191230164540209977',3,'{\"id\":2,\"user_id\":3,\"province\":\"\\u5929\\u6d25\\u5e02\",\"city\":\"\\u5e02\\u8f96\\u533a\",\"district\":\"\\u548c\\u5e73\\u533a\",\"address\":\"\\u9605\\u6c5f\\u897f\\u8def222\\u53f7\\u5e7f\\u5dde\\u5854\",\"zip\":0,\"name\":\"\\u9753\\u4ed4\\u54c8\",\"phone\":\"13564568789\",\"last_used_time\":1577695540,\"create_time\":\"1970-01-01 08:32:50\",\"update_time\":\"2019-12-30 16:45:40\"}',0.50,'',NULL,NULL,NULL,'pending',NULL,1,'pending',NULL,NULL,1577695540,1577799319,0,0),(278,'20191231112300599492',3,'{\"id\":2,\"user_id\":3,\"province\":\"\\u5929\\u6d25\\u5e02\",\"city\":\"\\u5e02\\u8f96\\u533a\",\"district\":\"\\u548c\\u5e73\\u533a\",\"address\":\"\\u9605\\u6c5f\\u897f\\u8def222\\u53f7\\u5e7f\\u5dde\\u5854\",\"zip\":0,\"name\":\"\\u9753\\u4ed4\\u54c8\",\"phone\":\"13564568789\",\"last_used_time\":1577762580,\"create_time\":\"1970-01-01 08:32:50\",\"update_time\":\"2019-12-31 11:23:00\"}',30.01,'',NULL,NULL,NULL,'pending',NULL,1,'pending',NULL,NULL,1577762580,1577799319,0,0),(279,'20191231144150059409',3,'{\"id\":35,\"user_id\":3,\"province\":\"\\u8fbd\\u5b81\\u7701\",\"city\":\"\\u6c88\\u9633\\u5e02\",\"district\":\"\\u548c\\u5e73\\u533a\",\"address\":\"213123213\",\"zip\":231,\"name\":\"\\u4e24\\u682a\\u7ea21\\u989c\",\"phone\":\"13395080823\",\"last_used_time\":1577774510,\"create_time\":\"1970-01-01 08:32:50\",\"update_time\":\"2019-12-31 14:41:50\"}',0.50,'',NULL,NULL,NULL,'pending',NULL,1,'pending',NULL,NULL,1577774510,1577799319,0,0),(280,'20191231193236737053',3,'{\"id\":35,\"user_id\":3,\"province\":\"\\u8fbd\\u5b81\\u7701\",\"city\":\"\\u6c88\\u9633\\u5e02\",\"district\":\"\\u548c\\u5e73\\u533a\",\"address\":\"213123213\",\"zip\":231,\"name\":\"\\u4e24\\u682a\\u7ea21\\u989c\",\"phone\":\"13395080823\",\"last_used_time\":1577791956,\"create_time\":\"1970-01-01 08:32:50\",\"update_time\":\"2019-12-31 19:32:36\"}',0.50,'',NULL,NULL,NULL,'pending',NULL,1,'pending',NULL,NULL,1577791956,1577799319,0,0),(281,'20191231200811217494',3,'{\"id\":35,\"user_id\":3,\"province\":\"\\u8fbd\\u5b81\\u7701\",\"city\":\"\\u6c88\\u9633\\u5e02\",\"district\":\"\\u548c\\u5e73\\u533a\",\"address\":\"213123213\",\"zip\":231,\"name\":\"\\u4e24\\u682a\\u7ea21\\u989c\",\"phone\":\"13395080823\",\"last_used_time\":1577794091,\"create_time\":\"1970-01-01 08:32:50\",\"update_time\":\"2019-12-31 20:08:11\"}',0.01,'',NULL,NULL,NULL,'pending',NULL,1,'pending',NULL,NULL,1577794091,1577799319,0,0),(282,'20191231213538890211',3,'{\"id\":35,\"user_id\":3,\"province\":\"\\u8fbd\\u5b81\\u7701\",\"city\":\"\\u6c88\\u9633\\u5e02\",\"district\":\"\\u548c\\u5e73\\u533a\",\"address\":\"213123213\",\"zip\":231,\"name\":\"\\u4e24\\u682a\\u7ea21\\u989c\",\"phone\":\"13395080823\",\"last_used_time\":1577799338,\"create_time\":\"1970-01-01 08:32:50\",\"update_time\":\"2019-12-31 21:35:38\"}',0.01,'',1577800974,'wechat','20191231213538890211','applied',NULL,0,'pending',NULL,'{\"refund_reason\":\"sadasd\"}',1577799338,1578470391,0,0),(283,'20191231223720135043',3,'{\"id\":35,\"user_id\":3,\"province\":\"\\u8fbd\\u5b81\\u7701\",\"city\":\"\\u6c88\\u9633\\u5e02\",\"district\":\"\\u548c\\u5e73\\u533a\",\"address\":\"213123213\",\"zip\":231,\"name\":\"\\u4e24\\u682a\\u7ea21\\u989c\",\"phone\":\"13395080823\",\"last_used_time\":1577803040,\"create_time\":\"1970-01-01 08:32:50\",\"update_time\":\"2019-12-31 22:37:20\"}',0.01,'',1577803554,'wechat','20191231223720135043','applied',NULL,0,'pending',NULL,'{\"refund_reason\":\"sadsadsad\"}',1577803040,1578470208,0,0),(284,'20200101014631704507',3,'{\"id\":2,\"user_id\":3,\"province\":\"\\u5929\\u6d25\\u5e02\",\"city\":\"\\u5e02\\u8f96\\u533a\",\"district\":\"\\u548c\\u5e73\\u533a\",\"address\":\"\\u9605\\u6c5f\\u897f\\u8def222\\u53f7\\u5e7f\\u5dde\\u5854\",\"zip\":0,\"name\":\"\\u9753\\u4ed4\\u54c8\",\"phone\":\"13564568789\",\"last_used_time\":1577814391,\"create_time\":\"1970-01-01 08:32:50\",\"update_time\":\"2020-01-01 01:46:31\"}',0.15,'',NULL,NULL,NULL,'pending',NULL,1,'pending',NULL,NULL,1577814391,1577816193,0,0),(285,'20200101151139415194',3,'{\"id\":3,\"user_id\":3,\"province\":\"\\u5e7f\\u4e1c\\u7701\",\"city\":\"\\u5e7f\\u5dde\\u5e02\",\"district\":\"\\u8354\\u6e7e\\u533a\",\"address\":\"\\u9605\\u6c5f\\u897f\\u8def232\\u53f7\",\"zip\":0,\"name\":\"\\u5e05\\u54e5\\u5c0f\\u7c73\\u624b\\u673affyu\",\"phone\":\"13564568781\",\"last_used_time\":1577862699,\"create_time\":\"1970-01-01 08:32:50\",\"update_time\":\"2020-01-01 15:11:39\"}',0.01,'',1577862714,'alipay','2020010122001412711405915671','applied',NULL,0,'pending',NULL,'{\"refund_reason\":\"\\u4e0b\\u9519\\u5355\\u4e86\"}',1577862699,1577862760,0,0),(286,'20200102112038050874',3,'{\"id\":35,\"user_id\":3,\"province\":\"\\u8fbd\\u5b81\\u7701\",\"city\":\"\\u6c88\\u9633\\u5e02\",\"district\":\"\\u548c\\u5e73\\u533a\",\"address\":\"213123213\",\"zip\":231,\"name\":\"\\u4e24\\u682a\\u7ea21\\u989c\",\"phone\":\"13395080823\",\"last_used_time\":1577935238,\"create_time\":\"1970-01-01 08:32:50\",\"update_time\":\"2020-01-02 11:20:38\"}',0.06,'',NULL,NULL,NULL,'pending',NULL,1,'pending',NULL,NULL,1577935238,1577937040,0,0),(287,'20200102152643410064',3,'{\"id\":3,\"user_id\":3,\"province\":\"\\u5e7f\\u4e1c\\u7701\",\"city\":\"\\u5e7f\\u5dde\\u5e02\",\"district\":\"\\u8354\\u6e7e\\u533a\",\"address\":\"\\u9605\\u6c5f\\u897f\\u8def232\\u53f7\",\"zip\":0,\"name\":\"\\u5e05\\u54e5\\u5c0f\\u7c73\\u624b\\u673affyu\",\"phone\":\"13564568781\",\"last_used_time\":1577950003,\"create_time\":\"1970-01-01 08:32:50\",\"update_time\":\"2020-01-02 15:26:43\"}',2.18,'',NULL,NULL,NULL,'pending',NULL,1,'pending',NULL,NULL,1577950003,1577951805,0,0),(288,'20200102155532727614',3,'{\"id\":3,\"user_id\":3,\"province\":\"\\u5e7f\\u4e1c\\u7701\",\"city\":\"\\u5e7f\\u5dde\\u5e02\",\"district\":\"\\u8354\\u6e7e\\u533a\",\"address\":\"\\u9605\\u6c5f\\u897f\\u8def232\\u53f7\",\"zip\":0,\"name\":\"\\u5e05\\u54e5\\u5c0f\\u7c73\\u624b\\u673affyu\",\"phone\":\"13564568781\",\"last_used_time\":1577951732,\"create_time\":\"1970-01-01 08:32:50\",\"update_time\":\"2020-01-02 15:55:32\"}',0.50,'',NULL,NULL,NULL,'pending',NULL,1,'pending',NULL,NULL,1577951732,1577953534,0,0),(289,'20200102163952301630',3,'{\"id\":35,\"user_id\":3,\"province\":\"\\u8fbd\\u5b81\\u7701\",\"city\":\"\\u6c88\\u9633\\u5e02\",\"district\":\"\\u548c\\u5e73\\u533a\",\"address\":\"213123213\",\"zip\":231,\"name\":\"\\u4e24\\u682a\\u7ea21\\u989c\",\"phone\":\"13395080823\",\"last_used_time\":1577954392,\"create_time\":\"1970-01-01 08:32:50\",\"update_time\":\"2020-01-02 16:39:52\"}',0.07,'',NULL,NULL,NULL,'pending',NULL,1,'pending',NULL,NULL,1577954392,1577956195,0,0),(290,'20200104145643702300',3,'{\"id\":2,\"user_id\":3,\"province\":\"\\u5929\\u6d25\\u5e02\",\"city\":\"\\u5e02\\u8f96\\u533a\",\"district\":\"\\u548c\\u5e73\\u533a\",\"address\":\"\\u9605\\u6c5f\\u897f\\u8def222\\u53f7\\u5e7f\\u5dde\\u5854\",\"zip\":0,\"name\":\"\\u9753\\u4ed4\\u54c8\",\"phone\":\"13564568789\",\"last_used_time\":1578121003,\"create_time\":\"1970-01-01 08:32:50\",\"update_time\":\"2020-01-04 14:56:43\"}',3.87,'',NULL,NULL,NULL,'pending',NULL,1,'pending',NULL,NULL,1578121003,1578122804,0,0),(291,'20200106175827684937',3,'{\"id\":35,\"user_id\":3,\"province\":\"\\u8fbd\\u5b81\\u7701\",\"city\":\"\\u6c88\\u9633\\u5e02\",\"district\":\"\\u548c\\u5e73\\u533a\",\"address\":\"213123213\",\"zip\":231,\"name\":\"\\u4e24\\u682a\\u7ea21\\u989c\",\"phone\":\"13395080823\",\"last_used_time\":1578304707,\"create_time\":\"1970-01-01 08:32:50\",\"update_time\":\"2020-01-06 17:58:27\"}',0.50,'',NULL,NULL,NULL,'pending',NULL,1,'pending',NULL,NULL,1578304707,1578306509,0,0),(292,'20200106182604498401',3,'{\"id\":35,\"user_id\":3,\"province\":\"\\u8fbd\\u5b81\\u7701\",\"city\":\"\\u6c88\\u9633\\u5e02\",\"district\":\"\\u548c\\u5e73\\u533a\",\"address\":\"213123213\",\"zip\":231,\"name\":\"\\u4e24\\u682a\\u7ea21\\u989c\",\"phone\":\"13395080823\",\"last_used_time\":1578306364,\"create_time\":\"1970-01-01 08:32:50\",\"update_time\":\"2020-01-06 18:26:04\"}',0.50,'',NULL,NULL,NULL,'pending',NULL,1,'pending',NULL,NULL,1578306364,1578308166,0,0),(293,'20200106183903902381',3,'{\"id\":35,\"user_id\":3,\"province\":\"\\u8fbd\\u5b81\\u7701\",\"city\":\"\\u6c88\\u9633\\u5e02\",\"district\":\"\\u548c\\u5e73\\u533a\",\"address\":\"213123213\",\"zip\":231,\"name\":\"\\u4e24\\u682a\\u7ea21\\u989c\",\"phone\":\"13395080823\",\"last_used_time\":1578307143,\"create_time\":\"1970-01-01 08:32:50\",\"update_time\":\"2020-01-06 18:39:03\"}',1.00,'',NULL,NULL,NULL,'pending',NULL,1,'pending',NULL,NULL,1578307143,1578308943,0,0),(294,'20200106184042902270',3,'{\"id\":3,\"user_id\":3,\"province\":\"\\u5e7f\\u4e1c\\u7701\",\"city\":\"\\u5e7f\\u5dde\\u5e02\",\"district\":\"\\u8354\\u6e7e\\u533a\",\"address\":\"\\u9605\\u6c5f\\u897f\\u8def232\\u53f7\",\"zip\":0,\"name\":\"\\u5e05\\u54e5\\u5c0f\\u7c73\\u624b\\u673affyu\",\"phone\":\"13564568781\",\"last_used_time\":1578307242,\"create_time\":\"1970-01-01 08:32:50\",\"update_time\":\"2020-01-06 18:40:42\"}',0.01,'',NULL,NULL,NULL,'pending',NULL,1,'pending',NULL,NULL,1578307242,1578309042,0,0),(295,'20200106191513592075',3,'{\"id\":2,\"user_id\":3,\"province\":\"\\u5929\\u6d25\\u5e02\",\"city\":\"\\u5e02\\u8f96\\u533a\",\"district\":\"\\u548c\\u5e73\\u533a\",\"address\":\"\\u9605\\u6c5f\\u897f\\u8def222\\u53f7\\u5e7f\\u5dde\\u5854\",\"zip\":100089,\"name\":\"\\u9753\\u4ed4\\u54c8\",\"phone\":\"13564568789\",\"last_used_time\":1578309313,\"create_time\":\"1970-01-01 08:32:50\",\"update_time\":\"2020-01-06 19:15:13\"}',0.01,'',NULL,NULL,NULL,'pending',NULL,1,'pending',NULL,NULL,1578309313,1578311113,0,0),(296,'20200106212256131268',3,'{\"id\":2,\"user_id\":3,\"province\":\"\\u5929\\u6d25\\u5e02\",\"city\":\"\\u5e02\\u8f96\\u533a\",\"district\":\"\\u548c\\u5e73\\u533a\",\"address\":\"\\u9605\\u6c5f\\u897f\\u8def222\\u53f7\\u5e7f\\u5dde\\u5854\",\"zip\":100089,\"name\":\"\\u9753\\u4ed4\\u54c8\",\"phone\":\"13564568789\",\"last_used_time\":1578316976,\"create_time\":\"1970-01-01 08:32:50\",\"update_time\":\"2020-01-06 21:22:56\"}',0.21,'',NULL,NULL,NULL,'pending',NULL,1,'pending',NULL,NULL,1578316976,1578318777,0,0),(297,'20200107155141850206',3,'{\"id\":2,\"user_id\":3,\"province\":\"\\u5929\\u6d25\\u5e02\",\"city\":\"\\u5e02\\u8f96\\u533a\",\"district\":\"\\u548c\\u5e73\\u533a\",\"address\":\"\\u9605\\u6c5f\\u897f\\u8def222\\u53f7\\u5e7f\\u5dde\\u5854\",\"zip\":100089,\"name\":\"\\u9753\\u4ed4\\u54c8\",\"phone\":\"13564568789\",\"last_used_time\":1578383501,\"create_time\":\"1970-01-01 08:32:50\",\"update_time\":\"2020-01-07 15:51:41\"}',0.42,'',NULL,NULL,NULL,'pending',NULL,1,'pending',NULL,NULL,1578383501,1578385301,0,0),(298,'20200107164958928306',3,'{\"id\":2,\"user_id\":3,\"province\":\"\\u5929\\u6d25\\u5e02\",\"city\":\"\\u5e02\\u8f96\\u533a\",\"district\":\"\\u548c\\u5e73\\u533a\",\"address\":\"\\u9605\\u6c5f\\u897f\\u8def222\\u53f7\\u5e7f\\u5dde\\u5854\",\"zip\":100089,\"name\":\"\\u9753\\u4ed4\\u54c8\",\"phone\":\"13564568789\",\"last_used_time\":1578386998,\"create_time\":\"1970-01-01 08:32:50\",\"update_time\":\"2020-01-07 16:49:58\"}',0.05,'',NULL,NULL,NULL,'pending',NULL,1,'pending',NULL,NULL,1578386998,1578388798,0,0),(299,'20200107165558168163',3,'{\"id\":2,\"user_id\":3,\"province\":\"\\u5929\\u6d25\\u5e02\",\"city\":\"\\u5e02\\u8f96\\u533a\",\"district\":\"\\u548c\\u5e73\\u533a\",\"address\":\"\\u9605\\u6c5f\\u897f\\u8def222\\u53f7\\u5e7f\\u5dde\\u5854\",\"zip\":100089,\"name\":\"\\u9753\\u4ed4\\u54c8\",\"phone\":\"13564568789\",\"last_used_time\":1578387358,\"create_time\":\"1970-01-01 08:32:50\",\"update_time\":\"2020-01-07 16:55:58\"}',0.20,'',NULL,NULL,NULL,'pending',NULL,1,'pending',NULL,NULL,1578387358,1578389158,0,0),(300,'20200107193259832646',3,'{\"id\":47,\"user_id\":3,\"province\":\"\\u6d59\\u6c5f\\u7701\",\"city\":\"\\u676d\\u5dde\\u5e02\",\"district\":\"\\u4e0a\\u57ce\\u533a\",\"address\":\"666\",\"zip\":0,\"name\":\"\\u6c49\\u5821\",\"phone\":\"17792352523\",\"last_used_time\":1578396779,\"create_time\":\"1970-01-01 08:32:50\",\"update_time\":\"2020-01-07 19:32:59\"}',0.50,'',NULL,NULL,NULL,'pending',NULL,1,'pending',NULL,NULL,1578396779,1578398581,0,0),(301,'20200107204244605485',3,'{\"id\":47,\"user_id\":3,\"province\":\"\\u6d59\\u6c5f\\u7701\",\"city\":\"\\u676d\\u5dde\\u5e02\",\"district\":\"\\u4e0a\\u57ce\\u533a\",\"address\":\"666\",\"zip\":0,\"name\":\"\\u6c49\\u5821\",\"phone\":\"17792352523\",\"last_used_time\":1578400964,\"create_time\":\"1970-01-01 08:32:50\",\"update_time\":\"2020-01-07 20:42:44\"}',0.50,'',NULL,NULL,NULL,'pending',NULL,1,'pending',NULL,NULL,1578400964,1578402764,0,0),(302,'20200108110717323296',3,'{\"id\":2,\"user_id\":3,\"province\":\"\\u5929\\u6d25\\u5e02\",\"city\":\"\\u5e02\\u8f96\\u533a\",\"district\":\"\\u548c\\u5e73\\u533a\",\"address\":\"\\u9605\\u6c5f\\u897f\\u8def222\\u53f7\\u5e7f\\u5dde\\u5854\",\"zip\":100089,\"name\":\"\\u9753\\u4ed4\\u54c8\",\"phone\":\"13564568789\",\"last_used_time\":1578452837,\"create_time\":\"1970-01-01 08:32:50\",\"update_time\":\"2020-01-08 11:07:17\"}',0.01,'',1578452850,'alipay','2020010822001496141407543427','applied',NULL,0,'pending',NULL,'{\"refund_reason\":\"\\u5c31\\u662f\\u8981\\u9000\"}',1578452837,1578453545,0,0),(303,'20200108115826543959',3,'{\"id\":2,\"user_id\":3,\"province\":\"\\u5929\\u6d25\\u5e02\",\"city\":\"\\u5e02\\u8f96\\u533a\",\"district\":\"\\u548c\\u5e73\\u533a\",\"address\":\"\\u9605\\u6c5f\\u897f\\u8def222\\u53f7\\u5e7f\\u5dde\\u5854\",\"zip\":100089,\"name\":\"\\u9753\\u4ed4\\u54c8\",\"phone\":\"13564568789\",\"last_used_time\":1578455906,\"create_time\":\"1970-01-01 08:32:50\",\"update_time\":\"2020-01-08 11:58:26\"}',0.07,'',NULL,NULL,NULL,'pending',NULL,1,'pending',NULL,NULL,1578455906,1578457708,0,0),(304,'20200108120148678738',3,'{\"id\":2,\"user_id\":3,\"province\":\"\\u5929\\u6d25\\u5e02\",\"city\":\"\\u5e02\\u8f96\\u533a\",\"district\":\"\\u548c\\u5e73\\u533a\",\"address\":\"\\u9605\\u6c5f\\u897f\\u8def222\\u53f7\\u5e7f\\u5dde\\u5854\",\"zip\":100089,\"name\":\"\\u9753\\u4ed4\\u54c8\",\"phone\":\"13564568789\",\"last_used_time\":1578456108,\"create_time\":\"1970-01-01 08:32:50\",\"update_time\":\"2020-01-08 12:01:48\"}',0.12,'',NULL,NULL,NULL,'pending',NULL,1,'pending',NULL,NULL,1578456108,1578457909,0,0),(305,'20200108162835397588',3,'{\"id\":47,\"user_id\":3,\"province\":\"\\u6d59\\u6c5f\\u7701\",\"city\":\"\\u676d\\u5dde\\u5e02\",\"district\":\"\\u4e0a\\u57ce\\u533a\",\"address\":\"666\",\"zip\":0,\"name\":\"\\u6c49\\u5821\",\"phone\":\"17792352523\",\"last_used_time\":1578472115,\"create_time\":\"1970-01-01 08:32:50\",\"update_time\":\"2020-01-08 16:28:35\"}',4.50,'',NULL,NULL,NULL,'pending',NULL,1,'pending',NULL,NULL,1578472115,1578473916,0,0),(306,'20200108163338767259',3,'{\"id\":47,\"user_id\":3,\"province\":\"\\u6d59\\u6c5f\\u7701\",\"city\":\"\\u676d\\u5dde\\u5e02\",\"district\":\"\\u4e0a\\u57ce\\u533a\",\"address\":\"666\",\"zip\":0,\"name\":\"\\u6c49\\u5821\",\"phone\":\"17792352523\",\"last_used_time\":1578472418,\"create_time\":\"1970-01-01 08:32:50\",\"update_time\":\"2020-01-08 16:33:38\"}',0.50,'',NULL,NULL,NULL,'pending',NULL,1,'pending',NULL,NULL,1578472418,1578474219,0,0),(307,'20200108164341071148',3,'{\"id\":47,\"user_id\":3,\"province\":\"\\u6d59\\u6c5f\\u7701\",\"city\":\"\\u676d\\u5dde\\u5e02\",\"district\":\"\\u4e0a\\u57ce\\u533a\",\"address\":\"666\",\"zip\":0,\"name\":\"\\u6c49\\u5821\",\"phone\":\"17792352523\",\"last_used_time\":1578473021,\"create_time\":\"1970-01-01 08:32:50\",\"update_time\":\"2020-01-08 16:43:41\"}',0.50,'',NULL,NULL,NULL,'pending',NULL,1,'pending',NULL,NULL,1578473021,1578474822,0,0),(308,'20200108173241263150',3,'{\"id\":47,\"user_id\":3,\"province\":\"\\u6d59\\u6c5f\\u7701\",\"city\":\"\\u676d\\u5dde\\u5e02\",\"district\":\"\\u4e0a\\u57ce\\u533a\",\"address\":\"666\",\"zip\":0,\"name\":\"\\u6c49\\u5821\",\"phone\":\"17792352523\",\"last_used_time\":1578475961,\"create_time\":\"1970-01-01 08:32:50\",\"update_time\":\"2020-01-08 17:32:41\"}',0.10,'',NULL,NULL,NULL,'pending',NULL,1,'pending',NULL,NULL,1578475961,1578477763,0,0),(309,'20200108181812035860',3,'{\"id\":47,\"user_id\":3,\"province\":\"\\u6d59\\u6c5f\\u7701\",\"city\":\"\\u676d\\u5dde\\u5e02\",\"district\":\"\\u4e0a\\u57ce\\u533a\",\"address\":\"666\",\"zip\":0,\"name\":\"\\u6c49\\u5821\",\"phone\":\"17792352523\",\"last_used_time\":1578478692,\"create_time\":\"1970-01-01 08:32:50\",\"update_time\":\"2020-01-08 18:18:12\"}',0.50,'',NULL,NULL,NULL,'pending',NULL,1,'pending',NULL,NULL,1578478692,1578480494,0,0),(310,'20200108203415653857',3,'{\"id\":47,\"user_id\":3,\"province\":\"\\u6d59\\u6c5f\\u7701\",\"city\":\"\\u676d\\u5dde\\u5e02\",\"district\":\"\\u4e0a\\u57ce\\u533a\",\"address\":\"666\",\"zip\":0,\"name\":\"\\u6c49\\u5821\",\"phone\":\"17792352523\",\"last_used_time\":1578486855,\"create_time\":\"1970-01-01 08:32:50\",\"update_time\":\"2020-01-08 20:34:15\"}',0.50,'',NULL,NULL,NULL,'pending',NULL,1,'pending',NULL,NULL,1578486855,1578488656,0,0),(311,'20200108203751765339',3,'{\"id\":47,\"user_id\":3,\"province\":\"\\u6d59\\u6c5f\\u7701\",\"city\":\"\\u676d\\u5dde\\u5e02\",\"district\":\"\\u4e0a\\u57ce\\u533a\",\"address\":\"666\",\"zip\":0,\"name\":\"\\u6c49\\u5821\",\"phone\":\"17792352523\",\"last_used_time\":1578487071,\"create_time\":\"1970-01-01 08:32:50\",\"update_time\":\"2020-01-08 20:37:51\"}',0.50,'',NULL,NULL,NULL,'pending',NULL,1,'pending',NULL,NULL,1578487071,1578488872,0,0),(312,'20200108204401814461',3,'{\"id\":47,\"user_id\":3,\"province\":\"\\u6d59\\u6c5f\\u7701\",\"city\":\"\\u676d\\u5dde\\u5e02\",\"district\":\"\\u4e0a\\u57ce\\u533a\",\"address\":\"666\",\"zip\":0,\"name\":\"\\u6c49\\u5821\",\"phone\":\"17792352523\",\"last_used_time\":1578487441,\"create_time\":\"1970-01-01 08:32:50\",\"update_time\":\"2020-01-08 20:44:01\"}',0.50,'',NULL,NULL,NULL,'pending',NULL,1,'pending',NULL,NULL,1578487441,1578489242,0,0),(313,'20200108204516246609',3,'{\"id\":47,\"user_id\":3,\"province\":\"\\u6d59\\u6c5f\\u7701\",\"city\":\"\\u676d\\u5dde\\u5e02\",\"district\":\"\\u4e0a\\u57ce\\u533a\",\"address\":\"666\",\"zip\":0,\"name\":\"\\u6c49\\u5821\",\"phone\":\"17792352523\",\"last_used_time\":1578487516,\"create_time\":\"1970-01-01 08:32:50\",\"update_time\":\"2020-01-08 20:45:16\"}',0.01,'',NULL,NULL,NULL,'pending',NULL,1,'pending',NULL,NULL,1578487516,1578489317,0,0),(314,'20200108210024819012',3,'{\"id\":47,\"user_id\":3,\"province\":\"\\u6d59\\u6c5f\\u7701\",\"city\":\"\\u676d\\u5dde\\u5e02\",\"district\":\"\\u4e0a\\u57ce\\u533a\",\"address\":\"666\",\"zip\":0,\"name\":\"\\u6c49\\u5821\",\"phone\":\"17792352523\",\"last_used_time\":1578488424,\"create_time\":\"1970-01-01 08:32:50\",\"update_time\":\"2020-01-08 21:00:24\"}',0.01,'',NULL,NULL,NULL,'pending',NULL,1,'pending',NULL,NULL,1578488424,1578490226,0,0),(315,'20200108210114217080',3,'{\"id\":47,\"user_id\":3,\"province\":\"\\u6d59\\u6c5f\\u7701\",\"city\":\"\\u676d\\u5dde\\u5e02\",\"district\":\"\\u4e0a\\u57ce\\u533a\",\"address\":\"666\",\"zip\":0,\"name\":\"\\u6c49\\u5821\",\"phone\":\"17792352523\",\"last_used_time\":1578488474,\"create_time\":\"1970-01-01 08:32:50\",\"update_time\":\"2020-01-08 21:01:14\"}',0.01,'',NULL,NULL,NULL,'pending',NULL,1,'pending',NULL,NULL,1578488474,1578490274,0,0),(316,'20200108210256744270',3,'{\"id\":47,\"user_id\":3,\"province\":\"\\u6d59\\u6c5f\\u7701\",\"city\":\"\\u676d\\u5dde\\u5e02\",\"district\":\"\\u4e0a\\u57ce\\u533a\",\"address\":\"666\",\"zip\":0,\"name\":\"\\u6c49\\u5821\",\"phone\":\"17792352523\",\"last_used_time\":1578488576,\"create_time\":\"1970-01-01 08:32:50\",\"update_time\":\"2020-01-08 21:02:56\"}',0.01,'',NULL,NULL,NULL,'pending',NULL,1,'pending',NULL,NULL,1578488576,1578490376,0,0),(317,'20200108210344675336',3,'{\"id\":47,\"user_id\":3,\"province\":\"\\u6d59\\u6c5f\\u7701\",\"city\":\"\\u676d\\u5dde\\u5e02\",\"district\":\"\\u4e0a\\u57ce\\u533a\",\"address\":\"666\",\"zip\":0,\"name\":\"\\u6c49\\u5821\",\"phone\":\"17792352523\",\"last_used_time\":1578488624,\"create_time\":\"1970-01-01 08:32:50\",\"update_time\":\"2020-01-08 21:03:44\"}',0.01,'',1578488655,'alipay','2020010822001438531407187389','applied',NULL,0,'pending',NULL,'{\"refund_reason\":\"1111\"}',1578488624,1578559782,0,0),(318,'20200108214700452429',3,'{\"id\":47,\"user_id\":3,\"province\":\"\\u6d59\\u6c5f\\u7701\",\"city\":\"\\u676d\\u5dde\\u5e02\",\"district\":\"\\u4e0a\\u57ce\\u533a\",\"address\":\"666\",\"zip\":0,\"name\":\"\\u6c49\\u5821\",\"phone\":\"17792352523\",\"last_used_time\":1578491220,\"create_time\":\"1970-01-01 08:32:50\",\"update_time\":\"2020-01-08 21:47:00\"}',0.50,'',NULL,NULL,NULL,'pending',NULL,1,'pending',NULL,NULL,1578491220,1578493020,0,0),(319,'20200109100037726524',3,'{\"id\":47,\"user_id\":3,\"province\":\"\\u6d59\\u6c5f\\u7701\",\"city\":\"\\u676d\\u5dde\\u5e02\",\"district\":\"\\u4e0a\\u57ce\\u533a\",\"address\":\"666\",\"zip\":0,\"name\":\"\\u6c49\\u58211\",\"phone\":\"17792352523\",\"last_used_time\":1578535237,\"create_time\":\"1970-01-01 08:32:50\",\"update_time\":\"2020-01-09 10:00:37\"}',1.00,'',NULL,NULL,NULL,'pending',NULL,1,'pending',NULL,NULL,1578535237,1578537038,0,0),(320,'20200109113618656198',3,'{\"id\":47,\"user_id\":3,\"province\":\"\\u6d59\\u6c5f\\u7701\",\"city\":\"\\u676d\\u5dde\\u5e02\",\"district\":\"\\u4e0a\\u57ce\\u533a\",\"address\":\"666\",\"zip\":0,\"name\":\"\\u6c49\\u58211\",\"phone\":\"17792352523\",\"last_used_time\":1578540978,\"create_time\":\"1970-01-01 08:32:50\",\"update_time\":\"2020-01-09 11:36:18\"}',0.01,'',NULL,NULL,NULL,'pending',NULL,1,'pending',NULL,NULL,1578540978,1578542779,0,0),(321,'20200109144438087360',3,'{\"id\":3,\"user_id\":3,\"province\":\"\\u5e7f\\u4e1c\\u7701\",\"city\":\"\\u5e7f\\u5dde\\u5e02\",\"district\":\"\\u8354\\u6e7e\\u533a\",\"address\":\"\\u9605\\u6c5f\\u897f\\u8def232\\u53f7\",\"zip\":0,\"name\":\"\\u5e05\\u54e5\\u5c0f\\u7c73\\u624b\\u673affyu\",\"phone\":\"13564568781\",\"last_used_time\":1578552278,\"create_time\":\"1970-01-01 08:32:50\",\"update_time\":\"2020-01-09 14:44:38\"}',0.14,'',NULL,NULL,NULL,'pending',NULL,1,'pending',NULL,NULL,1578552278,1578554080,0,0),(322,'20200109154939034462',3,'{\"id\":3,\"user_id\":3,\"province\":\"\\u5e7f\\u4e1c\\u7701\",\"city\":\"\\u5e7f\\u5dde\\u5e02\",\"district\":\"\\u8354\\u6e7e\\u533a\",\"address\":\"\\u9605\\u6c5f\\u897f\\u8def232\\u53f7\",\"zip\":0,\"name\":\"\\u5e05\\u54e5\\u5c0f\\u7c73\\u624b\\u673affyu\",\"phone\":\"13564568781\",\"last_used_time\":1578556179,\"create_time\":\"1970-01-01 08:32:50\",\"update_time\":\"2020-01-09 15:49:39\"}',0.10,'',NULL,NULL,NULL,'pending',NULL,1,'pending',NULL,NULL,1578556179,1578557979,0,0),(323,'20200109163145318067',3,'{\"id\":3,\"user_id\":3,\"province\":\"\\u5e7f\\u4e1c\\u7701\",\"city\":\"\\u5e7f\\u5dde\\u5e02\",\"district\":\"\\u8354\\u6e7e\\u533a\",\"address\":\"\\u9605\\u6c5f\\u897f\\u8def232\\u53f7\",\"zip\":0,\"name\":\"\\u5e05\\u54e5\\u5c0f\\u7c73\\u624b\\u673affyu\",\"phone\":\"13564568781\",\"last_used_time\":1578558705,\"create_time\":\"1970-01-01 08:32:50\",\"update_time\":\"2020-01-09 16:31:45\"}',0.01,'',NULL,NULL,NULL,'pending',NULL,1,'pending',NULL,NULL,1578558705,1578560506,0,0),(324,'20200109225722450510',3,'{\"id\":3,\"user_id\":3,\"province\":\"\\u5e7f\\u4e1c\\u7701\",\"city\":\"\\u5e7f\\u5dde\\u5e02\",\"district\":\"\\u8354\\u6e7e\\u533a\",\"address\":\"\\u9605\\u6c5f\\u897f\\u8def232\\u53f7\",\"zip\":0,\"name\":\"\\u5e05\\u54e5\\u5c0f\\u7c73\\u624b\\u673affyu\",\"phone\":\"13564568781\",\"last_used_time\":1578581842,\"create_time\":\"1970-01-01 08:32:50\",\"update_time\":\"2020-01-09 22:57:22\"}',0.07,'',NULL,NULL,NULL,'pending',NULL,1,'pending',NULL,NULL,1578581842,1578583643,0,0),(325,'20200110015849940501',3,'{\"id\":47,\"user_id\":3,\"province\":\"\\u6d59\\u6c5f\\u7701\",\"city\":\"\\u676d\\u5dde\\u5e02\",\"district\":\"\\u4e0a\\u57ce\\u533a\",\"address\":\"666\",\"zip\":0,\"name\":\"\\u6c49\\u58211\",\"phone\":\"17792352523\",\"last_used_time\":1578592729,\"create_time\":\"1970-01-01 08:32:50\",\"update_time\":\"2020-01-10 01:58:49\"}',0.50,'',NULL,NULL,NULL,'pending',NULL,1,'pending',NULL,NULL,1578592729,1578594530,0,0),(326,'20200110105252073473',3,'{\"id\":47,\"user_id\":3,\"province\":\"\\u6d59\\u6c5f\\u7701\",\"city\":\"\\u676d\\u5dde\\u5e02\",\"district\":\"\\u4e0a\\u57ce\\u533a\",\"address\":\"666\",\"zip\":0,\"name\":\"\\u6c49\\u58211\",\"phone\":\"17792352523\",\"last_used_time\":1578624772,\"create_time\":\"1970-01-01 08:32:50\",\"update_time\":\"2020-01-10 10:52:52\"}',0.01,'',NULL,NULL,NULL,'pending',NULL,1,'pending',NULL,NULL,1578624772,1578626572,0,0),(327,'20200110154310822852',3,'{\"id\":47,\"user_id\":3,\"province\":\"\\u6d59\\u6c5f\\u7701\",\"city\":\"\\u676d\\u5dde\\u5e02\",\"district\":\"\\u4e0a\\u57ce\\u533a\",\"address\":\"666\",\"zip\":0,\"name\":\"\\u6c49\\u58211\",\"phone\":\"17792352523\",\"last_used_time\":1578642190,\"create_time\":\"1970-01-01 08:32:50\",\"update_time\":\"2020-01-10 15:43:10\"}',0.01,'',NULL,NULL,NULL,'pending',NULL,1,'pending',NULL,NULL,1578642190,1578643992,0,0),(328,'20200110154743188086',3,'{\"id\":47,\"user_id\":3,\"province\":\"\\u6d59\\u6c5f\\u7701\",\"city\":\"\\u676d\\u5dde\\u5e02\",\"district\":\"\\u4e0a\\u57ce\\u533a\",\"address\":\"666\",\"zip\":0,\"name\":\"\\u6c49\\u58211\",\"phone\":\"17792352523\",\"last_used_time\":1578642463,\"create_time\":\"1970-01-01 08:32:50\",\"update_time\":\"2020-01-10 15:47:43\"}',0.01,'',NULL,NULL,NULL,'pending',NULL,1,'pending',NULL,NULL,1578642463,1578644263,0,0),(329,'20200110162531827204',3,'{\"id\":47,\"user_id\":3,\"province\":\"\\u6d59\\u6c5f\\u7701\",\"city\":\"\\u676d\\u5dde\\u5e02\",\"district\":\"\\u4e0a\\u57ce\\u533a\",\"address\":\"666\",\"zip\":0,\"name\":\"\\u6c49\\u58211\",\"phone\":\"17792352523\",\"last_used_time\":1578644731,\"create_time\":\"1970-01-01 08:32:50\",\"update_time\":\"2020-01-10 16:25:31\"}',0.01,'',NULL,NULL,NULL,'pending',NULL,1,'pending',NULL,NULL,1578644731,1578646531,0,0),(330,'20200110225845990754',3,'{\"id\":47,\"user_id\":3,\"province\":\"\\u6d59\\u6c5f\\u7701\",\"city\":\"\\u676d\\u5dde\\u5e02\",\"district\":\"\\u4e0a\\u57ce\\u533a\",\"address\":\"666\",\"zip\":0,\"name\":\"\\u6c49\\u58211\",\"phone\":\"17792352523\",\"last_used_time\":1578668325,\"create_time\":\"1970-01-01 08:32:50\",\"update_time\":\"2020-01-10 22:58:45\"}',0.07,'',NULL,NULL,NULL,'pending',NULL,1,'pending',NULL,NULL,1578668325,1578670125,0,0),(331,'20200110235030209428',3,'{\"id\":47,\"user_id\":3,\"province\":\"\\u6d59\\u6c5f\\u7701\",\"city\":\"\\u676d\\u5dde\\u5e02\",\"district\":\"\\u4e0a\\u57ce\\u533a\",\"address\":\"666\",\"zip\":0,\"name\":\"\\u6c49\\u58211\",\"phone\":\"17792352523\",\"last_used_time\":1578671430,\"create_time\":\"1970-01-01 08:32:50\",\"update_time\":\"2020-01-10 23:50:30\"}',0.06,'',NULL,NULL,NULL,'pending',NULL,1,'pending',NULL,NULL,1578671430,1578673231,0,0),(332,'20200111000845925901',3,'{\"id\":47,\"user_id\":3,\"province\":\"\\u6d59\\u6c5f\\u7701\",\"city\":\"\\u676d\\u5dde\\u5e02\",\"district\":\"\\u4e0a\\u57ce\\u533a\",\"address\":\"666\",\"zip\":0,\"name\":\"\\u6c49\\u58211\",\"phone\":\"17792352523\",\"last_used_time\":1578672525,\"create_time\":\"1970-01-01 08:32:50\",\"update_time\":\"2020-01-11 00:08:45\"}',0.01,'',NULL,NULL,NULL,'pending',NULL,1,'pending',NULL,NULL,1578672525,1578674326,0,0),(333,'20200114093958594632',3,'{\"id\":53,\"user_id\":3,\"province\":\"\\u5317\\u4eac\\u5e02\",\"city\":\"\\u5e02\\u8f96\\u533a\",\"district\":\"\\u897f\\u57ce\\u533a\",\"address\":\"\\u5e7f\\u5dde\\u5e02\",\"zip\":0,\"name\":\"\\u674e\\u4e94\",\"phone\":\"18011011000\",\"last_used_time\":1578965998,\"create_time\":\"2020-01-13 00:17:58\",\"update_time\":\"2020-01-14 09:39:58\"}',0.77,'',NULL,NULL,NULL,'pending',NULL,1,'pending',NULL,NULL,1578965998,1578967799,0,0),(334,'20200114184648519853',3,'{\"id\":2,\"user_id\":3,\"province\":\"\\u5929\\u6d25\\u5e02\",\"city\":\"\\u5e02\\u8f96\\u533a\",\"district\":\"\\u548c\\u5e73\\u533a\",\"address\":\"\\u9605\\u6c5f\\u897f\\u8def222\\u53f7\\u5e7f\\u5dde\\u5854\",\"zip\":100089,\"name\":\"\\u9753\\u4ed4\",\"phone\":\"13564568789\",\"last_used_time\":1578998808,\"create_time\":\"1970-01-01 08:32:50\",\"update_time\":\"2020-01-14 18:46:48\"}',0.01,'',NULL,NULL,NULL,'pending',NULL,1,'pending',NULL,NULL,1578998808,1579000608,0,0),(335,'20200114185834197273',3,'{\"id\":2,\"user_id\":3,\"province\":\"\\u5929\\u6d25\\u5e02\",\"city\":\"\\u5e02\\u8f96\\u533a\",\"district\":\"\\u548c\\u5e73\\u533a\",\"address\":\"\\u9605\\u6c5f\\u897f\\u8def222\\u53f7\\u5e7f\\u5dde\\u5854\",\"zip\":100089,\"name\":\"\\u9753\\u4ed4\",\"phone\":\"13564568789\",\"last_used_time\":1578999514,\"create_time\":\"1970-01-01 08:32:50\",\"update_time\":\"2020-01-14 18:58:34\"}',0.50,'',NULL,NULL,NULL,'pending',NULL,1,'pending',NULL,NULL,1578999514,1579001316,0,0),(336,'20200114192923913369',3,'{\"id\":2,\"user_id\":3,\"province\":\"\\u5929\\u6d25\\u5e02\",\"city\":\"\\u5e02\\u8f96\\u533a\",\"district\":\"\\u548c\\u5e73\\u533a\",\"address\":\"\\u9605\\u6c5f\\u897f\\u8def222\\u53f7\\u5e7f\\u5dde\\u5854\",\"zip\":100089,\"name\":\"\\u9753\\u4ed4\",\"phone\":\"13564568789\",\"last_used_time\":1579001363,\"create_time\":\"1970-01-01 08:32:50\",\"update_time\":\"2020-01-14 19:29:23\"}',0.01,'',1579001385,'alipay','2020011422001458971411193162','pending',NULL,0,'received','{\"express_company\":\"\\u767e\\u4e16\\u5feb\\u9012\",\"express_no\":\"70303808964270\",\"express_time\":1580653214}','{\"refund_reason\":\"\\u6d4b\\u8bd5\\u6d4b\\u8bd5\",\"refund_disagree_reason\":\"\\u7406\\u7531\\u4e0d\\u5145\\u5206\"}',1579001363,1581924181,0,0),(337,'20200115140245797141',3,'{\"id\":55,\"user_id\":3,\"province\":\"\\u5929\\u6d25\\u5e02\",\"city\":\"\\u5e02\\u8f96\\u533a\",\"district\":\"\\u548c\\u5e73\\u533a\",\"address\":\"\\u4f60\",\"zip\":111,\"name\":\"\\u4f60\\u5728\",\"phone\":\"18289898789\",\"last_used_time\":1579068165,\"create_time\":\"2020-01-15 14:01:39\",\"update_time\":\"2020-01-15 14:02:45\"}',0.01,'',NULL,NULL,NULL,'pending',NULL,1,'pending',NULL,NULL,1579068165,1579069966,0,0),(338,'20200115174344203508',3,'{\"id\":2,\"user_id\":3,\"province\":\"\\u5929\\u6d25\\u5e02\",\"city\":\"\\u5e02\\u8f96\\u533a\",\"district\":\"\\u548c\\u5e73\\u533a\",\"address\":\"\\u9605\\u6c5f\\u897f\\u8def222\\u53f7\\u5e7f\\u5dde\\u5854\",\"zip\":100089,\"name\":\"\\u9753\\u4ed4\",\"phone\":\"13564568789\",\"last_used_time\":1579081424,\"create_time\":\"1970-01-01 08:32:50\",\"update_time\":\"2020-01-15 17:43:44\"}',1.00,'',NULL,NULL,NULL,'pending',NULL,1,'pending',NULL,NULL,1579081424,1579083224,0,0),(339,'20200117091250470695',3,'{\"id\":2,\"user_id\":3,\"province\":\"\\u5929\\u6d25\\u5e02\",\"city\":\"\\u5e02\\u8f96\\u533a\",\"district\":\"\\u548c\\u5e73\\u533a\",\"address\":\"\\u9605\\u6c5f\\u897f\\u8def222\\u53f7\\u5e7f\\u5dde\\u5854\",\"zip\":100089,\"name\":\"\\u9753\\u4ed4\",\"phone\":\"13564568789\",\"last_used_time\":1579223570,\"create_time\":\"1970-01-01 08:32:50\",\"update_time\":\"2020-01-17 09:12:50\"}',2.51,'',NULL,NULL,NULL,'pending',NULL,1,'pending',NULL,NULL,1579223570,1579225372,0,0),(340,'20200117164215518624',3,'{\"id\":2,\"user_id\":3,\"province\":\"\\u5929\\u6d25\\u5e02\",\"city\":\"\\u5e02\\u8f96\\u533a\",\"district\":\"\\u548c\\u5e73\\u533a\",\"address\":\"\\u9605\\u6c5f\\u897f\\u8def222\\u53f7\\u5e7f\\u5dde\\u5854\",\"zip\":100089,\"name\":\"\\u9753\\u4ed4\",\"phone\":\"13564568789\",\"last_used_time\":1579250535,\"create_time\":\"1970-01-01 08:32:50\",\"update_time\":\"2020-01-17 16:42:15\"}',1.70,'',NULL,NULL,NULL,'pending',NULL,1,'pending',NULL,NULL,1579250535,1579252335,0,0),(341,'20200117170412660855',3,'{\"id\":2,\"user_id\":3,\"province\":\"\\u5929\\u6d25\\u5e02\",\"city\":\"\\u5e02\\u8f96\\u533a\",\"district\":\"\\u548c\\u5e73\\u533a\",\"address\":\"\\u9605\\u6c5f\\u897f\\u8def222\\u53f7\\u5e7f\\u5dde\\u5854\",\"zip\":100089,\"name\":\"\\u9753\\u4ed4\",\"phone\":\"13564568789\",\"last_used_time\":1579251852,\"create_time\":\"1970-01-01 08:32:50\",\"update_time\":\"2020-01-17 17:04:12\"}',0.15,'',NULL,NULL,NULL,'pending',NULL,1,'pending',NULL,NULL,1579251852,1579253653,0,0),(342,'20200117172211444230',3,'{\"id\":2,\"user_id\":3,\"province\":\"\\u5929\\u6d25\\u5e02\",\"city\":\"\\u5e02\\u8f96\\u533a\",\"district\":\"\\u548c\\u5e73\\u533a\",\"address\":\"\\u9605\\u6c5f\\u897f\\u8def222\\u53f7\\u5e7f\\u5dde\\u5854\",\"zip\":100089,\"name\":\"\\u9753\\u4ed4\",\"phone\":\"13564568789\",\"last_used_time\":1579252931,\"create_time\":\"1970-01-01 08:32:50\",\"update_time\":\"2020-01-17 17:22:11\"}',0.50,'',NULL,NULL,NULL,'pending',NULL,1,'pending',NULL,NULL,1579252931,1579254733,0,0),(343,'20200117172307401739',3,'{\"id\":2,\"user_id\":3,\"province\":\"\\u5929\\u6d25\\u5e02\",\"city\":\"\\u5e02\\u8f96\\u533a\",\"district\":\"\\u548c\\u5e73\\u533a\",\"address\":\"\\u9605\\u6c5f\\u897f\\u8def222\\u53f7\\u5e7f\\u5dde\\u5854\",\"zip\":100089,\"name\":\"\\u9753\\u4ed4\",\"phone\":\"13564568789\",\"last_used_time\":1579252987,\"create_time\":\"1970-01-01 08:32:50\",\"update_time\":\"2020-01-17 17:23:07\"}',0.50,'',NULL,NULL,NULL,'pending',NULL,1,'pending',NULL,NULL,1579252987,1579254787,0,0),(344,'20200117173712440843',3,'{\"id\":2,\"user_id\":3,\"province\":\"\\u5929\\u6d25\\u5e02\",\"city\":\"\\u5e02\\u8f96\\u533a\",\"district\":\"\\u548c\\u5e73\\u533a\",\"address\":\"\\u9605\\u6c5f\\u897f\\u8def222\\u53f7\\u5e7f\\u5dde\\u5854\",\"zip\":100089,\"name\":\"\\u9753\\u4ed4\",\"phone\":\"13564568789\",\"last_used_time\":1579253832,\"create_time\":\"1970-01-01 08:32:50\",\"update_time\":\"2020-01-17 17:37:12\"}',0.01,'',1579253843,'alipay','2020011722001447111410518084','pending',NULL,0,'received','{\"express_company\":\"\\u767e\\u4e16\\u5feb\\u9012\",\"express_no\":\"70303808964270\",\"express_time\":1580458205}',NULL,1579253832,1581924181,0,0),(345,'20200117182530229803',3,'{\"id\":2,\"user_id\":3,\"province\":\"\\u5929\\u6d25\\u5e02\",\"city\":\"\\u5e02\\u8f96\\u533a\",\"district\":\"\\u548c\\u5e73\\u533a\",\"address\":\"\\u9605\\u6c5f\\u897f\\u8def222\\u53f7\\u5e7f\\u5dde\\u5854\",\"zip\":100089,\"name\":\"\\u9753\\u4ed4\",\"phone\":\"13564568789\",\"last_used_time\":1579256730,\"create_time\":\"1970-01-01 08:32:50\",\"update_time\":\"2020-01-17 18:25:30\"}',0.50,'',NULL,NULL,NULL,'pending',NULL,1,'pending',NULL,NULL,1579256730,1579258532,0,0),(346,'20200117195649493058',3,'{\"id\":2,\"user_id\":3,\"province\":\"\\u5929\\u6d25\\u5e02\",\"city\":\"\\u5e02\\u8f96\\u533a\",\"district\":\"\\u548c\\u5e73\\u533a\",\"address\":\"\\u9605\\u6c5f\\u897f\\u8def222\\u53f7\\u5e7f\\u5dde\\u5854\",\"zip\":100089,\"name\":\"\\u9753\\u4ed4\",\"phone\":\"13564568789\",\"last_used_time\":1579262209,\"create_time\":\"1970-01-01 08:32:50\",\"update_time\":\"2020-01-17 19:56:49\"}',0.02,'',NULL,NULL,NULL,'pending',NULL,1,'pending',NULL,NULL,1579262209,1579264009,0,0),(347,'20200117211908298916',3,'{\"id\":2,\"user_id\":3,\"province\":\"\\u5929\\u6d25\\u5e02\",\"city\":\"\\u5e02\\u8f96\\u533a\",\"district\":\"\\u548c\\u5e73\\u533a\",\"address\":\"\\u9605\\u6c5f\\u897f\\u8def222\\u53f7\\u5e7f\\u5dde\\u5854\",\"zip\":100089,\"name\":\"\\u9753\\u4ed4\",\"phone\":\"13564568789\",\"last_used_time\":1579267148,\"create_time\":\"1970-01-01 08:32:50\",\"update_time\":\"2020-01-17 21:19:08\"}',0.85,'',NULL,NULL,NULL,'pending',NULL,1,'pending',NULL,NULL,1579267148,1579268949,0,0);
/*!40000 ALTER TABLE `order` ENABLE KEYS */;
UNLOCK TABLES;

--
-- Table structure for table `order_item`
--

DROP TABLE IF EXISTS `order_item`;
/*!40101 SET @saved_cs_client     = @@character_set_client */;
/*!40101 SET character_set_client = utf8 */;
CREATE TABLE `order_item` (
  `id` int(11) NOT NULL AUTO_INCREMENT,
  `order_id` int(11) DEFAULT NULL COMMENT '订单id',
  `shop_id` int(11) DEFAULT NULL COMMENT '商品id/商品规则id',
  `num` int(11) DEFAULT NULL COMMENT '购买数量',
  `price` decimal(10,2) DEFAULT NULL COMMENT '购买价格',
  `rating` int(11) DEFAULT NULL COMMENT '评分',
  `review` text COMMENT '评价',
  `review_time` int(11) DEFAULT NULL COMMENT '评价时间',
  `create_time` int(11) DEFAULT NULL,
  `skus_type` tinyint(4) DEFAULT '1' COMMENT '规格类型',
  `goods_id` int(11) DEFAULT NULL,
  `goods_num` int(11) NOT NULL DEFAULT '0',
  `user_id` int(11) NOT NULL DEFAULT '0',
  `extra` text COMMENT '客服回复评论',
  `status` tinyint(1) NOT NULL DEFAULT '1' COMMENT '是否可用,1：可用，0不可用',
  PRIMARY KEY (`id`),
  KEY `order_id` (`order_id`),
  KEY `goods_id` (`goods_id`) USING BTREE,
  CONSTRAINT `order_item_ibfk_1` FOREIGN KEY (`order_id`) REFERENCES `order` (`id`) ON DELETE CASCADE ON UPDATE NO ACTION
) ENGINE=InnoDB AUTO_INCREMENT=404 DEFAULT CHARSET=utf8;
/*!40101 SET character_set_client = @saved_cs_client */;

--
-- Dumping data for table `order_item`
--

LOCK TABLES `order_item` WRITE;
/*!40000 ALTER TABLE `order_item` DISABLE KEYS */;
INSERT INTO `order_item` VALUES (36,40,2,1,5.00,NULL,NULL,NULL,1576064980,1,25,0,0,'',1),(37,41,13,1,1.00,NULL,NULL,NULL,1576065855,1,28,0,0,'',1),(38,42,2,1,5.00,NULL,NULL,NULL,1576067611,1,25,0,0,'',1),(39,43,8,1,7.00,NULL,NULL,NULL,1576067830,1,25,0,0,'',1),(40,44,8,1,7.00,NULL,NULL,NULL,1576067899,1,25,0,0,'',1),(41,45,8,1,7.00,NULL,NULL,NULL,1576068741,1,25,0,0,'',1),(42,46,8,1,7.00,NULL,NULL,NULL,1576068894,1,25,0,0,'',1),(43,47,13,1,1.00,NULL,NULL,NULL,1576069117,1,28,0,0,'',1),(44,48,2,1,5.00,NULL,NULL,NULL,1576071570,1,25,0,0,'',1),(45,49,8,2,7.00,NULL,NULL,NULL,1576071680,1,25,0,0,'',1),(46,50,8,1,7.00,NULL,NULL,NULL,1576072216,1,25,0,0,'',1),(47,51,8,1,7.00,NULL,NULL,NULL,1576072789,1,25,0,0,'',1),(48,52,13,1,1.00,NULL,NULL,NULL,1576073241,1,28,0,0,'',1),(49,53,13,1,1.00,NULL,NULL,NULL,1576073301,1,28,0,0,'',1),(50,54,2,1,5.00,NULL,NULL,NULL,1576073799,1,25,0,0,'',1),(51,55,13,1,1.00,NULL,NULL,NULL,1576073865,1,28,0,0,'',1),(52,56,14,1,1.00,NULL,NULL,NULL,1576074206,1,28,0,0,'',1),(53,57,14,1,1.00,NULL,NULL,NULL,1576074311,1,28,0,0,'',1),(54,58,2,1,0.05,NULL,NULL,NULL,1576154802,1,25,0,0,'',1),(55,58,8,2,0.07,NULL,NULL,NULL,1576154802,1,25,0,0,'',1),(56,59,2,1,0.05,NULL,NULL,NULL,1576155561,1,25,0,0,'',1),(57,60,2,1,0.05,NULL,NULL,NULL,1576156213,1,25,0,0,'',1),(58,61,2,1,0.05,NULL,NULL,NULL,1576156367,1,25,0,0,'',1),(59,62,2,1,0.05,NULL,NULL,NULL,1576156617,1,25,0,0,'',1),(60,63,2,1,0.05,NULL,NULL,NULL,1576156973,1,25,0,0,'',1),(61,64,8,1,0.07,NULL,NULL,NULL,1576157019,1,25,0,0,'',1),(62,65,2,1,0.05,NULL,NULL,NULL,1576158173,1,25,0,0,'',1),(63,66,2,1,0.05,NULL,NULL,NULL,1576158633,1,25,0,0,'',1),(64,67,2,1,0.05,NULL,NULL,NULL,1576158870,1,25,0,0,'',1),(65,68,2,1,0.05,NULL,NULL,NULL,1576159025,1,25,0,0,'',1),(66,69,2,1,0.05,NULL,NULL,NULL,1576159422,1,25,0,0,'',1),(67,70,8,1,0.07,NULL,NULL,NULL,1576159543,1,25,0,0,'',1),(68,71,2,1,0.05,NULL,NULL,NULL,1576160620,1,25,0,0,'',1),(69,72,2,1,0.05,NULL,NULL,NULL,1576160675,1,25,0,0,'',1),(70,73,2,1,0.05,NULL,NULL,NULL,1576161847,1,25,0,0,'',1),(71,74,2,1,0.05,NULL,NULL,NULL,1576161900,1,25,0,0,'',1),(72,75,2,1,0.05,NULL,NULL,NULL,1576167274,1,25,0,0,'',1),(73,76,2,1,0.05,NULL,NULL,NULL,1576167313,1,25,0,0,'',1),(74,77,2,1,0.05,NULL,NULL,NULL,1576167356,1,25,0,0,'',1),(75,78,2,1,0.05,NULL,NULL,NULL,1576167794,1,25,0,0,'',1),(76,79,2,1,0.05,NULL,NULL,NULL,1576168714,1,25,0,0,'',1),(77,80,13,1,0.01,NULL,NULL,NULL,1576168910,1,28,0,0,'',1),(78,81,2,1,0.05,NULL,NULL,NULL,1576169538,1,25,0,0,'',1),(79,82,2,1,0.05,NULL,NULL,NULL,1576169682,1,25,0,0,'',1),(80,83,2,1,0.05,NULL,NULL,NULL,1576169838,1,25,0,0,'',1),(81,84,13,1,0.01,NULL,NULL,NULL,1576169942,1,28,0,0,'',1),(82,85,2,1,0.05,NULL,NULL,NULL,1576170113,1,25,0,0,'',1),(83,86,13,1,0.01,NULL,NULL,NULL,1576170194,1,28,0,0,'',1),(84,87,8,1,0.07,NULL,NULL,NULL,1576170710,1,25,0,0,'',1),(85,88,2,1,0.05,NULL,NULL,NULL,1576171388,1,25,0,0,'',1),(86,89,14,1,0.01,NULL,NULL,NULL,1576171497,1,28,0,0,'',1),(87,90,2,1,0.05,NULL,NULL,NULL,1576172601,1,25,0,0,'',1),(88,91,13,1,0.01,NULL,NULL,NULL,1576173016,1,28,0,0,'',1),(89,92,13,1,0.01,NULL,NULL,NULL,1576173358,1,28,0,0,'',1),(90,93,14,1,0.01,NULL,NULL,NULL,1576173393,1,28,0,0,'',1),(91,94,14,1,0.01,NULL,NULL,NULL,1576173628,1,28,0,0,'',1),(92,95,14,1,0.01,NULL,NULL,NULL,1576173848,1,28,0,0,'',1),(93,96,2,1,0.05,NULL,NULL,NULL,1576174213,1,25,0,0,'',1),(94,97,14,1,0.01,NULL,NULL,NULL,1576174556,1,28,0,0,'',1),(95,98,13,1,0.01,NULL,NULL,NULL,1576174949,1,28,0,0,'',1),(96,99,2,1,0.05,NULL,NULL,NULL,1576175025,1,25,0,0,'',1),(97,100,10,1,0.01,NULL,NULL,NULL,1576175449,1,26,0,0,'',1),(98,101,2,1,0.05,NULL,NULL,NULL,1576212854,1,25,0,0,'',1),(99,102,13,1,0.01,NULL,NULL,NULL,1576224111,1,28,0,0,'',1),(100,103,8,1,0.07,NULL,NULL,NULL,1576224466,1,25,0,0,'',1),(101,104,13,1,0.01,NULL,NULL,NULL,1576224541,1,28,0,0,'',1),(102,105,11,2,0.01,NULL,NULL,NULL,1576225115,1,27,0,0,'',1),(103,106,10,2,0.01,NULL,NULL,NULL,1576225585,1,26,0,0,'',1),(104,107,14,1,0.01,NULL,NULL,NULL,1576225625,1,28,0,0,'',1),(105,108,10,1,0.01,NULL,NULL,NULL,1576225727,1,26,0,0,'',1),(106,109,9,2,0.10,NULL,NULL,NULL,1576260906,1,25,0,0,'',1),(107,110,13,1,0.01,NULL,NULL,NULL,1576261004,1,28,0,0,'',1),(108,111,30,1,30.00,NULL,NULL,NULL,1576261263,0,30,0,0,'',1),(109,112,13,1,0.01,NULL,NULL,NULL,1576261294,1,28,0,0,'',1),(110,113,14,1,0.01,NULL,NULL,NULL,1576261340,1,28,0,0,'',1),(111,114,2,1,0.05,NULL,NULL,NULL,1576261697,1,25,0,0,'',1),(112,115,2,1,0.05,NULL,NULL,NULL,1576261804,1,25,0,0,'',1),(113,116,2,1,0.05,NULL,NULL,NULL,1576261927,1,25,0,0,'',1),(114,117,2,1,0.05,NULL,NULL,NULL,1576312158,1,25,0,0,'',1),(115,118,2,1,0.05,NULL,NULL,NULL,1576313025,1,25,0,0,'',1),(116,119,2,1,0.05,NULL,NULL,NULL,1576313120,1,25,0,0,'',1),(117,120,8,1,0.07,NULL,NULL,NULL,1576313323,1,25,0,0,'',1),(121,124,2,1,0.50,NULL,NULL,NULL,1576313983,1,25,0,0,'',1),(122,125,2,1,0.50,NULL,NULL,NULL,1576313997,1,25,0,0,'',1),(123,126,13,1,0.01,NULL,NULL,NULL,1576328541,1,28,0,0,'',1),(124,127,13,1,0.01,NULL,NULL,NULL,1576345468,1,28,0,0,'',1),(125,128,8,1,0.07,NULL,NULL,NULL,1576346338,1,25,0,0,'',1),(126,129,2,1,0.50,NULL,NULL,NULL,1576346895,1,25,0,0,'',1),(127,130,13,1,0.01,NULL,NULL,NULL,1576347719,1,28,0,0,'',1),(128,131,14,1,0.01,NULL,NULL,NULL,1576347955,1,28,0,0,'',1),(129,132,14,1,0.01,NULL,NULL,NULL,1576461919,1,28,0,0,'',1),(130,133,2,1,0.50,NULL,NULL,NULL,1576462676,1,25,0,0,'',1),(131,134,2,1,0.50,NULL,NULL,NULL,1576465286,1,25,0,0,'',1),(132,135,9,4,0.10,NULL,NULL,NULL,1576545427,1,25,0,0,'',1),(133,136,13,1,0.01,NULL,NULL,NULL,1576549109,1,28,0,0,'',1),(134,137,8,1,0.07,NULL,NULL,NULL,1576550204,1,25,0,0,'',1),(135,138,2,1,0.50,NULL,NULL,NULL,1576550479,1,25,0,0,'',1),(136,139,4,1,0.01,NULL,NULL,NULL,1576550577,1,27,0,0,'',1),(137,140,3,1,0.01,NULL,NULL,NULL,1576562328,1,26,0,0,'',1),(138,141,2,1,0.50,NULL,NULL,NULL,1576562754,1,25,0,0,'',1),(139,142,2,1,0.50,NULL,NULL,NULL,1576563307,1,25,0,0,'',1),(140,143,2,1,0.50,NULL,NULL,NULL,1576564058,1,25,0,0,'',1),(141,144,3,1,0.01,NULL,NULL,NULL,1576564652,1,26,0,0,'',1),(142,145,3,1,0.01,NULL,NULL,NULL,1576564985,1,26,0,0,'',1),(143,146,2,1,0.50,NULL,NULL,NULL,1576566197,1,25,0,0,'',1),(144,147,2,1,0.50,NULL,NULL,NULL,1576566299,1,25,0,0,'',1),(145,148,3,1,0.01,NULL,NULL,NULL,1576568353,1,26,0,0,'',1),(146,149,10,1,0.01,NULL,NULL,NULL,1576568586,1,26,0,0,'',1),(147,150,10,1,0.01,NULL,NULL,NULL,1576571898,1,26,0,0,'',1),(148,151,13,1,0.01,NULL,NULL,NULL,1576578121,1,28,0,0,'',1),(149,152,10,1,0.01,1,'{\"data\":\"这个商品质量不好\",\"image\":[\"https://tangzhe123-com.oss-cn-shenzhen.aliyuncs.com/Appstatic/qsbk/demo/demo101.jpg\"]}',1567341267,1576585791,1,26,0,3,'[{\"isuser\":false,\"data\":\"\\u597d\\u8bc4\\u8fd4\\u73b0\\u52a0\\u5fae\\u4fe1\",\"good_num\":0}]',1),(150,153,10,1,0.01,NULL,NULL,NULL,1576590539,1,26,0,0,'',1),(151,154,10,1,0.01,3,'{\"data\":\"商品一般\",\"image\":[\"https://tangzhe123-com.oss-cn-shenzhen.aliyuncs.com/Appstatic/qsbk/demo/demo101.jpg\"]}',1567341267,1576590732,1,26,0,3,'[{\"isuser\":false,\"data\":\"\\u72d7\\u65e5\\u7684 \\u90fd\\u628a\\u8bc4\\u8bba\\u8bc4\\u6ca1\\u4e86\\u540e\\u9762\\u7684\\u4eba\\u600e\\u4e48\\u8bc4\",\"good_num\":0}]',0),(152,155,3,1,0.01,NULL,NULL,NULL,1576591327,1,26,0,0,'',1),(153,156,3,1,0.01,NULL,NULL,NULL,1576592031,1,26,0,0,'',1),(154,157,3,1,0.01,NULL,NULL,NULL,1576592296,1,26,0,0,'',1),(155,158,3,1,0.01,NULL,NULL,NULL,1576592452,1,26,0,0,'',1),(156,159,3,1,0.01,NULL,NULL,NULL,1576592589,1,26,0,0,'',1),(157,160,3,1,0.01,NULL,NULL,NULL,1576593250,1,26,0,0,'',1),(158,161,3,1,0.01,NULL,NULL,NULL,1576593538,1,26,0,0,'',1),(159,162,3,1,0.01,NULL,NULL,NULL,1576593641,1,26,0,0,'',1),(160,163,3,1,0.01,NULL,NULL,NULL,1576593777,1,26,0,0,'',1),(161,164,3,1,0.01,NULL,NULL,NULL,1576593820,1,26,0,0,'',1),(162,165,2,1,0.50,4,'{\"data\":\"商品不错哦\",\"image\":[\"https://tangzhe123-com.oss-cn-shenzhen.aliyuncs.com/Appstatic/qsbk/demo/demo101.jpg\"]}',1567341267,1576593906,1,25,0,3,'[{\"isuser\":false,\"data\":\"\\u6d4b\\u8bd5\\u56de\\u590d\\u529f\\u80fd\\u4e00\",\"good_num\":0}]',0),(163,166,3,1,0.01,5,'{\"data\":\"商品不错哦\",\"image\":[\"https://tangzhe123-com.oss-cn-shenzhen.aliyuncs.com/Appstatic/qsbk/demo/demo101.jpg\"]}',1567341267,1576594003,1,26,0,3,'[{\"isuser\":false,\"data\":\"333\",\"good_num\":10}]',0),(164,167,3,1,0.01,NULL,NULL,NULL,1576594255,1,26,0,0,'',1),(166,169,3,1,0.01,NULL,NULL,NULL,1576635194,1,26,0,0,'',1),(167,170,8,2,0.07,NULL,NULL,NULL,1576734403,1,25,0,0,'',1),(168,171,8,1,0.07,NULL,NULL,NULL,1576734972,1,25,0,0,'',1),(169,172,9,1,0.10,NULL,NULL,NULL,1576741331,1,25,0,0,'',1),(170,172,3,1,0.01,NULL,NULL,NULL,1576741331,1,26,0,0,'',1),(171,172,11,1,0.01,NULL,NULL,NULL,1576741331,1,27,0,0,'',1),(172,172,2,1,0.50,NULL,NULL,NULL,1576741331,1,25,0,0,'',1),(173,173,2,2,0.50,NULL,NULL,NULL,1576742421,1,25,0,0,'',1),(174,174,2,1,0.50,NULL,NULL,NULL,1576743395,1,25,0,0,'',1),(175,174,3,1,0.01,NULL,NULL,NULL,1576743395,1,26,0,0,'',1),(176,175,3,1,0.01,NULL,NULL,NULL,1576745367,1,26,0,0,'',1),(177,175,30,1,30.00,NULL,NULL,NULL,1576745367,0,30,0,0,'',1),(178,175,12,1,0.01,NULL,NULL,NULL,1576745367,1,29,0,0,'',1),(179,176,8,1,0.07,NULL,NULL,NULL,1576761641,1,25,0,0,'',1),(180,176,2,1,0.50,NULL,NULL,NULL,1576761641,1,25,0,0,'',1),(181,177,2,2,0.50,NULL,NULL,NULL,1576764190,1,25,0,0,'',1),(182,177,10,1,0.01,NULL,NULL,NULL,1576764190,1,26,0,0,'',1),(183,178,2,1,0.50,NULL,NULL,NULL,1576801511,1,25,0,0,'',1),(184,179,9,2,0.10,NULL,NULL,NULL,1576809529,1,25,0,0,'',1),(185,180,2,1,0.50,NULL,NULL,NULL,1576810044,1,25,0,0,'',1),(186,181,11,1,0.01,NULL,NULL,NULL,1576810380,1,27,0,0,'',1),(187,182,2,1,0.50,NULL,NULL,NULL,1576812329,1,25,0,0,'',1),(188,183,3,4,0.01,NULL,NULL,NULL,1576824904,1,26,0,0,'',1),(189,183,2,2,0.50,NULL,NULL,NULL,1576824904,1,25,0,0,'',1),(190,184,13,1,0.01,NULL,NULL,NULL,1576830392,1,28,0,0,'',1),(191,184,2,1,0.50,NULL,NULL,NULL,1576830392,1,25,0,0,'',1),(192,185,10,1,0.01,NULL,NULL,NULL,1576830530,1,26,0,0,'',1),(193,186,3,1,0.01,NULL,NULL,NULL,1576831354,1,26,0,0,'',1),(194,187,2,2,0.50,NULL,NULL,NULL,1576831874,1,25,0,0,'',1),(195,187,11,2,0.01,NULL,NULL,NULL,1576831874,1,27,0,0,'',1),(196,187,4,2,0.01,NULL,NULL,NULL,1576831874,1,27,0,0,'',1),(197,188,14,2,0.01,NULL,NULL,NULL,1576832794,1,28,0,0,'',1),(198,189,4,3,0.01,NULL,NULL,NULL,1576834474,1,27,0,0,'',1),(199,190,8,1,0.07,NULL,NULL,NULL,1576834879,1,25,0,0,'',1),(200,190,3,2,0.01,NULL,NULL,NULL,1576834879,1,26,0,0,'',1),(201,191,13,1,0.01,NULL,NULL,NULL,1576835620,1,28,0,0,'',1),(202,191,10,1,0.01,NULL,NULL,NULL,1576835620,1,26,0,0,'',1),(203,191,30,2,30.00,NULL,NULL,NULL,1576835620,0,30,0,0,'',1),(204,192,2,1,0.50,NULL,NULL,NULL,1576838082,1,25,0,0,'',1),(205,192,3,1,0.01,NULL,NULL,NULL,1576838082,1,26,0,0,'',1),(206,193,30,1,30.00,NULL,NULL,NULL,1576838124,0,30,0,0,'',1),(207,194,30,2,30.00,NULL,NULL,NULL,1576838337,0,30,0,0,'',1),(208,194,3,1,0.01,NULL,NULL,NULL,1576838337,1,26,0,0,'',1),(209,195,2,4,0.50,NULL,NULL,NULL,1576844241,1,25,0,0,'',1),(210,196,2,1,0.50,NULL,NULL,NULL,1576845110,1,25,0,0,'',1),(211,197,2,1,0.50,NULL,NULL,NULL,1576847731,1,25,0,0,'',1),(212,198,2,1,0.50,NULL,NULL,NULL,1576847867,1,25,0,0,'',1),(213,199,2,1,0.50,NULL,NULL,NULL,1576848179,1,25,0,0,'',1),(214,200,8,1,0.07,NULL,NULL,NULL,1576848319,1,25,0,0,'',1),(215,201,2,1,0.50,NULL,NULL,NULL,1576849589,1,25,0,0,'',1),(216,202,2,1,0.50,NULL,NULL,NULL,1576850598,1,25,0,0,'',1),(217,203,14,1,0.01,NULL,NULL,NULL,1576895305,1,28,0,0,'',1),(218,203,30,2,30.00,NULL,NULL,NULL,1576895305,0,30,0,0,'',1),(219,203,8,1,0.07,NULL,NULL,NULL,1576895305,1,25,0,0,'',1),(220,204,7,1,0.06,NULL,NULL,NULL,1576927858,1,25,0,0,'',1),(221,205,3,6,0.01,NULL,NULL,NULL,1576928187,1,26,0,0,'',1),(222,206,10,1,0.01,NULL,NULL,NULL,1576991290,1,26,0,0,'',1),(223,207,2,1,0.50,NULL,NULL,NULL,1577014098,1,25,0,0,'',1),(224,208,3,1,0.01,NULL,NULL,NULL,1577014577,1,26,0,0,'',1),(225,209,2,1,0.50,NULL,NULL,NULL,1577016666,1,25,0,0,'',1),(226,210,8,1,0.07,NULL,NULL,NULL,1577016703,1,25,0,0,'',1),(227,211,3,1,0.01,NULL,NULL,NULL,1577018634,1,26,0,0,'',1),(228,212,2,1,0.50,NULL,NULL,NULL,1577019848,1,25,0,0,'',1),(229,213,2,1,0.50,NULL,NULL,NULL,1577019911,1,25,0,0,'',1),(230,214,9,1,0.10,NULL,NULL,NULL,1577027777,1,25,0,0,'',1),(235,219,2,1,0.50,NULL,NULL,NULL,1577028204,1,25,0,0,'',1),(236,220,2,1,0.50,NULL,NULL,NULL,1577028324,1,25,0,0,'',1),(237,221,2,1,0.50,NULL,NULL,NULL,1577028514,1,25,0,0,'',1),(238,222,3,1,0.01,NULL,NULL,NULL,1577071148,1,26,0,0,'',1),(239,223,2,1,0.50,NULL,NULL,NULL,1577073132,1,25,0,0,'',1),(240,224,3,4,0.01,NULL,NULL,NULL,1577073620,1,26,0,0,'',1),(241,224,2,1,0.50,NULL,NULL,NULL,1577073620,1,25,0,0,'',1),(242,224,30,1,30.00,NULL,NULL,NULL,1577073620,0,30,0,0,'',1),(243,225,10,1,0.01,NULL,NULL,NULL,1577095855,1,26,0,0,'',1),(244,225,2,2,0.50,NULL,NULL,NULL,1577095855,1,25,0,0,'',1),(245,226,3,1,0.01,NULL,NULL,NULL,1577096170,1,26,0,0,'',1),(246,226,9,2,0.10,NULL,NULL,NULL,1577096170,1,25,0,0,'',1),(247,227,12,1,0.01,NULL,NULL,NULL,1577096529,1,29,0,0,'',1),(248,228,3,3,0.01,NULL,NULL,NULL,1577096801,1,26,0,0,'',1),(249,229,2,3,0.50,NULL,NULL,NULL,1577104574,1,25,0,0,'',1),(250,230,2,1,0.50,NULL,NULL,NULL,1577151274,1,25,0,0,'',1),(251,231,8,1,0.07,NULL,NULL,NULL,1577153950,1,25,0,0,'',1),(252,231,9,2,0.10,NULL,NULL,NULL,1577153950,1,25,0,0,'',1),(253,231,3,3,0.01,NULL,NULL,NULL,1577153950,1,26,0,0,'',1),(254,231,10,1,0.01,NULL,NULL,NULL,1577153950,1,26,0,0,'',1),(255,232,3,1,0.01,NULL,NULL,NULL,1577155293,1,26,0,0,'',1),(256,233,7,1,0.06,NULL,NULL,NULL,1577158908,1,25,0,0,'',1),(257,233,2,9,0.50,NULL,NULL,NULL,1577158908,1,25,0,0,'',1),(258,233,3,10,0.01,NULL,NULL,NULL,1577158908,1,26,0,0,'',1),(259,234,3,1,0.01,NULL,NULL,NULL,1577170978,1,26,0,0,'',1),(260,234,2,2,0.50,NULL,NULL,NULL,1577170978,1,25,0,0,'',1),(261,235,8,2,0.07,NULL,NULL,NULL,1577171709,1,25,0,0,'',1),(262,235,30,1,30.00,NULL,NULL,NULL,1577171709,0,30,0,0,'',1),(263,236,14,2,0.01,NULL,NULL,NULL,1577181641,1,28,0,0,'',1),(264,236,3,3,0.01,NULL,NULL,NULL,1577181641,1,26,0,0,'',1),(265,237,2,2,0.50,NULL,NULL,NULL,1577181766,1,25,0,0,'',1),(266,237,3,1,0.01,NULL,NULL,NULL,1577181766,1,26,0,0,'',1),(267,238,13,1,0.01,NULL,NULL,NULL,1577254986,1,28,0,0,'',1),(268,238,10,1,0.01,NULL,NULL,NULL,1577254986,1,26,0,0,'',1),(269,238,7,2,0.06,NULL,NULL,NULL,1577254986,1,25,0,0,'',1),(270,238,2,1,0.50,NULL,NULL,NULL,1577254986,1,25,0,0,'',1),(271,239,2,1,0.50,NULL,NULL,NULL,1577255166,1,25,0,0,'',1),(272,240,7,1,0.06,NULL,NULL,NULL,1577261341,1,25,0,0,'',1),(273,241,2,2,0.50,NULL,NULL,NULL,1577261455,1,25,0,0,'',1),(274,242,2,1,0.50,NULL,NULL,NULL,1577265499,1,25,0,0,'',1),(275,243,30,4,30.00,NULL,NULL,NULL,1577266402,0,30,0,0,'',1),(276,244,2,1,0.50,NULL,NULL,NULL,1577266497,1,25,0,0,'',1),(277,245,8,4,0.07,NULL,NULL,NULL,1577266672,1,25,0,0,'',1),(278,246,2,1,0.50,NULL,NULL,NULL,1577267155,1,25,0,0,'',1),(291,251,7,1,0.06,NULL,NULL,NULL,1577330312,1,25,0,0,'',1),(292,252,8,1,0.07,NULL,NULL,NULL,1577331171,1,25,0,0,'',1),(293,253,7,1,0.06,NULL,NULL,NULL,1577331831,1,25,0,0,'',1),(294,254,2,1,0.50,NULL,NULL,NULL,1577334833,1,25,0,0,'',1),(295,255,7,1,0.06,NULL,NULL,NULL,1577338320,1,25,0,0,'',1),(296,256,3,1,0.01,NULL,NULL,NULL,1577338810,1,26,0,0,'',1),(297,257,8,1,0.07,NULL,NULL,NULL,1577343137,1,25,0,0,'',1),(298,258,13,1,0.01,NULL,NULL,NULL,1577344494,1,28,0,0,'',1),(299,259,10,1,0.01,NULL,NULL,NULL,1577346102,1,26,0,0,'',1),(300,260,2,1,0.50,NULL,NULL,NULL,1577349043,1,25,0,0,'',1),(301,261,9,1,0.10,NULL,NULL,NULL,1577351012,1,25,0,0,'',1),(302,262,2,1,0.50,NULL,NULL,NULL,1577352996,1,25,0,0,'',1),(303,263,8,1,0.07,NULL,NULL,NULL,1577361826,1,25,0,0,'',1),(304,264,10,2,0.01,NULL,NULL,NULL,1577602214,1,26,0,0,'',1),(305,265,3,1,0.01,NULL,NULL,NULL,1577602479,1,26,0,0,'',1),(306,266,7,7,0.06,NULL,NULL,NULL,1577602592,1,25,0,0,'',1),(307,267,2,7,0.50,NULL,NULL,NULL,1577621469,1,25,0,0,'',1),(308,268,3,1,0.01,NULL,NULL,NULL,1577623283,1,26,0,0,'',1),(309,269,2,1,0.50,NULL,NULL,NULL,1577627598,1,25,0,0,'',1),(310,270,13,1,0.01,NULL,NULL,NULL,1577668158,1,28,0,0,'',1),(311,271,8,2,0.07,NULL,NULL,NULL,1577669056,1,25,0,0,'',1),(312,272,13,1,0.01,NULL,NULL,NULL,1577670453,1,28,0,0,'',1),(313,273,3,1,0.01,NULL,NULL,NULL,1577670605,1,26,0,0,'',1),(314,274,3,2,0.01,NULL,NULL,NULL,1577670904,1,26,0,0,'',1),(315,275,6,1,0.01,NULL,NULL,NULL,1577692004,1,29,0,0,'',1),(316,275,12,1,0.01,NULL,NULL,NULL,1577692004,1,29,0,0,'',1),(317,275,3,2,0.01,NULL,NULL,NULL,1577692004,1,26,0,0,'',1),(318,276,8,1,0.07,NULL,NULL,NULL,1577693391,1,25,0,0,'',1),(319,277,2,1,0.50,NULL,NULL,NULL,1577695540,1,25,0,0,'',1),(320,278,3,1,0.01,NULL,NULL,NULL,1577762580,1,26,0,0,'',1),(321,278,30,1,30.00,NULL,NULL,NULL,1577762580,0,30,0,0,'',1),(322,279,2,1,0.50,NULL,NULL,NULL,1577774510,1,25,0,0,'',1),(323,280,2,1,0.50,NULL,NULL,NULL,1577791956,1,25,0,0,'',1),(324,281,3,1,0.01,NULL,NULL,NULL,1577794091,1,26,0,0,'',1),(325,282,3,1,0.01,NULL,NULL,NULL,1577799338,1,26,0,0,'',1),(326,283,3,1,0.01,NULL,NULL,NULL,1577803040,1,26,0,0,'',1),(327,284,8,2,0.07,NULL,NULL,NULL,1577814391,1,25,0,0,'',1),(328,284,13,1,0.01,NULL,NULL,NULL,1577814391,1,28,0,0,'',1),(329,285,6,1,0.01,NULL,NULL,NULL,1577862699,1,29,0,0,'',1),(330,286,7,1,0.06,NULL,NULL,NULL,1577935238,1,25,0,0,'',1),(331,287,2,4,0.50,NULL,NULL,NULL,1577950003,1,25,0,0,'',1),(332,287,7,3,0.06,NULL,NULL,NULL,1577950003,1,25,0,0,'',1),(333,288,2,1,0.50,NULL,NULL,NULL,1577951732,1,25,0,0,'',1),(334,289,8,1,0.07,NULL,NULL,NULL,1577954392,1,25,0,0,'',1),(335,290,2,6,0.50,NULL,NULL,NULL,1578121003,1,25,0,0,'',1),(336,290,7,14,0.06,NULL,NULL,NULL,1578121003,1,25,0,0,'',1),(337,290,12,3,0.01,NULL,NULL,NULL,1578121003,1,29,0,0,'',1),(338,291,2,1,0.50,NULL,NULL,NULL,1578304707,1,25,0,0,'',1),(339,292,2,1,0.50,NULL,NULL,NULL,1578306364,1,25,0,0,'',1),(340,293,2,2,0.50,NULL,NULL,NULL,1578307143,1,25,0,0,'',1),(341,294,13,1,0.01,NULL,NULL,NULL,1578307242,1,28,0,0,'',1),(342,295,13,1,0.01,NULL,NULL,NULL,1578309313,1,28,0,0,'',1),(343,296,8,3,0.07,NULL,NULL,NULL,1578316976,1,25,0,0,'',1),(344,297,8,6,0.07,NULL,NULL,NULL,1578383501,1,25,0,0,'',1),(345,298,13,3,0.01,NULL,NULL,NULL,1578386998,1,28,0,0,'',1),(346,298,10,2,0.01,NULL,NULL,NULL,1578386998,1,26,0,0,'',1),(347,299,9,2,0.10,NULL,NULL,NULL,1578387358,1,25,0,0,'',1),(348,300,2,1,0.50,NULL,NULL,NULL,1578396779,1,25,0,0,'',1),(349,301,2,1,0.50,NULL,NULL,NULL,1578400964,1,25,0,0,'',1),(350,302,13,1,0.01,NULL,NULL,NULL,1578452837,1,28,0,0,'',1),(351,303,8,1,0.07,NULL,NULL,NULL,1578455906,1,25,0,0,'',1),(352,304,7,2,0.06,NULL,NULL,NULL,1578456108,1,25,0,0,'',1),(353,305,2,9,0.50,NULL,NULL,NULL,1578472115,1,25,0,0,'',1),(354,306,2,1,0.50,NULL,NULL,NULL,1578472418,1,25,0,0,'',1),(355,307,2,1,0.50,NULL,NULL,NULL,1578473021,1,25,0,0,'',1),(356,308,9,1,0.10,NULL,NULL,NULL,1578475961,1,25,0,0,'',1),(357,309,2,1,0.50,NULL,NULL,NULL,1578478692,1,25,0,0,'',1),(358,310,2,1,0.50,NULL,NULL,NULL,1578486855,1,25,0,0,'',1),(359,311,2,1,0.50,NULL,NULL,NULL,1578487071,1,25,0,0,'',1),(360,312,2,1,0.50,NULL,NULL,NULL,1578487441,1,25,0,0,'',1),(361,313,10,1,0.01,NULL,NULL,NULL,1578487516,1,26,0,0,'',1),(362,314,12,1,0.01,NULL,NULL,NULL,1578488424,1,29,0,0,'',1),(363,315,11,1,0.01,NULL,NULL,NULL,1578488474,1,27,0,0,'',1),(364,316,11,1,0.01,NULL,NULL,NULL,1578488576,1,27,0,0,'',1),(365,317,10,1,0.01,NULL,NULL,NULL,1578488624,1,26,0,0,'',1),(366,318,2,1,0.50,NULL,NULL,NULL,1578491220,1,25,0,0,'',1),(367,319,2,2,0.50,NULL,NULL,NULL,1578535237,1,25,0,0,'',1),(368,320,3,1,0.01,NULL,NULL,NULL,1578540978,1,26,0,0,'',1),(369,321,8,2,0.07,NULL,NULL,NULL,1578552278,1,25,0,0,'',1),(370,322,9,1,0.10,NULL,NULL,NULL,1578556179,1,25,0,0,'',1),(371,323,11,1,0.01,NULL,NULL,NULL,1578558705,1,27,0,0,'',1),(372,324,8,1,0.07,NULL,NULL,NULL,1578581842,1,25,0,0,'',1),(373,325,2,1,0.50,NULL,NULL,NULL,1578592729,1,25,0,0,'',1),(374,326,10,1,0.01,NULL,NULL,NULL,1578624772,1,26,0,0,'',1),(375,327,3,1,0.01,NULL,NULL,NULL,1578642190,1,26,0,0,'',1),(376,328,11,1,0.01,NULL,NULL,NULL,1578642463,1,27,0,0,'',1),(377,329,11,1,0.01,NULL,NULL,NULL,1578644731,1,27,0,0,'',1),(378,330,8,1,0.07,NULL,NULL,NULL,1578668325,1,25,0,0,'',1),(379,331,7,1,0.06,NULL,NULL,NULL,1578671430,1,25,0,0,'',1),(380,332,3,1,0.01,NULL,NULL,NULL,1578672525,1,26,0,0,'',1),(381,333,7,4,0.06,NULL,NULL,NULL,1578965998,1,25,0,0,'',1),(382,333,10,1,0.01,NULL,NULL,NULL,1578965998,1,26,0,0,'',1),(383,333,13,1,0.01,NULL,NULL,NULL,1578965998,1,28,0,0,'',1),(384,333,2,1,0.50,NULL,NULL,NULL,1578965998,1,25,0,0,'',1),(385,333,6,1,0.01,NULL,NULL,NULL,1578965998,1,29,0,0,'',1),(386,334,6,1,0.01,NULL,NULL,NULL,1578998808,1,29,0,0,'',1),(387,335,2,1,0.50,NULL,NULL,NULL,1578999514,1,25,0,0,'',1),(388,336,3,1,0.01,NULL,NULL,NULL,1579001363,1,26,0,0,'',1),(389,337,3,1,0.01,NULL,NULL,NULL,1579068165,1,26,0,0,'',1),(390,338,2,2,0.50,NULL,NULL,NULL,1579081424,1,25,0,3,'',1),(391,339,2,5,0.50,NULL,NULL,NULL,1579223570,1,25,0,3,'',1),(392,339,3,1,0.01,NULL,NULL,NULL,1579223570,1,26,0,3,'',1),(393,340,2,3,0.50,NULL,NULL,NULL,1579250535,1,25,0,3,'',1),(394,340,9,2,0.10,NULL,NULL,NULL,1579250535,1,25,0,3,'',1),(395,341,8,2,0.07,NULL,NULL,NULL,1579251852,1,25,0,3,'',1),(396,341,6,1,0.01,NULL,NULL,NULL,1579251852,1,29,0,3,'',1),(397,342,2,1,0.50,NULL,NULL,NULL,1579252931,1,25,0,3,'',1),(398,343,2,1,0.50,NULL,NULL,NULL,1579252987,1,25,0,3,'',1),(399,344,3,1,0.01,NULL,NULL,NULL,1579253832,1,26,0,3,'',1),(400,345,2,1,0.50,NULL,NULL,NULL,1579256730,1,25,0,3,'',1),(401,346,10,2,0.01,NULL,NULL,NULL,1579262209,1,26,0,3,'',1),(402,347,8,5,0.07,NULL,NULL,NULL,1579267148,1,25,0,3,'',1),(403,347,2,1,0.50,NULL,NULL,NULL,1579267148,1,25,0,3,'',1);
/*!40000 ALTER TABLE `order_item` ENABLE KEYS */;
UNLOCK TABLES;

--
-- Table structure for table `role`
--

DROP TABLE IF EXISTS `role`;
/*!40101 SET @saved_cs_client     = @@character_set_client */;
/*!40101 SET character_set_client = utf8 */;
CREATE TABLE `role` (
  `id` int(11) NOT NULL AUTO_INCREMENT,
  `status` tinyint(1) DEFAULT '1' COMMENT '状态：0禁用1启用',
  `create_time` int(11) DEFAULT NULL,
  `update_time` int(11) DEFAULT NULL,
  `name` varchar(20) DEFAULT NULL COMMENT '角色名称',
  `desc` varchar(255) DEFAULT NULL COMMENT '描述',
  PRIMARY KEY (`id`)
) ENGINE=InnoDB AUTO_INCREMENT=25 DEFAULT CHARSET=utf8;
/*!40101 SET character_set_client = @saved_cs_client */;

--
-- Dumping data for table `role`
--

LOCK TABLES `role` WRITE;
/*!40000 ALTER TABLE `role` DISABLE KEYS */;
INSERT INTO `role` VALUES (2,1,1565508879,1565527350,'超级管理员','最高权限'),(3,1,1572200383,1580837532,'运营','上架商品等权限'),(9,1,2020,1582216597,'测试','测试人员'),(19,1,1581858983,1582010133,'销售','销售'),(21,1,2020,1582616699,'技术','技术测试'),(24,0,1582630627,1582630689,'测试角色','');
/*!40000 ALTER TABLE `role` ENABLE KEYS */;
UNLOCK TABLES;

--
-- Table structure for table `role_rule`
--

DROP TABLE IF EXISTS `role_rule`;
/*!40101 SET @saved_cs_client     = @@character_set_client */;
/*!40101 SET character_set_client = utf8 */;
CREATE TABLE `role_rule` (
  `id` int(11) NOT NULL AUTO_INCREMENT,
  `role_id` int(11) DEFAULT NULL COMMENT '角色id',
  `rule_id` int(11) DEFAULT NULL COMMENT '规则id',
  PRIMARY KEY (`id`)
) ENGINE=InnoDB AUTO_INCREMENT=216 DEFAULT CHARSET=utf8;
/*!40101 SET character_set_client = @saved_cs_client */;

--
-- Dumping data for table `role_rule`
--

LOCK TABLES `role_rule` WRITE;
/*!40000 ALTER TABLE `role_rule` DISABLE KEYS */;
INSERT INTO `role_rule` VALUES (114,2,11),(115,2,12),(127,19,11),(128,19,12),(163,2,5),(164,2,10),(165,2,6),(166,2,13),(167,2,14),(168,2,15),(169,2,16),(170,2,17),(171,2,7),(172,2,18),(173,2,19),(174,2,20),(175,2,8),(176,2,21),(177,2,22),(178,2,9),(179,2,23),(180,2,24),(181,2,25),(182,2,26),(183,2,27),(184,2,28),(185,2,29),(186,2,30),(187,2,31),(188,2,32),(189,2,33),(190,2,34),(191,2,35),(192,2,36),(193,2,37),(194,2,38),(195,3,5),(196,3,10),(197,3,11),(198,3,12),(199,3,6),(200,3,13),(201,3,14),(202,3,15),(203,3,7),(204,3,18),(205,3,19),(206,21,5),(207,21,10),(208,21,11),(209,21,12),(210,21,13),(211,24,5),(212,24,10),(213,24,11),(214,24,12),(215,24,37);
/*!40000 ALTER TABLE `role_rule` ENABLE KEYS */;
UNLOCK TABLES;

--
-- Table structure for table `rule`
--

DROP TABLE IF EXISTS `rule`;
/*!40101 SET @saved_cs_client     = @@character_set_client */;
/*!40101 SET character_set_client = utf8 */;
CREATE TABLE `rule` (
  `id` int(11) NOT NULL AUTO_INCREMENT,
  `rule_id` int(11) DEFAULT '0' COMMENT '父级id',
  `status` tinyint(1) DEFAULT '1' COMMENT '状态0关闭1启用',
  `create_time` int(11) DEFAULT NULL,
  `update_time` int(11) DEFAULT NULL,
  `name` varchar(20) DEFAULT NULL,
  `desc` varchar(50) DEFAULT NULL COMMENT '前端路由name值',
  `frontpath` varchar(50) DEFAULT NULL COMMENT '前台路由注册路径',
  `condition` varchar(100) DEFAULT NULL,
  `menu` tinyint(1) DEFAULT '1' COMMENT '是否显示为菜单：0不显示1关闭',
  `order` int(11) DEFAULT '50' COMMENT '排序',
  `icon` varchar(100) DEFAULT NULL COMMENT '图标',
  `method` varchar(10) NOT NULL DEFAULT 'GET' COMMENT '请求类型',
  PRIMARY KEY (`id`)
) ENGINE=InnoDB AUTO_INCREMENT=55 DEFAULT CHARSET=utf8;
/*!40101 SET character_set_client = @saved_cs_client */;

--
-- Dumping data for table `rule`
--

LOCK TABLES `rule` WRITE;
/*!40000 ALTER TABLE `rule` DISABLE KEYS */;
INSERT INTO `rule` VALUES (5,0,1,1565501769,1581065197,'首页','index',NULL,NULL,1,21,NULL,'GET'),(6,0,1,1565501796,1565501796,'商品','shop_goods_list',NULL,NULL,1,20,NULL,'GET'),(7,0,1,1565501800,1565501800,'订单','order_order_list',NULL,NULL,1,20,NULL,'GET'),(8,0,1,1565501803,1565501803,'会员','user_user-list_list',NULL,NULL,1,20,NULL,'GET'),(9,0,1,1565501810,1565501810,'设置','set_base',NULL,NULL,1,20,NULL,'GET'),(10,5,1,1565501822,1565501822,'后台首页','index','index/index',NULL,1,20,'el-icon-s-home','GET'),(11,5,1,1577511512,1577511512,'相册管理','image','image/index',NULL,1,20,'el-icon-picture','GET'),(12,5,1,1577511576,1577511576,'商品列表','shop_goods_list','shop/goods/list',NULL,1,20,'el-icon-s-claim','GET'),(13,6,1,1577511733,1577511733,'商品列表','shop_goods_list','shop/goods/list','',1,20,'el-icon-s-claim','GET'),(14,6,1,1577511840,1577511840,'分类列表','shop_category_list','shop/category/list','',1,20,'el-icon-s-help','GET'),(15,6,1,1577511872,1577511872,'商品规格','shop_sku_list','shop/sku/list','',1,20,'el-icon-s-help','GET'),(16,6,1,1577511885,1577511885,'商品类型','shop_type_list','shop/type/list','',1,20,'el-icon-s-help','GET'),(17,6,1,1577511896,1577511896,'商品评论','shop_comment_list','shop/comment/list','',1,20,'el-icon-s-help','GET'),(18,7,1,1577511942,1577511942,'订单管理','order_order_list','order/order/list','',1,20,'el-icon-s-help','GET'),(19,7,1,1577511960,1577511960,'发票管理','order_invoice_list','order/invoice/list','',1,20,'el-icon-s-help','GET'),(20,7,1,1577511977,1577511977,'售后服务','order_after-sale_list','order/after-sale/list','',1,20,'el-icon-s-help','GET'),(21,8,1,1577512005,1577512005,'会员列表','user_user-list_list','user/user-list/list','',1,20,'el-icon-s-help','GET'),(22,8,1,1577512019,1577512019,'会员等级','user_user-level_list','user/user-level/list','',1,20,'el-icon-s-help','GET'),(23,9,1,1577512035,1580843470,'基础设置','set_base','set/base/index','',1,20,'el-icon-s-help','GET'),(24,9,1,1577512047,1577512047,'物流设置','set_express','set/express/index','',1,20,'el-icon-s-help','GET'),(25,9,1,1577512059,1577512059,'管理员管理','set_manager','set/manager/index','',1,20,'el-icon-s-help','GET'),(26,9,1,1577512077,1577512077,'交易设置','set_payment','set/payment/index','',1,20,'el-icon-s-help','GET'),(27,9,1,1578056750,1578056750,'规则管理','',NULL,'admin.rule',0,20,'','GET'),(28,27,1,1578056810,1578056810,'添加规则','',NULL,'admin.rule/save',0,20,'','POST'),(29,27,1,1578056971,1578056971,'更新规则','',NULL,'admin.rule/update',0,20,'','POST'),(30,27,1,1578056989,1580843611,'删除规则','',NULL,'admin.rule/delete',0,20,'','POST'),(31,27,1,1578057010,1578057010,'规则列表','',NULL,'admin.rule/index',0,20,'','GET'),(32,27,1,1578057059,1578057059,'更新规则状态','',NULL,'admin.rule/updatestatus',0,20,'','POST'),(33,9,1,1578132947,1578132947,'角色管理','',NULL,'admin.role',0,20,'','GET'),(34,33,1,1578132976,1578132976,'添加角色','',NULL,'admin.role/save',0,20,'','POST'),(35,33,1,1580843550,1580843550,'更新角色','','','admin.role/update',0,20,'','POST'),(36,33,1,1580843640,1580843640,'删除角色','','','admin.role/delete',0,20,'','POST'),(37,33,1,1580843665,1580843665,'角色列表','','','admin.role/index',0,20,'','GET'),(38,33,1,1580843693,1580843693,'更新角色状态','','','admin.role/updatestatus',0,20,'','POST'),(43,0,1,1581175692,1581175715,'穿越测试1','','','admin.rule',0,50,'','GET'),(49,0,1,1581607116,1582213963,'测试','index/ces','','',1,50,'icon','GET'),(51,0,1,1582021918,1582021918,'测试规则','','','admin/user',0,50,'','GET');
/*!40000 ALTER TABLE `rule` ENABLE KEYS */;
UNLOCK TABLES;

--
-- Table structure for table `skus`
--

DROP TABLE IF EXISTS `skus`;
/*!40101 SET @saved_cs_client     = @@character_set_client */;
/*!40101 SET character_set_client = utf8 */;
CREATE TABLE `skus` (
  `id` int(11) NOT NULL AUTO_INCREMENT,
  `name` varchar(20) DEFAULT NULL COMMENT '规格分类名称',
  `type` tinyint(255) DEFAULT '0' COMMENT '规格类型 0无 1颜色 2图片',
  `create_time` int(11) DEFAULT NULL,
  `update_time` int(11) DEFAULT NULL,
  `status` tinyint(1) DEFAULT '1' COMMENT '状态：0禁用1启用',
  `order` int(11) DEFAULT '50' COMMENT '排序',
  `default` varchar(255) DEFAULT NULL,
  PRIMARY KEY (`id`)
) ENGINE=InnoDB AUTO_INCREMENT=176 DEFAULT CHARSET=utf8;
/*!40101 SET character_set_client = @saved_cs_client */;

--
-- Dumping data for table `skus`
--

LOCK TABLES `skus` WRITE;
/*!40000 ALTER TABLE `skus` DISABLE KEYS */;
INSERT INTO `skus` VALUES (157,'颜色',0,1581859416,1581937120,1,50,'绿色,黄色,白色'),(158,'尺寸',0,1581859436,1582028525,1,50,'S,M,L,XL,XXL,XXXL'),(159,'套餐',0,1582028549,1582473091,1,50,'标准套餐,豪华套餐'),(160,'内存',0,1582028576,1582473085,0,50,'32g,64g,128g'),(161,'新增规格',0,2020,2020,1,50,'1'),(162,'177777',2,1582166658,1582475978,1,50,'1kj,2ggg'),(163,'test333',0,1582474269,1582547596,1,50,'sdfsdf,ewetw'),(164,'fgdfg',1,1582474308,1582474308,0,48,'gsdf,sadsdas'),(165,'测试一下',0,1582558887,1582611251,1,50,'kkk,lllll,sdfsdf'),(166,'品牌',0,1582600725,1582611554,0,50,'品牌,品牌0,品牌k'),(167,'三维尺寸',1,1582612503,1582624153,0,53,'37g,88,58'),(168,'sadsa',0,1582612707,1582632813,1,50,'as,das'),(169,'sadsad',0,1582612791,1582632808,1,50,'ds,fdsf'),(170,'sadsadsa',0,1582612835,1582632803,0,50,'ds,fdsfdsf'),(171,'身高',1,1582612884,1582613813,0,52,'160,170,180'),(172,'dasda',2,1582614393,1582632778,1,53,'sdad,adsda'),(173,'sfsdd',1,1582614730,1582614730,1,47,'dsfdsfsdf'),(174,'dsfsdf',0,1582614786,1582632798,1,50,'fdgf,dgfdg'),(175,'hahahahahaha',0,1582614817,1582632793,1,50,'asdasd,asdadsa');
/*!40000 ALTER TABLE `skus` ENABLE KEYS */;
UNLOCK TABLES;

--
-- Table structure for table `skus_goods_type`
--

DROP TABLE IF EXISTS `skus_goods_type`;
/*!40101 SET @saved_cs_client     = @@character_set_client */;
/*!40101 SET character_set_client = utf8 */;
CREATE TABLE `skus_goods_type` (
  `id` int(11) NOT NULL AUTO_INCREMENT,
  `skus_id` int(11) DEFAULT NULL,
  `goods_type_id` int(11) DEFAULT NULL,
  PRIMARY KEY (`id`)
) ENGINE=InnoDB AUTO_INCREMENT=163 DEFAULT CHARSET=utf8;
/*!40101 SET character_set_client = @saved_cs_client */;

--
-- Dumping data for table `skus_goods_type`
--

LOCK TABLES `skus_goods_type` WRITE;
/*!40000 ALTER TABLE `skus_goods_type` DISABLE KEYS */;
INSERT INTO `skus_goods_type` VALUES (29,13,26),(38,20,29),(39,20,30),(53,45,36),(59,59,39),(84,59,42),(93,59,46),(96,59,49),(104,59,55),(120,59,59),(121,109,59),(122,110,59),(128,140,62),(132,140,63),(133,140,66),(146,158,72),(147,160,72),(151,158,71),(152,160,71),(155,171,76),(156,171,77),(157,157,68),(158,158,68),(161,166,78),(162,171,69);
/*!40000 ALTER TABLE `skus_goods_type` ENABLE KEYS */;
UNLOCK TABLES;

--
-- Table structure for table `sys_area`
--

DROP TABLE IF EXISTS `sys_area`;
/*!40101 SET @saved_cs_client     = @@character_set_client */;
/*!40101 SET character_set_client = utf8 */;
CREATE TABLE `sys_area` (
  `id` int(11) NOT NULL AUTO_INCREMENT,
  `name` varchar(50) NOT NULL DEFAULT '',
  `order` int(11) DEFAULT NULL,
  PRIMARY KEY (`id`)
) ENGINE=InnoDB AUTO_INCREMENT=9 DEFAULT CHARSET=utf8 AVG_ROW_LENGTH=2048 COMMENT='全部区域表';
/*!40101 SET character_set_client = @saved_cs_client */;

--
-- Dumping data for table `sys_area`
--

LOCK TABLES `sys_area` WRITE;
/*!40000 ALTER TABLE `sys_area` DISABLE KEYS */;
INSERT INTO `sys_area` VALUES (1,'华东',0),(2,'华北',0),(3,'华南',0),(4,'华中',0),(5,'东北',0),(6,'西北',0),(7,'西南',0),(8,'港澳台',0);
/*!40000 ALTER TABLE `sys_area` ENABLE KEYS */;
UNLOCK TABLES;

--
-- Table structure for table `sys_city`
--

DROP TABLE IF EXISTS `sys_city`;
/*!40101 SET @saved_cs_client     = @@character_set_client */;
/*!40101 SET character_set_client = utf8 */;
CREATE TABLE `sys_city` (
  `id` int(11) NOT NULL AUTO_INCREMENT,
  `sys_province_id` int(11) NOT NULL DEFAULT '0',
  `name` varchar(255) NOT NULL DEFAULT '',
  `zip` varchar(6) NOT NULL DEFAULT '',
  `order` int(10) NOT NULL DEFAULT '0',
  PRIMARY KEY (`id`)
) ENGINE=InnoDB AUTO_INCREMENT=347 DEFAULT CHARSET=utf8 AVG_ROW_LENGTH=135;
/*!40101 SET character_set_client = @saved_cs_client */;

--
-- Dumping data for table `sys_city`
--

LOCK TABLES `sys_city` WRITE;
/*!40000 ALTER TABLE `sys_city` DISABLE KEYS */;
INSERT INTO `sys_city` VALUES (1,1,'北京市','100000',1),(2,2,'天津市','100000',0),(3,3,'石家庄市','050000',0),(4,3,'唐山市','063000',0),(5,3,'秦皇岛市','066000',0),(6,3,'邯郸市','056000',0),(7,3,'邢台市','054000',0),(8,3,'保定市','071000',0),(9,3,'张家口市','075000',0),(10,3,'承德市','067000',0),(11,3,'沧州市','061000',0),(12,3,'廊坊市','065000',0),(13,3,'衡水市','053000',0),(14,4,'太原市','030000',0),(15,4,'大同市','037000',0),(16,4,'阳泉市','045000',0),(17,4,'长治市','046000',0),(18,4,'晋城市','048000',0),(19,4,'朔州市','036000',0),(20,4,'晋中市','030600',0),(21,4,'运城市','044000',0),(22,4,'忻州市','034000',0),(23,4,'临汾市','041000',0),(24,4,'吕梁市','030500',0),(25,5,'呼和浩特市','010000',0),(26,5,'包头市','014000',0),(27,5,'乌海市','016000',0),(28,5,'赤峰市','024000',0),(29,5,'通辽市','028000',0),(30,5,'鄂尔多斯市','010300',0),(31,5,'呼伦贝尔市','021000',0),(32,5,'巴彦淖尔市','014400',0),(33,5,'乌兰察布市','011800',0),(34,5,'兴安盟','137500',0),(35,5,'锡林郭勒盟','011100',0),(36,5,'阿拉善盟','016000',0),(37,6,'沈阳市','110000',0),(38,6,'大连市','116000',0),(39,6,'鞍山市','114000',0),(40,6,'抚顺市','113000',0),(41,6,'本溪市','117000',0),(42,6,'丹东市','118000',0),(43,6,'锦州市','121000',0),(44,6,'营口市','115000',0),(45,6,'阜新市','123000',0),(46,6,'辽阳市','111000',0),(47,6,'盘锦市','124000',0),(48,6,'铁岭市','112000',0),(49,6,'朝阳市','122000',0),(50,6,'葫芦岛市','125000',0),(51,7,'长春市','130000',0),(52,7,'吉林市','132000',0),(53,7,'四平市','136000',0),(54,7,'辽源市','136200',0),(55,7,'通化市','134000',0),(56,7,'白山市','134300',0),(57,7,'松原市','131100',0),(58,7,'白城市','137000',0),(59,7,'延边朝鲜族自治州','133000',0),(60,8,'哈尔滨市','150000',0),(61,8,'齐齐哈尔市','161000',0),(62,8,'鸡西市','158100',0),(63,8,'鹤岗市','154100',0),(64,8,'双鸭山市','155100',0),(65,8,'大庆市','163000',0),(66,8,'伊春市','152300',0),(67,8,'佳木斯市','154000',0),(68,8,'七台河市','154600',0),(69,8,'牡丹江市','157000',0),(70,8,'黑河市','164300',0),(71,8,'绥化市','152000',0),(72,8,'大兴安岭地区','165000',0),(73,9,'上海市','200000',0),(74,10,'南京市','210000',0),(75,10,'无锡市','214000',0),(76,10,'徐州市','221000',0),(77,10,'常州市','213000',0),(78,10,'苏州市','215000',0),(79,10,'南通市','226000',0),(80,10,'连云港市','222000',0),(81,10,'淮安市','223200',0),(82,10,'盐城市','224000',0),(83,10,'扬州市','225000',0),(84,10,'镇江市','212000',0),(85,10,'泰州市','225300',0),(86,10,'宿迁市','223800',0),(87,11,'杭州市','310000',0),(88,11,'宁波市','315000',0),(89,11,'温州市','325000',0),(90,11,'嘉兴市','314000',0),(91,11,'湖州市','313000',0),(92,11,'绍兴市','312000',0),(93,11,'金华市','321000',0),(94,11,'衢州市','324000',0),(95,11,'舟山市','316000',0),(96,11,'台州市','318000',0),(97,11,'丽水市','323000',0),(98,12,'合肥市','230000',0),(99,12,'芜湖市','241000',0),(100,12,'蚌埠市','233000',0),(101,12,'淮南市','232000',0),(102,12,'马鞍山市','243000',0),(103,12,'淮北市','235000',0),(104,12,'铜陵市','244000',0),(105,12,'安庆市','246000',0),(106,12,'黄山市','242700',0),(107,12,'滁州市','239000',0),(108,12,'阜阳市','236100',0),(109,12,'宿州市','234100',0),(110,12,'巢湖市','238000',0),(111,12,'六安市','237000',0),(112,12,'亳州市','236800',0),(113,12,'池州市','247100',0),(114,12,'宣城市','366000',0),(115,13,'福州市','350000',0),(116,13,'厦门市','361000',0),(117,13,'莆田市','351100',0),(118,13,'三明市','365000',0),(119,13,'泉州市','362000',0),(120,13,'漳州市','363000',0),(121,13,'南平市','353000',0),(122,13,'龙岩市','364000',0),(123,13,'宁德市','352100',0),(124,14,'南昌市','330000',0),(125,14,'景德镇市','333000',0),(126,14,'萍乡市','337000',0),(127,14,'九江市','332000',0),(128,14,'新余市','338000',0),(129,14,'鹰潭市','335000',0),(130,14,'赣州市','341000',0),(131,14,'吉安市','343000',0),(132,14,'宜春市','336000',0),(133,14,'抚州市','332900',0),(134,14,'上饶市','334000',0),(135,15,'济南市','250000',0),(136,15,'青岛市','266000',0),(137,15,'淄博市','255000',0),(138,15,'枣庄市','277100',0),(139,15,'东营市','257000',0),(140,15,'烟台市','264000',0),(141,15,'潍坊市','261000',0),(142,15,'济宁市','272100',0),(143,15,'泰安市','271000',0),(144,15,'威海市','265700',0),(145,15,'日照市','276800',0),(146,15,'莱芜市','271100',0),(147,15,'临沂市','276000',0),(148,15,'德州市','253000',0),(149,15,'聊城市','252000',0),(150,15,'滨州市','256600',0),(151,15,'荷泽市','255000',0),(152,16,'郑州市','450000',0),(153,16,'开封市','475000',0),(154,16,'洛阳市','471000',0),(155,16,'平顶山市','467000',0),(156,16,'安阳市','454900',0),(157,16,'鹤壁市','456600',0),(158,16,'新乡市','453000',0),(159,16,'焦作市','454100',0),(160,16,'濮阳市','457000',0),(161,16,'许昌市','461000',0),(162,16,'漯河市','462000',0),(163,16,'三门峡市','472000',0),(164,16,'南阳市','473000',0),(165,16,'商丘市','476000',0),(166,16,'信阳市','464000',0),(167,16,'周口市','466000',0),(168,16,'驻马店市','463000',0),(169,17,'武汉市','430000',0),(170,17,'黄石市','435000',0),(171,17,'十堰市','442000',0),(172,17,'宜昌市','443000',0),(173,17,'襄樊市','441000',0),(174,17,'鄂州市','436000',0),(175,17,'荆门市','448000',0),(176,17,'孝感市','432100',0),(177,17,'荆州市','434000',0),(178,17,'黄冈市','438000',0),(179,17,'咸宁市','437000',0),(180,17,'随州市','441300',0),(181,17,'恩施土家族苗族自治州','445000',0),(182,17,'神农架','442400',0),(183,18,'长沙市','410000',0),(184,18,'株洲市','412000',0),(185,18,'湘潭市','411100',0),(186,18,'衡阳市','421000',0),(187,18,'邵阳市','422000',0),(188,18,'岳阳市','414000',0),(189,18,'常德市','415000',0),(190,18,'张家界市','427000',0),(191,18,'益阳市','413000',0),(192,18,'郴州市','423000',0),(193,18,'永州市','425000',0),(194,18,'怀化市','418000',0),(195,18,'娄底市','417000',0),(196,18,'湘西土家族苗族自治州','416000',0),(197,19,'广州市','510000',0),(198,19,'韶关市','521000',0),(199,19,'深圳市','518000',0),(200,19,'珠海市','519000',0),(201,19,'汕头市','515000',0),(202,19,'佛山市','528000',0),(203,19,'江门市','529000',0),(204,19,'湛江市','524000',0),(205,19,'茂名市','525000',0),(206,19,'肇庆市','526000',0),(207,19,'惠州市','516000',0),(208,19,'梅州市','514000',0),(209,19,'汕尾市','516600',1),(210,19,'河源市','517000',0),(211,19,'阳江市','529500',0),(212,19,'清远市','511500',0),(213,19,'东莞市','511700',0),(214,19,'中山市','528400',0),(215,19,'潮州市','515600',0),(216,19,'揭阳市','522000',0),(217,19,'云浮市','527300',0),(218,20,'南宁市','530000',0),(219,20,'柳州市','545000',0),(220,20,'桂林市','541000',0),(221,20,'梧州市','543000',0),(222,20,'北海市','536000',0),(223,20,'防城港市','538000',0),(224,20,'钦州市','535000',0),(225,20,'贵港市','537100',0),(226,20,'玉林市','537000',0),(227,20,'百色市','533000',0),(228,20,'贺州市','542800',0),(229,20,'河池市','547000',0),(230,20,'来宾市','546100',0),(231,20,'崇左市','532200',0),(232,21,'海口市','570000',0),(233,21,'三亚市','572000',0),(234,22,'重庆市','400000',0),(235,23,'成都市','610000',0),(236,23,'自贡市','643000',0),(237,23,'攀枝花市','617000',0),(238,23,'泸州市','646100',0),(239,23,'德阳市','618000',0),(240,23,'绵阳市','621000',0),(241,23,'广元市','628000',0),(242,23,'遂宁市','629000',0),(243,23,'内江市','641000',0),(244,23,'乐山市','614000',0),(245,23,'南充市','637000',0),(246,23,'眉山市','612100',0),(247,23,'宜宾市','644000',0),(248,23,'广安市','638000',0),(249,23,'达州市','635000',0),(250,23,'雅安市','625000',0),(251,23,'巴中市','635500',0),(252,23,'资阳市','641300',0),(253,23,'阿坝藏族羌族自治州','624600',0),(254,23,'甘孜藏族自治州','626000',0),(255,23,'凉山彝族自治州','615000',0),(256,24,'贵阳市','55000',0),(257,24,'六盘水市','553000',0),(258,24,'遵义市','563000',0),(259,24,'安顺市','561000',0),(260,24,'铜仁地区','554300',0),(261,24,'黔西南布依族苗族自治州','551500',0),(262,24,'毕节地区','551700',0),(263,24,'黔东南苗族侗族自治州','551500',0),(264,24,'黔南布依族苗族自治州','550100',0),(265,25,'昆明市','650000',0),(266,25,'曲靖市','655000',0),(267,25,'玉溪市','653100',0),(268,25,'保山市','678000',0),(269,25,'昭通市','657000',0),(270,25,'丽江市','674100',0),(271,25,'思茅市','665000',0),(272,25,'临沧市','677000',0),(273,25,'楚雄彝族自治州','675000',0),(274,25,'红河哈尼族彝族自治州','654400',0),(275,25,'文山壮族苗族自治州','663000',0),(276,25,'西双版纳傣族自治州','666200',0),(277,25,'大理白族自治州','671000',0),(278,25,'德宏傣族景颇族自治州','678400',0),(279,25,'怒江傈僳族自治州','671400',0),(280,25,'迪庆藏族自治州','674400',0),(281,26,'拉萨市','850000',0),(282,26,'昌都地区','854000',0),(283,26,'山南地区','856000',0),(284,26,'日喀则地区','857000',0),(285,26,'那曲地区','852000',0),(286,26,'阿里地区','859100',0),(287,26,'林芝地区','860100',0),(288,27,'西安市','710000',0),(289,27,'铜川市','727000',0),(290,27,'宝鸡市','721000',0),(291,27,'咸阳市','712000',0),(292,27,'渭南市','714000',0),(293,27,'延安市','716000',0),(294,27,'汉中市','723000',0),(295,27,'榆林市','719000',0),(296,27,'安康市','725000',0),(297,27,'商洛市','711500',0),(298,28,'兰州市','730000',0),(299,28,'嘉峪关市','735100',0),(300,28,'金昌市','737100',0),(301,28,'白银市','730900',0),(302,28,'天水市','741000',0),(303,28,'武威市','733000',0),(304,28,'张掖市','734000',0),(305,28,'平凉市','744000',0),(306,28,'酒泉市','735000',0),(307,28,'庆阳市','744500',0),(308,28,'定西市','743000',0),(309,28,'陇南市','742100',0),(310,28,'临夏回族自治州','731100',0),(311,28,'甘南藏族自治州','747000',0),(312,29,'西宁市','810000',0),(313,29,'海东地区','810600',0),(314,29,'海北藏族自治州','810300',0),(315,29,'黄南藏族自治州','811300',0),(316,29,'海南藏族自治州','813000',0),(317,29,'果洛藏族自治州','814000',0),(318,29,'玉树藏族自治州','815000',0),(319,29,'海西蒙古族藏族自治州','817000',0),(320,30,'银川市','750000',0),(321,30,'石嘴山市','753000',0),(322,30,'吴忠市','751100',0),(323,30,'固原市','756000',0),(324,30,'中卫市','751700',0),(325,31,'乌鲁木齐市','830000',0),(326,31,'克拉玛依市','834000',0),(327,31,'吐鲁番地区','838000',0),(328,31,'哈密地区','839000',0),(329,31,'昌吉回族自治州','831100',0),(330,31,'博尔塔拉蒙古自治州','833400',0),(331,31,'巴音郭楞蒙古自治州','841000',0),(332,31,'阿克苏地区','843000',0),(333,31,'克孜勒苏柯尔克孜自治州','835600',0),(334,31,'喀什地区','844000',0),(335,31,'和田地区','848000',0),(336,31,'伊犁哈萨克自治州','833200',0),(337,31,'塔城地区','834700',0),(338,31,'阿勒泰地区','836500',0),(339,31,'石河子市','832000',0),(340,31,'阿拉尔市','843300',0),(341,31,'图木舒克市','843900',0),(342,31,'五家渠市','831300',0),(343,32,'香港特别行政区','000000',0),(344,33,'澳门特别行政区','000000',0),(345,34,'台湾省','000000',0),(346,35,'所有','000000',0);
/*!40000 ALTER TABLE `sys_city` ENABLE KEYS */;
UNLOCK TABLES;

--
-- Table structure for table `sys_district`
--

DROP TABLE IF EXISTS `sys_district`;
/*!40101 SET @saved_cs_client     = @@character_set_client */;
/*!40101 SET character_set_client = utf8 */;
CREATE TABLE `sys_district` (
  `id` int(11) NOT NULL AUTO_INCREMENT,
  `sys_city_id` int(11) DEFAULT '0',
  `name` varchar(255) NOT NULL DEFAULT '',
  `order` int(10) NOT NULL DEFAULT '0',
  PRIMARY KEY (`id`)
) ENGINE=InnoDB AUTO_INCREMENT=2871 DEFAULT CHARSET=utf8 AVG_ROW_LENGTH=50;
/*!40101 SET character_set_client = @saved_cs_client */;

--
-- Dumping data for table `sys_district`
--

LOCK TABLES `sys_district` WRITE;
/*!40000 ALTER TABLE `sys_district` DISABLE KEYS */;
INSERT INTO `sys_district` VALUES (1,1,'东城区',0),(2,1,'西城区',0),(3,1,'崇文区',0),(4,1,'宣武区',0),(5,1,'朝阳区',0),(6,1,'丰台区',0),(7,1,'石景山区',0),(8,1,'海淀区',0),(9,1,'门头沟区',0),(10,1,'房山区',0),(11,1,'通州区',0),(12,1,'顺义区',0),(13,1,'昌平区',0),(14,1,'大兴区',0),(15,1,'怀柔区',0),(16,1,'平谷区',0),(17,1,'密云县',0),(18,1,'延庆县',0),(19,2,'和平区',0),(20,2,'河东区',0),(21,2,'河西区',0),(22,2,'南开区',0),(23,2,'河北区',0),(24,2,'红桥区',0),(25,2,'塘沽区',0),(26,2,'汉沽区',0),(27,2,'大港区',0),(28,2,'东丽区',0),(29,2,'西青区',0),(30,2,'津南区',0),(31,2,'北辰区',0),(32,2,'武清区',0),(33,2,'宝坻区',0),(34,2,'宁河县',0),(35,2,'静海县',0),(36,2,'蓟县',0),(37,3,'长安区',0),(38,3,'桥东区',0),(39,3,'桥西区',0),(40,3,'新华区',0),(41,3,'井陉矿区',0),(42,3,'裕华区',0),(43,3,'井陉县',0),(44,3,'正定县',0),(45,3,'栾城县',0),(46,3,'行唐县',0),(47,3,'灵寿县',0),(48,3,'高邑县',0),(49,3,'深泽县',0),(50,3,'赞皇县',0),(51,3,'无极县',0),(52,3,'平山县',0),(53,3,'元氏县',0),(54,3,'赵县',0),(55,3,'辛集市',0),(56,3,'藁城市',0),(57,3,'晋州市',0),(58,3,'新乐市',0),(59,3,'鹿泉市',0),(60,4,'路南区',0),(61,4,'路北区',0),(62,4,'古冶区',0),(63,4,'开平区',0),(64,4,'丰南区',0),(65,4,'丰润区',0),(66,4,'滦县',0),(67,4,'滦南县',0),(68,4,'乐亭县',0),(69,4,'迁西县',0),(70,4,'玉田县',0),(71,4,'唐海县',0),(72,4,'遵化市',0),(73,4,'迁安市',0),(74,5,'海港区',0),(75,5,'山海关区',0),(76,5,'北戴河区',0),(77,5,'青龙满族自治县',0),(78,5,'昌黎县',0),(79,5,'抚宁县',0),(80,5,'卢龙县',0),(81,6,'邯山区',0),(82,6,'丛台区',0),(83,6,'复兴区',0),(84,6,'峰峰矿区',0),(85,6,'邯郸县',0),(86,6,'临漳县',0),(87,6,'成安县',0),(88,6,'大名县',0),(89,6,'涉县',0),(90,6,'磁县',0),(91,6,'肥乡县',0),(92,6,'永年县',0),(93,6,'邱县',0),(94,6,'鸡泽县',0),(95,6,'广平县',0),(96,6,'馆陶县',0),(97,6,'魏县',0),(98,6,'曲周县',0),(99,6,'武安市',0),(100,7,'桥东区',0),(101,7,'桥西区',0),(102,7,'邢台县',0),(103,7,'临城县',0),(104,7,'内丘县',0),(105,7,'柏乡县',0),(106,7,'隆尧县',0),(107,7,'任县',0),(108,7,'南和县',0),(109,7,'宁晋县',0),(110,7,'巨鹿县',0),(111,7,'新河县',0),(112,7,'广宗县',0),(113,7,'平乡县',0),(114,7,'威县',0),(115,7,'清河县',0),(116,7,'临西县',0),(117,7,'南宫市',0),(118,7,'沙河市',0),(119,8,'新市区',0),(120,8,'北市区',0),(121,8,'南市区',0),(122,8,'满城县',0),(123,8,'清苑县',0),(124,8,'涞水县',0),(125,8,'阜平县',0),(126,8,'徐水县',0),(127,8,'定兴县',0),(128,8,'唐县',0),(129,8,'高阳县',0),(130,8,'容城县',0),(131,8,'涞源县',0),(132,8,'望都县',0),(133,8,'安新县',0),(134,8,'易县',0),(135,8,'曲阳县',0),(136,8,'蠡县',0),(137,8,'顺平县',0),(138,8,'博野县',0),(139,8,'雄县',0),(140,8,'涿州市',0),(141,8,'定州市',0),(142,8,'安国市',0),(143,8,'高碑店市',0),(144,9,'桥东区',0),(145,9,'桥西区',0),(146,9,'宣化区',0),(147,9,'下花园区',0),(148,9,'宣化县',0),(149,9,'张北县',0),(150,9,'康保县',0),(151,9,'沽源县',0),(152,9,'尚义县',0),(153,9,'蔚县',0),(154,9,'阳原县',0),(155,9,'怀安县',0),(156,9,'万全县',0),(157,9,'怀来县',0),(158,9,'涿鹿县',0),(159,9,'赤城县',0),(160,9,'崇礼县',0),(161,10,'双桥区',0),(162,10,'双滦区',0),(163,10,'鹰手营子矿区',0),(164,10,'承德县',0),(165,10,'兴隆县',0),(166,10,'平泉县',0),(167,10,'滦平县',0),(168,10,'隆化县',0),(169,10,'丰宁满族自治县',0),(170,10,'宽城满族自治县',0),(171,10,'围场满族蒙古族自治县',0),(172,11,'新华区',0),(173,11,'运河区',0),(174,11,'沧县',0),(175,11,'青县',0),(176,11,'东光县',0),(177,11,'海兴县',0),(178,11,'盐山县',0),(179,11,'肃宁县',0),(180,11,'南皮县',0),(181,11,'吴桥县',0),(182,11,'献县',0),(183,11,'孟村回族自治县',0),(184,11,'泊头市',0),(185,11,'任丘市',0),(186,11,'黄骅市',0),(187,11,'河间市',0),(188,12,'安次区',0),(189,12,'广阳区',0),(190,12,'固安县',0),(191,12,'永清县',0),(192,12,'香河县',0),(193,12,'大城县',0),(194,12,'文安县',0),(195,12,'大厂回族自治县',0),(196,12,'霸州市',0),(197,12,'三河市',0),(198,13,'桃城区',0),(199,13,'枣强县',0),(200,13,'武邑县',0),(201,13,'武强县',0),(202,13,'饶阳县',0),(203,13,'安平县',0),(204,13,'故城县',0),(205,13,'景县',0),(206,13,'阜城县',0),(207,13,'冀州市',0),(208,13,'深州市',0),(209,14,'小店区',0),(210,14,'迎泽区',0),(211,14,'杏花岭区',0),(212,14,'尖草坪区',0),(213,14,'万柏林区',0),(214,14,'晋源区',0),(215,14,'清徐县',0),(216,14,'阳曲县',0),(217,14,'娄烦县',0),(218,14,'古交市',0),(219,15,'城区',0),(220,15,'矿区',0),(221,15,'南郊区',0),(222,15,'新荣区',0),(223,15,'阳高县',0),(224,15,'天镇县',0),(225,15,'广灵县',0),(226,15,'灵丘县',0),(227,15,'浑源县',0),(228,15,'左云县',0),(229,15,'大同县',0),(230,16,'城区',0),(231,16,'矿区',0),(232,16,'郊区',0),(233,16,'平定县',0),(234,16,'盂县',0),(235,17,'城区',0),(236,17,'郊区',0),(237,17,'长治县',0),(238,17,'襄垣县',0),(239,17,'屯留县',0),(240,17,'平顺县',0),(241,17,'黎城县',0),(242,17,'壶关县',0),(243,17,'长子县',0),(244,17,'武乡县',0),(245,17,'沁县',0),(246,17,'沁源县',0),(247,17,'潞城市',0),(248,18,'城区',0),(249,18,'沁水县',0),(250,18,'阳城县',0),(251,18,'陵川县',0),(252,18,'泽州县',0),(253,18,'高平市',0),(254,19,'朔城区',0),(255,19,'平鲁区',0),(256,19,'山阴县',0),(257,19,'应县',0),(258,19,'右玉县',0),(259,19,'怀仁县',0),(260,20,'榆次区',0),(261,20,'榆社县',0),(262,20,'左权县',0),(263,20,'和顺县',0),(264,20,'昔阳县',0),(265,20,'寿阳县',0),(266,20,'太谷县',0),(267,20,'祁县',0),(268,20,'平遥县',0),(269,20,'灵石县',0),(270,20,'介休市',0),(271,21,'盐湖区',0),(272,21,'临猗县',0),(273,21,'万荣县',0),(274,21,'闻喜县',0),(275,21,'稷山县',0),(276,21,'新绛县',0),(277,21,'绛县',0),(278,21,'垣曲县',0),(279,21,'夏县',0),(280,21,'平陆县',0),(281,21,'芮城县',0),(282,21,'永济市',0),(283,21,'河津市',0),(284,22,'忻府区',0),(285,22,'定襄县',0),(286,22,'五台县',0),(287,22,'代县',0),(288,22,'繁峙县',0),(289,22,'宁武县',0),(290,22,'静乐县',0),(291,22,'神池县',0),(292,22,'五寨县',0),(293,22,'岢岚县',0),(294,22,'河曲县',0),(295,22,'保德县',0),(296,22,'偏关县',0),(297,22,'原平市',0),(298,23,'尧都区',0),(299,23,'曲沃县',0),(300,23,'翼城县',0),(301,23,'襄汾县',0),(302,23,'洪洞县',0),(303,23,'古县',0),(304,23,'安泽县',0),(305,23,'浮山县',0),(306,23,'吉县',0),(307,23,'乡宁县',0),(308,23,'大宁县',0),(309,23,'隰县',0),(310,23,'永和县',0),(311,23,'蒲县',0),(312,23,'汾西县',0),(313,23,'侯马市',0),(314,23,'霍州市',0),(315,24,'离石区',0),(316,24,'文水县',0),(317,24,'交城县',0),(318,24,'兴县',0),(319,24,'临县',0),(320,24,'柳林县',0),(321,24,'石楼县',0),(322,24,'岚县',0),(323,24,'方山县',0),(324,24,'中阳县',0),(325,24,'交口县',0),(326,24,'孝义市',0),(327,24,'汾阳市',0),(328,25,'新城区',0),(329,25,'回民区',0),(330,25,'玉泉区',0),(331,25,'赛罕区',0),(332,25,'土默特左旗',0),(333,25,'托克托县',0),(334,25,'和林格尔县',0),(335,25,'清水河县',0),(336,25,'武川县',0),(337,26,'东河区',0),(338,26,'昆都仑区',0),(339,26,'青山区',0),(340,26,'石拐区',0),(341,26,'白云矿区',0),(342,26,'九原区',0),(343,26,'土默特右旗',0),(344,26,'固阳县',0),(345,26,'达尔罕茂明安联合旗',0),(346,27,'海勃湾区',0),(347,27,'海南区',0),(348,27,'乌达区',0),(349,28,'红山区',0),(350,28,'元宝山区',0),(351,28,'松山区',0),(352,28,'阿鲁科尔沁旗',0),(353,28,'巴林左旗',0),(354,28,'巴林右旗',0),(355,28,'林西县',0),(356,28,'克什克腾旗',0),(357,28,'翁牛特旗',0),(358,28,'喀喇沁旗',0),(359,28,'宁城县',0),(360,28,'敖汉旗',0),(361,29,'科尔沁区',0),(362,29,'科尔沁左翼中旗',0),(363,29,'科尔沁左翼后旗',0),(364,29,'开鲁县',0),(365,29,'库伦旗',0),(366,29,'奈曼旗',0),(367,29,'扎鲁特旗',0),(368,29,'霍林郭勒市',0),(369,30,'东胜区',0),(370,30,'达拉特旗',0),(371,30,'准格尔旗',0),(372,30,'鄂托克前旗',0),(373,30,'鄂托克旗',0),(374,30,'杭锦旗',0),(375,30,'乌审旗',0),(376,30,'伊金霍洛旗',0),(377,31,'海拉尔区',0),(378,31,'阿荣旗',0),(379,31,'莫力达瓦达斡尔族自治旗',0),(380,31,'鄂伦春自治旗',0),(381,31,'鄂温克族自治旗',0),(382,31,'陈巴尔虎旗',0),(383,31,'新巴尔虎左旗',0),(384,31,'新巴尔虎右旗',0),(385,31,'满洲里市',0),(386,31,'牙克石市',0),(387,31,'扎兰屯市',0),(388,31,'额尔古纳市',0),(389,31,'根河市',0),(390,32,'临河区',0),(391,32,'五原县',0),(392,32,'磴口县',0),(393,32,'乌拉特前旗',0),(394,32,'乌拉特中旗',0),(395,32,'乌拉特后旗',0),(396,32,'杭锦后旗',0),(397,33,'集宁区',0),(398,33,'卓资县',0),(399,33,'化德县',0),(400,33,'商都县',0),(401,33,'兴和县',0),(402,33,'凉城县',0),(403,33,'察哈尔右翼前旗',0),(404,33,'察哈尔右翼中旗',0),(405,33,'察哈尔右翼后旗',0),(406,33,'四子王旗',0),(407,33,'丰镇市',0),(408,34,'乌兰浩特市',0),(409,34,'阿尔山市',0),(410,34,'科尔沁右翼前旗',0),(411,34,'科尔沁右翼中旗',0),(412,34,'扎赉特旗',0),(413,34,'突泉县',0),(414,35,'二连浩特市',0),(415,35,'锡林浩特市',0),(416,35,'阿巴嘎旗',0),(417,35,'苏尼特左旗',0),(418,35,'苏尼特右旗',0),(419,35,'东乌珠穆沁旗',0),(420,35,'西乌珠穆沁旗',0),(421,35,'太仆寺旗',0),(422,35,'镶黄旗',0),(423,35,'正镶白旗',0),(424,35,'正蓝旗',0),(425,35,'多伦县',0),(426,36,'阿拉善左旗',0),(427,36,'阿拉善右旗',0),(428,36,'额济纳旗',0),(429,37,'和平区',0),(430,37,'沈河区',0),(431,37,'大东区',0),(432,37,'皇姑区',0),(433,37,'铁西区',0),(434,37,'苏家屯区',0),(435,37,'东陵区',0),(436,37,'新城子区',0),(437,37,'于洪区',0),(438,37,'辽中县',0),(439,37,'康平县',0),(440,37,'法库县',0),(441,37,'新民市',0),(442,38,'中山区',0),(443,38,'西岗区',0),(444,38,'沙河口区',0),(445,38,'甘井子区',0),(446,38,'旅顺口区',0),(447,38,'金州区',0),(448,38,'长海县',0),(449,38,'瓦房店市',0),(450,38,'普兰店市',0),(451,38,'庄河市',0),(452,39,'铁东区',0),(453,39,'铁西区',0),(454,39,'立山区',0),(455,39,'千山区',0),(456,39,'台安县',0),(457,39,'岫岩满族自治县',0),(458,39,'海城市',0),(459,40,'新抚区',0),(460,40,'东洲区',0),(461,40,'望花区',0),(462,40,'顺城区',0),(463,40,'抚顺县',0),(464,40,'新宾满族自治县',0),(465,40,'清原满族自治县',0),(466,41,'平山区',0),(467,41,'溪湖区',0),(468,41,'明山区',0),(469,41,'南芬区',0),(470,41,'本溪满族自治县',0),(471,41,'桓仁满族自治县',0),(472,42,'元宝区',0),(473,42,'振兴区',0),(474,42,'振安区',0),(475,42,'宽甸满族自治县',0),(476,42,'东港市',0),(477,42,'凤城市',0),(478,43,'古塔区',0),(479,43,'凌河区',0),(480,43,'太和区',0),(481,43,'黑山县',0),(482,43,'义县',0),(483,43,'凌海市',0),(484,43,'北宁市',0),(485,44,'站前区',0),(486,44,'西市区',0),(487,44,'鲅鱼圈区',0),(488,44,'老边区',0),(489,44,'盖州市',0),(490,44,'大石桥市',0),(491,45,'海州区',0),(492,45,'新邱区',0),(493,45,'太平区',0),(494,45,'清河门区',0),(495,45,'细河区',0),(496,45,'阜新蒙古族自治县',0),(497,45,'彰武县',0),(498,46,'白塔区',0),(499,46,'文圣区',0),(500,46,'宏伟区',0),(501,46,'弓长岭区',0),(502,46,'太子河区',0),(503,46,'辽阳县',0),(504,46,'灯塔市',0),(505,47,'双台子区',0),(506,47,'兴隆台区',0),(507,47,'大洼县',0),(508,47,'盘山县',0),(509,48,'银州区',0),(510,48,'清河区',0),(511,48,'铁岭县',0),(512,48,'西丰县',0),(513,48,'昌图县',0),(514,48,'调兵山市',0),(515,48,'开原市',0),(516,49,'双塔区',0),(517,49,'龙城区',0),(518,49,'朝阳县',0),(519,49,'建平县',0),(520,49,'喀喇沁左翼蒙古族自治县',0),(521,49,'北票市',0),(522,49,'凌源市',0),(523,50,'连山区',0),(524,50,'龙港区',0),(525,50,'南票区',0),(526,50,'绥中县',0),(527,50,'建昌县',0),(528,50,'兴城市',0),(529,51,'南关区',0),(530,51,'宽城区',0),(531,51,'朝阳区',0),(532,51,'二道区',0),(533,51,'绿园区',0),(534,51,'双阳区',0),(535,51,'农安县',0),(536,51,'九台市',0),(537,51,'榆树市',0),(538,51,'德惠市',0),(539,52,'昌邑区',0),(540,52,'龙潭区',0),(541,52,'船营区',0),(542,52,'丰满区',0),(543,52,'永吉县',0),(544,52,'蛟河市',0),(545,52,'桦甸市',0),(546,52,'舒兰市',0),(547,52,'磐石市',0),(548,53,'铁西区',0),(549,53,'铁东区',0),(550,53,'梨树县',0),(551,53,'伊通满族自治县',0),(552,53,'公主岭市',0),(553,53,'双辽市',0),(554,54,'龙山区',0),(555,54,'西安区',0),(556,54,'东丰县',0),(557,54,'东辽县',0),(558,55,'东昌区',0),(559,55,'二道江区',0),(560,55,'通化县',0),(561,55,'辉南县',0),(562,55,'柳河县',0),(563,55,'梅河口市',0),(564,55,'集安市',0),(565,56,'八道江区',0),(566,56,'抚松县',0),(567,56,'靖宇县',0),(568,56,'长白朝鲜族自治县',0),(569,56,'江源县',0),(570,56,'临江市',0),(571,57,'宁江区',0),(572,57,'前郭尔罗斯蒙古族自治县',0),(573,57,'长岭县',0),(574,57,'乾安县',0),(575,57,'扶余县',0),(576,58,'洮北区',0),(577,58,'镇赉县',0),(578,58,'通榆县',0),(579,58,'洮南市',0),(580,58,'大安市',0),(581,59,'延吉市',0),(582,59,'图们市',0),(583,59,'敦化市',0),(584,59,'珲春市',0),(585,59,'龙井市',0),(586,59,'和龙市',0),(587,59,'汪清县',0),(588,59,'安图县',0),(589,60,'道里区',0),(590,60,'南岗区',0),(591,60,'道外区',0),(592,60,'香坊区',0),(593,60,'动力区',0),(594,60,'平房区',0),(595,60,'松北区',0),(596,60,'呼兰区',0),(597,60,'依兰县',0),(598,60,'方正县',0),(599,60,'宾县',0),(600,60,'巴彦县',0),(601,60,'木兰县',0),(602,60,'通河县',0),(603,60,'延寿县',0),(604,60,'阿城市',0),(605,60,'双城市',0),(606,60,'尚志市',0),(607,60,'五常市',0),(608,61,'龙沙区',0),(609,61,'建华区',0),(610,61,'铁锋区',0),(611,61,'昂昂溪区',0),(612,61,'富拉尔基区',0),(613,61,'碾子山区',0),(614,61,'梅里斯达斡尔族区',0),(615,61,'龙江县',0),(616,61,'依安县',0),(617,61,'泰来县',0),(618,61,'甘南县',0),(619,61,'富裕县',0),(620,61,'克山县',0),(621,61,'克东县',0),(622,61,'拜泉县',0),(623,61,'讷河市',0),(624,62,'鸡冠区',0),(625,62,'恒山区',0),(626,62,'滴道区',0),(627,62,'梨树区',0),(628,62,'城子河区',0),(629,62,'麻山区',0),(630,62,'鸡东县',0),(631,62,'虎林市',0),(632,62,'密山市',0),(633,63,'向阳区',0),(634,63,'工农区',0),(635,63,'南山区',0),(636,63,'兴安区',0),(637,63,'东山区',0),(638,63,'兴山区',0),(639,63,'萝北县',0),(640,63,'绥滨县',0),(641,64,'尖山区',0),(642,64,'岭东区',0),(643,64,'四方台区',0),(644,64,'宝山区',0),(645,64,'集贤县',0),(646,64,'友谊县',0),(647,64,'宝清县',0),(648,64,'饶河县',0),(649,65,'萨尔图区',0),(650,65,'龙凤区',0),(651,65,'让胡路区',0),(652,65,'红岗区',0),(653,65,'大同区',0),(654,65,'肇州县',0),(655,65,'肇源县',0),(656,65,'林甸县',0),(657,65,'杜尔伯特蒙古族自治县',0),(658,66,'伊春区',0),(659,66,'南岔区',0),(660,66,'友好区',0),(661,66,'西林区',0),(662,66,'翠峦区',0),(663,66,'新青区',0),(664,66,'美溪区',0),(665,66,'金山屯区',0),(666,66,'五营区',0),(667,66,'乌马河区',0),(668,66,'汤旺河区',0),(669,66,'带岭区',0),(670,66,'乌伊岭区',0),(671,66,'红星区',0),(672,66,'上甘岭区',0),(673,66,'嘉荫县',0),(674,66,'铁力市',0),(675,67,'永红区',0),(676,67,'向阳区',0),(677,67,'前进区',0),(678,67,'东风区',0),(679,67,'郊区',0),(680,67,'桦南县',0),(681,67,'桦川县',0),(682,67,'汤原县',0),(683,67,'抚远县',0),(684,67,'同江市',0),(685,67,'富锦市',0),(686,68,'新兴区',0),(687,68,'桃山区',0),(688,68,'茄子河区',0),(689,68,'勃利县',0),(690,69,'东安区',0),(691,69,'阳明区',0),(692,69,'爱民区',0),(693,69,'西安区',0),(694,69,'东宁县',0),(695,69,'林口县',0),(696,69,'绥芬河市',0),(697,69,'海林市',0),(698,69,'宁安市',0),(699,69,'穆棱市',0),(700,70,'爱辉区',0),(701,70,'嫩江县',0),(702,70,'逊克县',0),(703,70,'孙吴县',0),(704,70,'北安市',0),(705,70,'五大连池市',0),(706,71,'北林区',0),(707,71,'望奎县',0),(708,71,'兰西县',0),(709,71,'青冈县',0),(710,71,'庆安县',0),(711,71,'明水县',0),(712,71,'绥棱县',0),(713,71,'安达市',0),(714,71,'肇东市',0),(715,71,'海伦市',0),(716,72,'呼玛县',0),(717,72,'塔河县',0),(718,72,'漠河县',0),(719,73,'黄浦区',0),(720,73,'卢湾区',0),(721,73,'徐汇区',0),(722,73,'长宁区',0),(723,73,'静安区',0),(724,73,'普陀区',0),(725,73,'闸北区',0),(726,73,'虹口区',0),(727,73,'杨浦区',0),(728,73,'闵行区',0),(729,73,'宝山区',0),(730,73,'嘉定区',0),(731,73,'浦东新区',0),(732,73,'金山区',0),(733,73,'松江区',0),(734,73,'青浦区',0),(735,73,'南汇区',0),(736,73,'奉贤区',0),(737,73,'崇明县',0),(738,74,'玄武区',0),(739,74,'白下区',0),(740,74,'秦淮区',0),(741,74,'建邺区',0),(742,74,'鼓楼区',0),(743,74,'下关区',0),(744,74,'浦口区',0),(745,74,'栖霞区',0),(746,74,'雨花台区',0),(747,74,'江宁区',0),(748,74,'六合区',0),(749,74,'溧水县',0),(750,74,'高淳县',0),(751,75,'崇安区',0),(752,75,'南长区',0),(753,75,'北塘区',0),(754,75,'锡山区',0),(755,75,'惠山区',0),(756,75,'滨湖区',0),(757,75,'江阴市',0),(758,75,'宜兴市',0),(759,76,'鼓楼区',0),(760,76,'云龙区',0),(761,76,'九里区',0),(762,76,'贾汪区',0),(763,76,'泉山区',0),(764,76,'丰县',0),(765,76,'沛县',0),(766,76,'铜山县',0),(767,76,'睢宁县',0),(768,76,'新沂市',0),(769,76,'邳州市',0),(770,77,'天宁区',0),(771,77,'钟楼区',0),(772,77,'戚墅堰区',0),(773,77,'新北区',0),(774,77,'武进区',0),(775,77,'溧阳市',0),(776,77,'金坛市',0),(777,78,'沧浪区',0),(778,78,'平江区',0),(779,78,'金阊区',0),(780,78,'虎丘区',0),(781,78,'吴中区',0),(782,78,'相城区',0),(783,78,'常熟市',0),(784,78,'张家港市',0),(785,78,'昆山市',0),(786,78,'吴江市',0),(787,78,'太仓市',0),(788,79,'崇川区',0),(789,79,'港闸区',0),(790,79,'海安县',0),(791,79,'如东县',0),(792,79,'启东市',0),(793,79,'如皋市',0),(794,79,'通州市',0),(795,79,'海门市',0),(796,80,'连云区',0),(797,80,'新浦区',0),(798,80,'海州区',0),(799,80,'赣榆县',0),(800,80,'东海县',0),(801,80,'灌云县',0),(802,80,'灌南县',0),(803,81,'清河区',0),(804,81,'楚州区',0),(805,81,'淮阴区',0),(806,81,'清浦区',0),(807,81,'涟水县',0),(808,81,'洪泽县',0),(809,81,'盱眙县',0),(810,81,'金湖县',0),(811,82,'亭湖区',0),(812,82,'盐都区',0),(813,82,'响水县',0),(814,82,'滨海县',0),(815,82,'阜宁县',0),(816,82,'射阳县',0),(817,82,'建湖县',0),(818,82,'东台市',0),(819,82,'大丰市',0),(820,83,'广陵区',0),(821,83,'邗江区',0),(822,83,'维扬区',0),(823,83,'宝应县',0),(824,83,'仪征市',0),(825,83,'高邮市',0),(826,83,'江都市',0),(827,84,'京口区',0),(828,84,'润州区',0),(829,84,'丹徒区',0),(830,84,'丹阳市',0),(831,84,'扬中市',0),(832,84,'句容市',0),(833,85,'海陵区',0),(834,85,'高港区',0),(835,85,'兴化市',0),(836,85,'靖江市',0),(837,85,'泰兴市',0),(838,85,'姜堰市',0),(839,86,'宿城区',0),(840,86,'宿豫区',0),(841,86,'沭阳县',0),(842,86,'泗阳县',0),(843,86,'泗洪县',0),(844,87,'上城区',0),(845,87,'下城区',0),(846,87,'江干区',0),(847,87,'拱墅区',0),(848,87,'西湖区',0),(849,87,'滨江区',0),(850,87,'萧山区',0),(851,87,'余杭区',0),(852,87,'桐庐县',0),(853,87,'淳安县',0),(854,87,'建德市',0),(855,87,'富阳市',0),(856,87,'临安市',0),(857,88,'海曙区',0),(858,88,'江东区',0),(859,88,'江北区',0),(860,88,'北仑区',0),(861,88,'镇海区',0),(862,88,'鄞州区',0),(863,88,'象山县',0),(864,88,'宁海县',0),(865,88,'余姚市',0),(866,88,'慈溪市',0),(867,88,'奉化市',0),(868,89,'鹿城区',0),(869,89,'龙湾区',0),(870,89,'瓯海区',0),(871,89,'洞头县',0),(872,89,'永嘉县',0),(873,89,'平阳县',0),(874,89,'苍南县',0),(875,89,'文成县',0),(876,89,'泰顺县',0),(877,89,'瑞安市',0),(878,89,'乐清市',0),(879,90,'秀城区',0),(880,90,'秀洲区',0),(881,90,'嘉善县',0),(882,90,'海盐县',0),(883,90,'海宁市',0),(884,90,'平湖市',0),(885,90,'桐乡市',0),(886,91,'吴兴区',0),(887,91,'南浔区',0),(888,91,'德清县',0),(889,91,'长兴县',0),(890,91,'安吉县',0),(891,92,'越城区',0),(892,92,'绍兴县',0),(893,92,'新昌县',0),(894,92,'诸暨市',0),(895,92,'上虞市',0),(896,92,'嵊州市',0),(897,93,'婺城区',0),(898,93,'金东区',0),(899,93,'武义县',0),(900,93,'浦江县',0),(901,93,'磐安县',0),(902,93,'兰溪市',0),(903,93,'义乌市',0),(904,93,'东阳市',0),(905,93,'永康市',0),(906,94,'柯城区',0),(907,94,'衢江区',0),(908,94,'常山县',0),(909,94,'开化县',0),(910,94,'龙游县',0),(911,94,'江山市',0),(912,95,'定海区',0),(913,95,'普陀区',0),(914,95,'岱山县',0),(915,95,'嵊泗县',0),(916,96,'椒江区',0),(917,96,'黄岩区',0),(918,96,'路桥区',0),(919,96,'玉环县',0),(920,96,'三门县',0),(921,96,'天台县',0),(922,96,'仙居县',0),(923,96,'温岭市',0),(924,96,'临海市',0),(925,97,'莲都区',0),(926,97,'青田县',0),(927,97,'缙云县',0),(928,97,'遂昌县',0),(929,97,'松阳县',0),(930,97,'云和县',0),(931,97,'庆元县',0),(932,97,'景宁畲族自治县',0),(933,97,'龙泉市',0),(934,98,'瑶海区',0),(935,98,'庐阳区',0),(936,98,'蜀山区',0),(937,98,'包河区',0),(938,98,'长丰县',0),(939,98,'肥东县',0),(940,98,'肥西县',0),(941,99,'镜湖区',0),(942,99,'马塘区',0),(943,99,'新芜区',0),(944,99,'鸠江区',0),(945,99,'芜湖县',0),(946,99,'繁昌县',0),(947,99,'南陵县',0),(948,100,'龙子湖区',0),(949,100,'蚌山区',0),(950,100,'禹会区',0),(951,100,'淮上区',0),(952,100,'怀远县',0),(953,100,'五河县',0),(954,100,'固镇县',0),(955,101,'大通区',0),(956,101,'田家庵区',0),(957,101,'谢家集区',0),(958,101,'八公山区',0),(959,101,'潘集区',0),(960,101,'凤台县',0),(961,102,'金家庄区',0),(962,102,'花山区',0),(963,102,'雨山区',0),(964,102,'当涂县',0),(965,103,'杜集区',0),(966,103,'相山区',0),(967,103,'烈山区',0),(968,103,'濉溪县',0),(969,104,'铜官山区',0),(970,104,'狮子山区',0),(971,104,'郊区',0),(972,104,'铜陵县',0),(973,105,'迎江区',0),(974,105,'大观区',0),(975,105,'郊区',0),(976,105,'怀宁县',0),(977,105,'枞阳县',0),(978,105,'潜山县',0),(979,105,'太湖县',0),(980,105,'宿松县',0),(981,105,'望江县',0),(982,105,'岳西县',0),(983,105,'桐城市',0),(984,106,'屯溪区',0),(985,106,'黄山区',0),(986,106,'徽州区',0),(987,106,'歙县',0),(988,106,'休宁县',0),(989,106,'黟县',0),(990,106,'祁门县',0),(991,107,'琅琊区',0),(992,107,'南谯区',0),(993,107,'来安县',0),(994,107,'全椒县',0),(995,107,'定远县',0),(996,107,'凤阳县',0),(997,107,'天长市',0),(998,107,'明光市',0),(999,108,'颍州区',0),(1000,108,'颍东区',0),(1001,108,'颍泉区',0),(1002,108,'临泉县',0),(1003,108,'太和县',0),(1004,108,'阜南县',0),(1005,108,'颍上县',0),(1006,108,'界首市',0),(1007,109,'埇桥区',0),(1008,109,'砀山县',0),(1009,109,'萧县',0),(1010,109,'灵璧县',0),(1011,109,'泗县',0),(1012,110,'居巢区',0),(1013,110,'庐江县',0),(1014,110,'无为县',0),(1015,110,'含山县',0),(1016,110,'和县',0),(1017,111,'金安区',0),(1018,111,'裕安区',0),(1019,111,'寿县',0),(1020,111,'霍邱县',0),(1021,111,'舒城县',0),(1022,111,'金寨县',0),(1023,111,'霍山县',0),(1024,112,'谯城区',0),(1025,112,'涡阳县',0),(1026,112,'蒙城县',0),(1027,112,'利辛县',0),(1028,113,'贵池区',0),(1029,113,'东至县',0),(1030,113,'石台县',0),(1031,113,'青阳县',0),(1032,114,'宣州区',0),(1033,114,'郎溪县',0),(1034,114,'广德县',0),(1035,114,'泾县',0),(1036,114,'绩溪县',0),(1037,114,'旌德县',0),(1038,114,'宁国市',0),(1039,115,'鼓楼区',0),(1040,115,'台江区',0),(1041,115,'仓山区',0),(1042,115,'马尾区',0),(1043,115,'晋安区',0),(1044,115,'闽侯县',0),(1045,115,'连江县',0),(1046,115,'罗源县',0),(1047,115,'闽清县',0),(1048,115,'永泰县',0),(1049,115,'平潭县',0),(1050,115,'福清市',0),(1051,115,'长乐市',0),(1052,116,'思明区',0),(1053,116,'海沧区',0),(1054,116,'湖里区',0),(1055,116,'集美区',0),(1056,116,'同安区',0),(1057,116,'翔安区',0),(1058,117,'城厢区',0),(1059,117,'涵江区',0),(1060,117,'荔城区',0),(1061,117,'秀屿区',0),(1062,117,'仙游县',0),(1063,118,'梅列区',0),(1064,118,'三元区',0),(1065,118,'明溪县',0),(1066,118,'清流县',0),(1067,118,'宁化县',0),(1068,118,'大田县',0),(1069,118,'尤溪县',0),(1070,118,'沙县',0),(1071,118,'将乐县',0),(1072,118,'泰宁县',0),(1073,118,'建宁县',0),(1074,118,'永安市',0),(1075,119,'鲤城区',0),(1076,119,'丰泽区',0),(1077,119,'洛江区',0),(1078,119,'泉港区',0),(1079,119,'惠安县',0),(1080,119,'安溪县',0),(1081,119,'永春县',0),(1082,119,'德化县',0),(1083,119,'金门县',0),(1084,119,'石狮市',0),(1085,119,'晋江市',0),(1086,119,'南安市',0),(1087,120,'芗城区',0),(1088,120,'龙文区',0),(1089,120,'云霄县',0),(1090,120,'漳浦县',0),(1091,120,'诏安县',0),(1092,120,'长泰县',0),(1093,120,'东山县',0),(1094,120,'南靖县',0),(1095,120,'平和县',0),(1096,120,'华安县',0),(1097,120,'龙海市',0),(1098,121,'延平区',0),(1099,121,'顺昌县',0),(1100,121,'浦城县',0),(1101,121,'光泽县',0),(1102,121,'松溪县',0),(1103,121,'政和县',0),(1104,121,'邵武市',0),(1105,121,'武夷山市',0),(1106,121,'建瓯市',0),(1107,121,'建阳市',0),(1108,122,'新罗区',0),(1109,122,'长汀县',0),(1110,122,'永定县',0),(1111,122,'上杭县',0),(1112,122,'武平县',0),(1113,122,'连城县',0),(1114,122,'漳平市',0),(1115,123,'蕉城区',0),(1116,123,'霞浦县',0),(1117,123,'古田县',0),(1118,123,'屏南县',0),(1119,123,'寿宁县',0),(1120,123,'周宁县',0),(1121,123,'柘荣县',0),(1122,123,'福安市',0),(1123,123,'福鼎市',0),(1124,124,'东湖区',0),(1125,124,'西湖区',0),(1126,124,'青云谱区',0),(1127,124,'湾里区',0),(1128,124,'青山湖区',0),(1129,124,'南昌县',0),(1130,124,'新建县',0),(1131,124,'安义县',0),(1132,124,'进贤县',0),(1133,125,'昌江区',0),(1134,125,'珠山区',0),(1135,125,'浮梁县',0),(1136,125,'乐平市',0),(1137,126,'安源区',0),(1138,126,'湘东区',0),(1139,126,'莲花县',0),(1140,126,'上栗县',0),(1141,126,'芦溪县',0),(1142,127,'庐山区',0),(1143,127,'浔阳区',0),(1144,127,'九江县',0),(1145,127,'武宁县',0),(1146,127,'修水县',0),(1147,127,'永修县',0),(1148,127,'德安县',0),(1149,127,'星子县',0),(1150,127,'都昌县',0),(1151,127,'湖口县',0),(1152,127,'彭泽县',0),(1153,127,'瑞昌市',0),(1154,128,'渝水区',0),(1155,128,'分宜县',0),(1156,129,'月湖区',0),(1157,129,'余江县',0),(1158,129,'贵溪市',0),(1159,130,'章贡区',0),(1160,130,'赣县',0),(1161,130,'信丰县',0),(1162,130,'大余县',0),(1163,130,'上犹县',0),(1164,130,'崇义县',0),(1165,130,'安远县',0),(1166,130,'龙南县',0),(1167,130,'定南县',0),(1168,130,'全南县',0),(1169,130,'宁都县',0),(1170,130,'于都县',0),(1171,130,'兴国县',0),(1172,130,'会昌县',0),(1173,130,'寻乌县',0),(1174,130,'石城县',0),(1175,130,'瑞金市',0),(1176,130,'南康市',0),(1177,131,'吉州区',0),(1178,131,'青原区',0),(1179,131,'吉安县',0),(1180,131,'吉水县',0),(1181,131,'峡江县',0),(1182,131,'新干县',0),(1183,131,'永丰县',0),(1184,131,'泰和县',0),(1185,131,'遂川县',0),(1186,131,'万安县',0),(1187,131,'安福县',0),(1188,131,'永新县',0),(1189,131,'井冈山市',0),(1190,132,'袁州区',0),(1191,132,'奉新县',0),(1192,132,'万载县',0),(1193,132,'上高县',0),(1194,132,'宜丰县',0),(1195,132,'靖安县',0),(1196,132,'铜鼓县',0),(1197,132,'丰城市',0),(1198,132,'樟树市',0),(1199,132,'高安市',0),(1200,133,'临川区',0),(1201,133,'南城县',0),(1202,133,'黎川县',0),(1203,133,'南丰县',0),(1204,133,'崇仁县',0),(1205,133,'乐安县',0),(1206,133,'宜黄县',0),(1207,133,'金溪县',0),(1208,133,'资溪县',0),(1209,133,'东乡县',0),(1210,133,'广昌县',0),(1211,134,'信州区',0),(1212,134,'上饶县',0),(1213,134,'广丰县',0),(1214,134,'玉山县',0),(1215,134,'铅山县',0),(1216,134,'横峰县',0),(1217,134,'弋阳县',0),(1218,134,'余干县',0),(1219,134,'鄱阳县',0),(1220,134,'万年县',0),(1221,134,'婺源县',0),(1222,134,'德兴市',0),(1223,135,'历下区',0),(1224,135,'市中区',0),(1225,135,'槐荫区',0),(1226,135,'天桥区',0),(1227,135,'历城区',0),(1228,135,'长清区',0),(1229,135,'平阴县',0),(1230,135,'济阳县',0),(1231,135,'商河县',0),(1232,135,'章丘市',0),(1233,136,'市南区',0),(1234,136,'市北区',0),(1235,136,'四方区',0),(1236,136,'黄岛区',0),(1237,136,'崂山区',0),(1238,136,'李沧区',0),(1239,136,'城阳区',0),(1240,136,'胶州市',0),(1241,136,'即墨市',0),(1242,136,'平度市',0),(1243,136,'胶南市',0),(1244,136,'莱西市',0),(1245,137,'淄川区',0),(1246,137,'张店区',0),(1247,137,'博山区',0),(1248,137,'临淄区',0),(1249,137,'周村区',0),(1250,137,'桓台县',0),(1251,137,'高青县',0),(1252,137,'沂源县',0),(1253,138,'市中区',0),(1254,138,'薛城区',0),(1255,138,'峄城区',0),(1256,138,'台儿庄区',0),(1257,138,'山亭区',0),(1258,138,'滕州市',0),(1259,139,'东营区',0),(1260,139,'河口区',0),(1261,139,'垦利县',0),(1262,139,'利津县',0),(1263,139,'广饶县',0),(1264,140,'芝罘区',0),(1265,140,'福山区',0),(1266,140,'牟平区',0),(1267,140,'莱山区',0),(1268,140,'长岛县',0),(1269,140,'龙口市',0),(1270,140,'莱阳市',0),(1271,140,'莱州市',0),(1272,140,'蓬莱市',0),(1273,140,'招远市',0),(1274,140,'栖霞市',0),(1275,140,'海阳市',0),(1276,141,'潍城区',0),(1277,141,'寒亭区',0),(1278,141,'坊子区',0),(1279,141,'奎文区',0),(1280,141,'临朐县',0),(1281,141,'昌乐县',0),(1282,141,'青州市',0),(1283,141,'诸城市',0),(1284,141,'寿光市',0),(1285,141,'安丘市',0),(1286,141,'高密市',0),(1287,141,'昌邑市',0),(1288,142,'市中区',0),(1289,142,'任城区',0),(1290,142,'微山县',0),(1291,142,'鱼台县',0),(1292,142,'金乡县',0),(1293,142,'嘉祥县',0),(1294,142,'汶上县',0),(1295,142,'泗水县',0),(1296,142,'梁山县',0),(1297,142,'曲阜市',0),(1298,142,'兖州市',0),(1299,142,'邹城市',0),(1300,143,'泰山区',0),(1301,143,'岱岳区',0),(1302,143,'宁阳县',0),(1303,143,'东平县',0),(1304,143,'新泰市',0),(1305,143,'肥城市',0),(1306,144,'环翠区',0),(1307,144,'文登市',0),(1308,144,'荣成市',0),(1309,144,'乳山市',0),(1310,145,'东港区',0),(1311,145,'岚山区',0),(1312,145,'五莲县',0),(1313,145,'莒县',0),(1314,146,'莱城区',0),(1315,146,'钢城区',0),(1316,147,'兰山区',0),(1317,147,'罗庄区',0),(1318,147,'河东区',0),(1319,147,'沂南县',0),(1320,147,'郯城县',0),(1321,147,'沂水县',0),(1322,147,'苍山县',0),(1323,147,'费县',0),(1324,147,'平邑县',0),(1325,147,'莒南县',0),(1326,147,'蒙阴县',0),(1327,147,'临沭县',0),(1328,148,'德城区',0),(1329,148,'陵县',0),(1330,148,'宁津县',0),(1331,148,'庆云县',0),(1332,148,'临邑县',0),(1333,148,'齐河县',0),(1334,148,'平原县',0),(1335,148,'夏津县',0),(1336,148,'武城县',0),(1337,148,'乐陵市',0),(1338,148,'禹城市',0),(1339,149,'东昌府区',0),(1340,149,'阳谷县',0),(1341,149,'莘县',0),(1342,149,'茌平县',0),(1343,149,'东阿县',0),(1344,149,'冠县',0),(1345,149,'高唐县',0),(1346,149,'临清市',0),(1347,150,'滨城区',0),(1348,150,'惠民县',0),(1349,150,'阳信县',0),(1350,150,'无棣县',0),(1351,150,'沾化县',0),(1352,150,'博兴县',0),(1353,150,'邹平县',0),(1354,151,'牡丹区',0),(1355,151,'曹县',0),(1356,151,'单县',0),(1357,151,'成武县',0),(1358,151,'巨野县',0),(1359,151,'郓城县',0),(1360,151,'鄄城县',0),(1361,151,'定陶县',0),(1362,151,'东明县',0),(1363,152,'中原区',0),(1364,152,'二七区',0),(1365,152,'管城回族区',0),(1366,152,'金水区',0),(1367,152,'上街区',0),(1368,152,'惠济区',0),(1369,152,'中牟县',0),(1370,152,'巩义市',0),(1371,152,'荥阳市',0),(1372,152,'新密市',0),(1373,152,'新郑市',0),(1374,152,'登封市',0),(1375,153,'龙亭区',0),(1376,153,'顺河回族区',0),(1377,153,'鼓楼区',0),(1378,153,'南关区',0),(1379,153,'郊区',0),(1380,153,'杞县',0),(1381,153,'通许县',0),(1382,153,'尉氏县',0),(1383,153,'开封县',0),(1384,153,'兰考县',0),(1385,154,'老城区',0),(1386,154,'西工区',0),(1387,154,'廛河回族区',0),(1388,154,'涧西区',0),(1389,154,'吉利区',0),(1390,154,'洛龙区',0),(1391,154,'孟津县',0),(1392,154,'新安县',0),(1393,154,'栾川县',0),(1394,154,'嵩县',0),(1395,154,'汝阳县',0),(1396,154,'宜阳县',0),(1397,154,'洛宁县',0),(1398,154,'伊川县',0),(1399,154,'偃师市',0),(1400,155,'新华区',0),(1401,155,'卫东区',0),(1402,155,'石龙区',0),(1403,155,'湛河区',0),(1404,155,'宝丰县',0),(1405,155,'叶县',0),(1406,155,'鲁山县',0),(1407,155,'郏县',0),(1408,155,'舞钢市',0),(1409,155,'汝州市',0),(1410,156,'文峰区',0),(1411,156,'北关区',0),(1412,156,'殷都区',0),(1413,156,'龙安区',0),(1414,156,'安阳县',0),(1415,156,'汤阴县',0),(1416,156,'滑县',0),(1417,156,'内黄县',0),(1418,156,'林州市',0),(1419,157,'鹤山区',0),(1420,157,'山城区',0),(1421,157,'淇滨区',0),(1422,157,'浚县',0),(1423,157,'淇县',0),(1424,158,'红旗区',0),(1425,158,'卫滨区',0),(1426,158,'凤泉区',0),(1427,158,'牧野区',0),(1428,158,'新乡县',0),(1429,158,'获嘉县',0),(1430,158,'原阳县',0),(1431,158,'延津县',0),(1432,158,'封丘县',0),(1433,158,'长垣县',0),(1434,158,'卫辉市',0),(1435,158,'辉县市',0),(1436,159,'解放区',0),(1437,159,'中站区',0),(1438,159,'马村区',0),(1439,159,'山阳区',0),(1440,159,'修武县',0),(1441,159,'博爱县',0),(1442,159,'武陟县',0),(1443,159,'温县',0),(1444,159,'济源市',0),(1445,159,'沁阳市',0),(1446,159,'孟州市',0),(1447,160,'华龙区',0),(1448,160,'清丰县',0),(1449,160,'南乐县',0),(1450,160,'范县',0),(1451,160,'台前县',0),(1452,160,'濮阳县',0),(1453,161,'魏都区',0),(1454,161,'许昌县',0),(1455,161,'鄢陵县',0),(1456,161,'襄城县',0),(1457,161,'禹州市',0),(1458,161,'长葛市',0),(1459,162,'源汇区',0),(1460,162,'郾城区',0),(1461,162,'召陵区',0),(1462,162,'舞阳县',0),(1463,162,'临颍县',0),(1464,163,'市辖区',0),(1465,163,'湖滨区',0),(1466,163,'渑池县',0),(1467,163,'陕县',0),(1468,163,'卢氏县',0),(1469,163,'义马市',0),(1470,163,'灵宝市',0),(1471,164,'宛城区',0),(1472,164,'卧龙区',0),(1473,164,'南召县',0),(1474,164,'方城县',0),(1475,164,'西峡县',0),(1476,164,'镇平县',0),(1477,164,'内乡县',0),(1478,164,'淅川县',0),(1479,164,'社旗县',0),(1480,164,'唐河县',0),(1481,164,'新野县',0),(1482,164,'桐柏县',0),(1483,164,'邓州市',0),(1484,165,'梁园区',0),(1485,165,'睢阳区',0),(1486,165,'民权县',0),(1487,165,'睢县',0),(1488,165,'宁陵县',0),(1489,165,'柘城县',0),(1490,165,'虞城县',0),(1491,165,'夏邑县',0),(1492,165,'永城市',0),(1493,166,'浉河区',0),(1494,166,'平桥区',0),(1495,166,'罗山县',0),(1496,166,'光山县',0),(1497,166,'新县',0),(1498,166,'商城县',0),(1499,166,'固始县',0),(1500,166,'潢川县',0),(1501,166,'淮滨县',0),(1502,166,'息县',0),(1503,167,'川汇区',0),(1504,167,'扶沟县',0),(1505,167,'西华县',0),(1506,167,'商水县',0),(1507,167,'沈丘县',0),(1508,167,'郸城县',0),(1509,167,'淮阳县',0),(1510,167,'太康县',0),(1511,167,'鹿邑县',0),(1512,167,'项城市',0),(1513,168,'驿城区',0),(1514,168,'西平县',0),(1515,168,'上蔡县',0),(1516,168,'平舆县',0),(1517,168,'正阳县',0),(1518,168,'确山县',0),(1519,168,'泌阳县',0),(1520,168,'汝南县',0),(1521,168,'遂平县',0),(1522,168,'新蔡县',0),(1523,169,'江岸区',0),(1524,169,'江汉区',0),(1525,169,'硚口区',0),(1526,169,'汉阳区',0),(1527,169,'武昌区',0),(1528,169,'青山区',0),(1529,169,'洪山区',0),(1530,169,'东西湖区',0),(1531,169,'汉南区',0),(1532,169,'蔡甸区',0),(1533,169,'江夏区',0),(1534,169,'黄陂区',0),(1535,169,'新洲区',0),(1536,170,'黄石港区',0),(1537,170,'西塞山区',0),(1538,170,'下陆区',0),(1539,170,'铁山区',0),(1540,170,'阳新县',0),(1541,170,'大冶市',0),(1542,171,'茅箭区',0),(1543,171,'张湾区',0),(1544,171,'郧县',0),(1545,171,'郧西县',0),(1546,171,'竹山县',0),(1547,171,'竹溪县',0),(1548,171,'房县',0),(1549,171,'丹江口市',0),(1550,172,'西陵区',0),(1551,172,'伍家岗区',0),(1552,172,'点军区',0),(1553,172,'猇亭区',0),(1554,172,'夷陵区',0),(1555,172,'远安县',0),(1556,172,'兴山县',0),(1557,172,'秭归县',0),(1558,172,'长阳土家族自治县',0),(1559,172,'五峰土家族自治县',0),(1560,172,'宜都市',0),(1561,172,'当阳市',0),(1562,172,'枝江市',0),(1563,173,'襄城区',0),(1564,173,'樊城区',0),(1565,173,'襄阳区',0),(1566,173,'南漳县',0),(1567,173,'谷城县',0),(1568,173,'保康县',0),(1569,173,'老河口市',0),(1570,173,'枣阳市',0),(1571,173,'宜城市',0),(1572,174,'梁子湖区',0),(1573,174,'华容区',0),(1574,174,'鄂城区',0),(1575,175,'东宝区',0),(1576,175,'掇刀区',0),(1577,175,'京山县',0),(1578,175,'沙洋县',0),(1579,175,'钟祥市',0),(1580,176,'孝南区',0),(1581,176,'孝昌县',0),(1582,176,'大悟县',0),(1583,176,'云梦县',0),(1584,176,'应城市',0),(1585,176,'安陆市',0),(1586,176,'汉川市',0),(1587,177,'沙市区',0),(1588,177,'荆州区',0),(1589,177,'公安县',0),(1590,177,'监利县',0),(1591,177,'江陵县',0),(1592,177,'石首市',0),(1593,177,'洪湖市',0),(1594,177,'松滋市',0),(1595,178,'黄州区',0),(1596,178,'团风县',0),(1597,178,'红安县',0),(1598,178,'罗田县',0),(1599,178,'英山县',0),(1600,178,'浠水县',0),(1601,178,'蕲春县',0),(1602,178,'黄梅县',0),(1603,178,'麻城市',0),(1604,178,'武穴市',0),(1605,179,'咸安区',0),(1606,179,'嘉鱼县',0),(1607,179,'通城县',0),(1608,179,'崇阳县',0),(1609,179,'通山县',0),(1610,179,'赤壁市',0),(1611,180,'曾都区',0),(1612,180,'广水市',0),(1613,181,'恩施市',0),(1614,181,'利川市',0),(1615,181,'建始县',0),(1616,181,'巴东县',0),(1617,181,'宣恩县',0),(1618,181,'咸丰县',0),(1619,181,'来凤县',0),(1620,181,'鹤峰县',0),(1621,182,'仙桃市',0),(1622,182,'潜江市',0),(1623,182,'天门市',0),(1624,182,'神农架林区',0),(1625,183,'芙蓉区',0),(1626,183,'天心区',0),(1627,183,'岳麓区',0),(1628,183,'开福区',0),(1629,183,'雨花区',0),(1630,183,'长沙县',0),(1631,183,'望城县',0),(1632,183,'宁乡县',0),(1633,183,'浏阳市',0),(1634,184,'荷塘区',0),(1635,184,'芦淞区',0),(1636,184,'石峰区',0),(1637,184,'天元区',0),(1638,184,'株洲县',0),(1639,184,'攸县',0),(1640,184,'茶陵县',0),(1641,184,'炎陵县',0),(1642,184,'醴陵市',0),(1643,185,'雨湖区',0),(1644,185,'岳塘区',0),(1645,185,'湘潭县',0),(1646,185,'湘乡市',0),(1647,185,'韶山市',0),(1648,186,'珠晖区',0),(1649,186,'雁峰区',0),(1650,186,'石鼓区',0),(1651,186,'蒸湘区',0),(1652,186,'南岳区',0),(1653,186,'衡阳县',0),(1654,186,'衡南县',0),(1655,186,'衡山县',0),(1656,186,'衡东县',0),(1657,186,'祁东县',0),(1658,186,'耒阳市',0),(1659,186,'常宁市',0),(1660,187,'双清区',0),(1661,187,'大祥区',0),(1662,187,'北塔区',0),(1663,187,'邵东县',0),(1664,187,'新邵县',0),(1665,187,'邵阳县',0),(1666,187,'隆回县',0),(1667,187,'洞口县',0),(1668,187,'绥宁县',0),(1669,187,'新宁县',0),(1670,187,'城步苗族自治县',0),(1671,187,'武冈市',0),(1672,188,'岳阳楼区',0),(1673,188,'云溪区',0),(1674,188,'君山区',0),(1675,188,'岳阳县',0),(1676,188,'华容县',0),(1677,188,'湘阴县',0),(1678,188,'平江县',0),(1679,188,'汨罗市',0),(1680,188,'临湘市',0),(1681,189,'武陵区',0),(1682,189,'鼎城区',0),(1683,189,'安乡县',0),(1684,189,'汉寿县',0),(1685,189,'澧县',0),(1686,189,'临澧县',0),(1687,189,'桃源县',0),(1688,189,'石门县',0),(1689,189,'津市市',0),(1690,190,'永定区',0),(1691,190,'武陵源区',0),(1692,190,'慈利县',0),(1693,190,'桑植县',0),(1694,191,'资阳区',0),(1695,191,'赫山区',0),(1696,191,'南县',0),(1697,191,'桃江县',0),(1698,191,'安化县',0),(1699,191,'沅江市',0),(1700,192,'北湖区',0),(1701,192,'苏仙区',0),(1702,192,'桂阳县',0),(1703,192,'宜章县',0),(1704,192,'永兴县',0),(1705,192,'嘉禾县',0),(1706,192,'临武县',0),(1707,192,'汝城县',0),(1708,192,'桂东县',0),(1709,192,'安仁县',0),(1710,192,'资兴市',0),(1711,193,'芝山区',0),(1712,193,'冷水滩区',0),(1713,193,'祁阳县',0),(1714,193,'东安县',0),(1715,193,'双牌县',0),(1716,193,'道县',0),(1717,193,'江永县',0),(1718,193,'宁远县',0),(1719,193,'蓝山县',0),(1720,193,'新田县',0),(1721,193,'江华瑶族自治县',0),(1722,194,'鹤城区',0),(1723,194,'中方县',0),(1724,194,'沅陵县',0),(1725,194,'辰溪县',0),(1726,194,'溆浦县',0),(1727,194,'会同县',0),(1728,194,'麻阳苗族自治县',0),(1729,194,'新晃侗族自治县',0),(1730,194,'芷江侗族自治县',0),(1731,194,'靖州苗族侗族自治县',0),(1732,194,'通道侗族自治县',0),(1733,194,'洪江市',0),(1734,195,'娄星区',0),(1735,195,'双峰县',0),(1736,195,'新化县',0),(1737,195,'冷水江市',0),(1738,195,'涟源市',0),(1739,196,'吉首市',0),(1740,196,'泸溪县',0),(1741,196,'凤凰县',0),(1742,196,'花垣县',0),(1743,196,'保靖县',0),(1744,196,'古丈县',0),(1745,196,'永顺县',0),(1746,196,'龙山县',0),(1747,197,'东山区',0),(1748,197,'荔湾区',0),(1749,197,'越秀区',0),(1750,197,'海珠区',0),(1751,197,'天河区',0),(1752,197,'芳村区',0),(1753,197,'白云区',0),(1754,197,'黄埔区',0),(1755,197,'番禺区',0),(1756,197,'花都区',0),(1757,197,'增城市',0),(1759,198,'武江区',0),(1760,198,'浈江区',0),(1761,198,'曲江区',0),(1762,198,'始兴县',0),(1763,198,'仁化县',0),(1764,198,'翁源县',0),(1765,198,'乳源瑶族自治县',0),(1766,198,'新丰县',0),(1767,198,'乐昌市',0),(1768,198,'南雄市',0),(1769,199,'罗湖区',0),(1770,199,'福田区',0),(1771,199,'南山区',0),(1772,199,'宝安区',0),(1773,199,'龙岗区',0),(1774,199,'盐田区',0),(1775,200,'香洲区',0),(1776,200,'斗门区',0),(1777,200,'金湾区',0),(1778,201,'龙湖区',0),(1779,201,'金平区',0),(1780,201,'濠江区',0),(1781,201,'潮阳区',0),(1782,201,'潮南区',0),(1783,201,'澄海区',0),(1784,201,'南澳县',0),(1785,202,'禅城区',0),(1786,202,'南海区',0),(1787,202,'顺德区',0),(1788,202,'三水区',0),(1789,202,'高明区',0),(1790,203,'蓬江区',0),(1791,203,'江海区',0),(1792,203,'新会区',0),(1793,203,'台山市',0),(1794,203,'开平市',0),(1795,203,'鹤山市',0),(1796,203,'恩平市',0),(1797,204,'赤坎区',0),(1798,204,'霞山区',0),(1799,204,'坡头区',0),(1800,204,'麻章区',0),(1801,204,'遂溪县',0),(1802,204,'徐闻县',0),(1803,204,'廉江市',0),(1804,204,'雷州市',0),(1805,204,'吴川市',0),(1806,205,'茂南区',0),(1807,205,'茂港区',0),(1808,205,'电白县',0),(1809,205,'高州市',0),(1810,205,'化州市',0),(1811,205,'信宜市',0),(1812,206,'端州区',0),(1813,206,'鼎湖区',0),(1814,206,'广宁县',0),(1815,206,'怀集县',0),(1816,206,'封开县',0),(1817,206,'德庆县',0),(1818,206,'高要市',0),(1819,206,'四会市',0),(1820,207,'惠城区',0),(1821,207,'惠阳区',0),(1822,207,'博罗县',0),(1823,207,'惠东县',0),(1824,207,'龙门县',0),(1825,208,'梅江区',0),(1826,208,'梅县',0),(1827,208,'大埔县',0),(1828,208,'丰顺县',0),(1829,208,'五华县',0),(1830,208,'平远县',0),(1831,208,'蕉岭县',0),(1832,208,'兴宁市',0),(1833,209,'城区',0),(1834,209,'海丰县',0),(1835,209,'陆河县',0),(1836,209,'陆丰市',0),(1837,210,'源城区',0),(1838,210,'紫金县',0),(1839,210,'龙川县',0),(1840,210,'连平县',0),(1841,210,'和平县',0),(1842,210,'东源县',0),(1843,211,'江城区',0),(1844,211,'阳西县',0),(1845,211,'阳东县',0),(1846,211,'阳春市',0),(1847,212,'清城区',0),(1848,212,'佛冈县',0),(1849,212,'阳山县',0),(1850,212,'连山壮族瑶族自治县',0),(1851,212,'连南瑶族自治县',0),(1852,212,'清新县',0),(1853,212,'英德市',0),(1854,212,'连州市',0),(1855,215,'湘桥区',0),(1856,215,'潮安县',0),(1857,215,'饶平县',0),(1858,216,'榕城区',0),(1859,216,'揭东县',0),(1860,216,'揭西县',0),(1861,216,'惠来县',0),(1862,216,'普宁市',0),(1863,217,'云城区',0),(1864,217,'新兴县',0),(1865,217,'郁南县',0),(1866,217,'云安县',0),(1867,217,'罗定市',0),(1868,218,'兴宁区',0),(1869,218,'青秀区',0),(1870,218,'江南区',0),(1871,218,'西乡塘区',0),(1872,218,'良庆区',0),(1873,218,'邕宁区',0),(1874,218,'武鸣县',0),(1875,218,'隆安县',0),(1876,218,'马山县',0),(1877,218,'上林县',0),(1878,218,'宾阳县',0),(1879,218,'横县',0),(1880,219,'城中区',0),(1881,219,'鱼峰区',0),(1882,219,'柳南区',0),(1883,219,'柳北区',0),(1884,219,'柳江县',0),(1885,219,'柳城县',0),(1886,219,'鹿寨县',0),(1887,219,'融安县',0),(1888,219,'融水苗族自治县',0),(1889,219,'三江侗族自治县',0),(1890,220,'秀峰区',0),(1891,220,'叠彩区',0),(1892,220,'象山区',0),(1893,220,'七星区',0),(1894,220,'雁山区',0),(1895,220,'阳朔县',0),(1896,220,'临桂县',0),(1897,220,'灵川县',0),(1898,220,'全州县',0),(1899,220,'兴安县',0),(1900,220,'永福县',0),(1901,220,'灌阳县',0),(1902,220,'龙胜各族自治县',0),(1903,220,'资源县',0),(1904,220,'平乐县',0),(1905,220,'荔蒲县',0),(1906,220,'恭城瑶族自治县',0),(1907,221,'万秀区',0),(1908,221,'蝶山区',0),(1909,221,'长洲区',0),(1910,221,'苍梧县',0),(1911,221,'藤县',0),(1912,221,'蒙山县',0),(1913,221,'岑溪市',0),(1914,222,'海城区',0),(1915,222,'银海区',0),(1916,222,'铁山港区',0),(1917,222,'合浦县',0),(1918,223,'港口区',0),(1919,223,'防城区',0),(1920,223,'上思县',0),(1921,223,'东兴市',0),(1922,224,'钦南区',0),(1923,224,'钦北区',0),(1924,224,'灵山县',0),(1925,224,'浦北县',0),(1926,225,'港北区',0),(1927,225,'港南区',0),(1928,225,'覃塘区',0),(1929,225,'平南县',0),(1930,225,'桂平市',0),(1931,226,'玉州区',0),(1932,226,'容县',0),(1933,226,'陆川县',0),(1934,226,'博白县',0),(1935,226,'兴业县',0),(1936,226,'北流市',0),(1937,227,'右江区',0),(1938,227,'田阳县',0),(1939,227,'田东县',0),(1940,227,'平果县',0),(1941,227,'德保县',0),(1942,227,'靖西县',0),(1943,227,'那坡县',0),(1944,227,'凌云县',0),(1945,227,'乐业县',0),(1946,227,'田林县',0),(1947,227,'西林县',0),(1948,227,'隆林各族自治县',0),(1949,228,'八步区',0),(1950,228,'昭平县',0),(1951,228,'钟山县',0),(1952,228,'富川瑶族自治县',0),(1953,229,'金城江区',0),(1954,229,'南丹县',0),(1955,229,'天峨县',0),(1956,229,'凤山县',0),(1957,229,'东兰县',0),(1958,229,'罗城仫佬族自治县',0),(1959,229,'环江毛南族自治县',0),(1960,229,'巴马瑶族自治县',0),(1961,229,'都安瑶族自治县',0),(1962,229,'大化瑶族自治县',0),(1963,229,'宜州市',0),(1964,230,'兴宾区',0),(1965,230,'忻城县',0),(1966,230,'象州县',0),(1967,230,'武宣县',0),(1968,230,'金秀瑶族自治县',0),(1969,230,'合山市',0),(1970,231,'江洲区',0),(1971,231,'扶绥县',0),(1972,231,'宁明县',0),(1973,231,'龙州县',0),(1974,231,'大新县',0),(1975,231,'天等县',0),(1976,231,'凭祥市',0),(1977,232,'秀英区',0),(1978,232,'龙华区',0),(1979,232,'琼山区',0),(1980,232,'美兰区',0),(1981,233,'五指山市',0),(1982,233,'琼海市',0),(1983,233,'儋州市',0),(1984,233,'文昌市',0),(1985,233,'万宁市',0),(1986,233,'东方市',0),(1987,233,'定安县',0),(1988,233,'屯昌县',0),(1989,233,'澄迈县',0),(1990,233,'临高县',0),(1991,233,'白沙黎族自治县',0),(1992,233,'昌江黎族自治县',0),(1993,233,'乐东黎族自治县',0),(1994,233,'陵水黎族自治县',0),(1995,233,'保亭黎族苗族自治县',0),(1996,233,'琼中黎族苗族自治县',0),(1997,233,'西沙群岛',0),(1998,233,'南沙群岛',0),(1999,233,'中沙群岛的岛礁及其海域',0),(2000,234,'万州区',0),(2001,234,'涪陵区',0),(2002,234,'渝中区',0),(2003,234,'大渡口区',0),(2004,234,'江北区',0),(2005,234,'沙坪坝区',0),(2006,234,'九龙坡区',0),(2007,234,'南岸区',0),(2008,234,'北碚区',0),(2009,234,'万盛区',0),(2010,234,'双桥区',0),(2011,234,'渝北区',0),(2012,234,'巴南区',0),(2013,234,'黔江区',0),(2014,234,'长寿区',0),(2015,234,'綦江县',0),(2016,234,'潼南县',0),(2017,234,'铜梁县',0),(2018,234,'大足县',0),(2019,234,'荣昌县',0),(2020,234,'璧山县',0),(2021,234,'梁平县',0),(2022,234,'城口县',0),(2023,234,'丰都县',0),(2024,234,'垫江县',0),(2025,234,'武隆县',0),(2026,234,'忠县',0),(2027,234,'开县',0),(2028,234,'云阳县',0),(2029,234,'奉节县',0),(2030,234,'巫山县',0),(2031,234,'巫溪县',0),(2032,234,'石柱土家族自治县',0),(2033,234,'秀山土家族苗族自治县',0),(2034,234,'酉阳土家族苗族自治县',0),(2035,234,'彭水苗族土家族自治县',0),(2036,234,'江津市',0),(2037,234,'合川市',0),(2038,234,'永川市',0),(2039,234,'南川市',0),(2040,235,'锦江区',0),(2041,235,'青羊区',0),(2042,235,'金牛区',0),(2043,235,'武侯区',0),(2044,235,'成华区',0),(2045,235,'龙泉驿区',0),(2046,235,'青白江区',0),(2047,235,'新都区',0),(2048,235,'温江区',0),(2049,235,'金堂县',0),(2050,235,'双流县',0),(2051,235,'郫县',0),(2052,235,'大邑县',0),(2053,235,'蒲江县',0),(2054,235,'新津县',0),(2055,235,'都江堰市',0),(2056,235,'彭州市',0),(2057,235,'邛崃市',0),(2058,235,'崇州市',0),(2059,236,'自流井区',0),(2060,236,'贡井区',0),(2061,236,'大安区',0),(2062,236,'沿滩区',0),(2063,236,'荣县',0),(2064,236,'富顺县',0),(2065,237,'东区',0),(2066,237,'西区',0),(2067,237,'仁和区',0),(2068,237,'米易县',0),(2069,237,'盐边县',0),(2070,238,'江阳区',0),(2071,238,'纳溪区',0),(2072,238,'龙马潭区',0),(2073,238,'泸县',0),(2074,238,'合江县',0),(2075,238,'叙永县',0),(2076,238,'古蔺县',0),(2077,239,'旌阳区',0),(2078,239,'中江县',0),(2079,239,'罗江县',0),(2080,239,'广汉市',0),(2081,239,'什邡市',0),(2082,239,'绵竹市',0),(2083,240,'涪城区',0),(2084,240,'游仙区',0),(2085,240,'三台县',0),(2086,240,'盐亭县',0),(2087,240,'安县',0),(2088,240,'梓潼县',0),(2089,240,'北川羌族自治县',0),(2090,240,'平武县',0),(2091,240,'江油市',0),(2092,241,'市中区',0),(2093,241,'元坝区',0),(2094,241,'朝天区',0),(2095,241,'旺苍县',0),(2096,241,'青川县',0),(2097,241,'剑阁县',0),(2098,241,'苍溪县',0),(2099,242,'船山区',0),(2100,242,'安居区',0),(2101,242,'蓬溪县',0),(2102,242,'射洪县',0),(2103,242,'大英县',0),(2104,243,'市中区',0),(2105,243,'东兴区',0),(2106,243,'威远县',0),(2107,243,'资中县',0),(2108,243,'隆昌县',0),(2109,244,'市中区',0),(2110,244,'沙湾区',0),(2111,244,'五通桥区',0),(2112,244,'金口河区',0),(2113,244,'犍为县',0),(2114,244,'井研县',0),(2115,244,'夹江县',0),(2116,244,'沐川县',0),(2117,244,'峨边彝族自治县',0),(2118,244,'马边彝族自治县',0),(2119,244,'峨眉山市',0),(2120,245,'顺庆区',0),(2121,245,'高坪区',0),(2122,245,'嘉陵区',0),(2123,245,'南部县',0),(2124,245,'营山县',0),(2125,245,'蓬安县',0),(2126,245,'仪陇县',0),(2127,245,'西充县',0),(2128,245,'阆中市',0),(2129,246,'东坡区',0),(2130,246,'仁寿县',0),(2131,246,'彭山县',0),(2132,246,'洪雅县',0),(2133,246,'丹棱县',0),(2134,246,'青神县',0),(2135,247,'翠屏区',0),(2136,247,'宜宾县',0),(2137,247,'南溪县',0),(2138,247,'江安县',0),(2139,247,'长宁县',0),(2140,247,'高县',0),(2141,247,'珙县',0),(2142,247,'筠连县',0),(2143,247,'兴文县',0),(2144,247,'屏山县',0),(2145,248,'广安区',0),(2146,248,'岳池县',0),(2147,248,'武胜县',0),(2148,248,'邻水县',0),(2149,248,'华蓥市',0),(2150,249,'通川区',0),(2151,249,'达县',0),(2152,249,'宣汉县',0),(2153,249,'开江县',0),(2154,249,'大竹县',0),(2155,249,'渠县',0),(2156,249,'万源市',0),(2157,250,'雨城区',0),(2158,250,'名山县',0),(2159,250,'荥经县',0),(2160,250,'汉源县',0),(2161,250,'石棉县',0),(2162,250,'天全县',0),(2163,250,'芦山县',0),(2164,250,'宝兴县',0),(2165,251,'巴州区',0),(2166,251,'通江县',0),(2167,251,'南江县',0),(2168,251,'平昌县',0),(2169,252,'雁江区',0),(2170,252,'安岳县',0),(2171,252,'乐至县',0),(2172,252,'简阳市',0),(2173,253,'汶川县',0),(2174,253,'理县',0),(2175,253,'茂县',0),(2176,253,'松潘县',0),(2177,253,'九寨沟县',0),(2178,253,'金川县',0),(2179,253,'小金县',0),(2180,253,'黑水县',0),(2181,253,'马尔康县',0),(2182,253,'壤塘县',0),(2183,253,'阿坝县',0),(2184,253,'若尔盖县',0),(2185,253,'红原县',0),(2186,254,'康定县',0),(2187,254,'泸定县',0),(2188,254,'丹巴县',0),(2189,254,'九龙县',0),(2190,254,'雅江县',0),(2191,254,'道孚县',0),(2192,254,'炉霍县',0),(2193,254,'甘孜县',0),(2194,254,'新龙县',0),(2195,254,'德格县',0),(2196,254,'白玉县',0),(2197,254,'石渠县',0),(2198,254,'色达县',0),(2199,254,'理塘县',0),(2200,254,'巴塘县',0),(2201,254,'乡城县',0),(2202,254,'稻城县',0),(2203,254,'得荣县',0),(2204,255,'西昌市',0),(2205,255,'木里藏族自治县',0),(2206,255,'盐源县',0),(2207,255,'德昌县',0),(2208,255,'会理县',0),(2209,255,'会东县',0),(2210,255,'宁南县',0),(2211,255,'普格县',0),(2212,255,'布拖县',0),(2213,255,'金阳县',0),(2214,255,'昭觉县',0),(2215,255,'喜德县',0),(2216,255,'冕宁县',0),(2217,255,'越西县',0),(2218,255,'甘洛县',0),(2219,255,'美姑县',0),(2220,255,'雷波县',0),(2221,256,'南明区',0),(2222,256,'云岩区',0),(2223,256,'花溪区',0),(2224,256,'乌当区',0),(2225,256,'白云区',0),(2226,256,'小河区',0),(2227,256,'开阳县',0),(2228,256,'息烽县',0),(2229,256,'修文县',0),(2230,256,'清镇市',0),(2231,257,'钟山区',0),(2232,257,'六枝特区',0),(2233,257,'水城县',0),(2234,257,'盘县',0),(2235,258,'红花岗区',0),(2236,258,'汇川区',0),(2237,258,'遵义县',0),(2238,258,'桐梓县',0),(2239,258,'绥阳县',0),(2240,258,'正安县',0),(2241,258,'道真仡佬族苗族自治县',0),(2242,258,'务川仡佬族苗族自治县',0),(2243,258,'凤冈县',0),(2244,258,'湄潭县',0),(2245,258,'余庆县',0),(2246,258,'习水县',0),(2247,258,'赤水市',0),(2248,258,'仁怀市',0),(2249,259,'西秀区',0),(2250,259,'平坝县',0),(2251,259,'普定县',0),(2252,259,'镇宁布依族苗族自治县',0),(2253,259,'关岭布依族苗族自治县',0),(2254,259,'紫云苗族布依族自治县',0),(2255,260,'铜仁市',0),(2256,260,'江口县',0),(2257,260,'玉屏侗族自治县',0),(2258,260,'石阡县',0),(2259,260,'思南县',0),(2260,260,'印江土家族苗族自治县',0),(2261,260,'德江县',0),(2262,260,'沿河土家族自治县',0),(2263,260,'松桃苗族自治县',0),(2264,260,'万山特区',0),(2265,261,'兴义市',0),(2266,261,'兴仁县',0),(2267,261,'普安县',0),(2268,261,'晴隆县',0),(2269,261,'贞丰县',0),(2270,261,'望谟县',0),(2271,261,'册亨县',0),(2272,261,'安龙县',0),(2273,262,'毕节市',0),(2274,262,'大方县',0),(2275,262,'黔西县',0),(2276,262,'金沙县',0),(2277,262,'织金县',0),(2278,262,'纳雍县',0),(2279,262,'威宁彝族回族苗族自治县',0),(2280,262,'赫章县',0),(2281,263,'凯里市',0),(2282,263,'黄平县',0),(2283,263,'施秉县',0),(2284,263,'三穗县',0),(2285,263,'镇远县',0),(2286,263,'岑巩县',0),(2287,263,'天柱县',0),(2288,263,'锦屏县',0),(2289,263,'剑河县',0),(2290,263,'台江县',0),(2291,263,'黎平县',0),(2292,263,'榕江县',0),(2293,263,'从江县',0),(2294,263,'雷山县',0),(2295,263,'麻江县',0),(2296,263,'丹寨县',0),(2297,264,'都匀市',0),(2298,264,'福泉市',0),(2299,264,'荔波县',0),(2300,264,'贵定县',0),(2301,264,'瓮安县',0),(2302,264,'独山县',0),(2303,264,'平塘县',0),(2304,264,'罗甸县',0),(2305,264,'长顺县',0),(2306,264,'龙里县',0),(2307,264,'惠水县',0),(2308,264,'三都水族自治县',0),(2309,265,'五华区',0),(2310,265,'盘龙区',0),(2311,265,'官渡区',0),(2312,265,'西山区',0),(2313,265,'东川区',0),(2314,265,'呈贡县',0),(2315,265,'晋宁县',0),(2316,265,'富民县',0),(2317,265,'宜良县',0),(2318,265,'石林彝族自治县',0),(2319,265,'嵩明县',0),(2320,265,'禄劝彝族苗族自治县',0),(2321,265,'寻甸回族彝族自治县',0),(2322,265,'安宁市',0),(2323,266,'麒麟区',0),(2324,266,'马龙县',0),(2325,266,'陆良县',0),(2326,266,'师宗县',0),(2327,266,'罗平县',0),(2328,266,'富源县',0),(2329,266,'会泽县',0),(2330,266,'沾益县',0),(2331,266,'宣威市',0),(2332,267,'红塔区',0),(2333,267,'江川县',0),(2334,267,'澄江县',0),(2335,267,'通海县',0),(2336,267,'华宁县',0),(2337,267,'易门县',0),(2338,267,'峨山彝族自治县',0),(2339,267,'新平彝族傣族自治县',0),(2340,267,'元江哈尼族彝族傣族自治县',0),(2341,268,'隆阳区',0),(2342,268,'施甸县',0),(2343,268,'腾冲县',0),(2344,268,'龙陵县',0),(2345,268,'昌宁县',0),(2346,269,'昭阳区',0),(2347,269,'鲁甸县',0),(2348,269,'巧家县',0),(2349,269,'盐津县',0),(2350,269,'大关县',0),(2351,269,'永善县',0),(2352,269,'绥江县',0),(2353,269,'镇雄县',0),(2354,269,'彝良县',0),(2355,269,'威信县',0),(2356,269,'水富县',0),(2357,270,'古城区',0),(2358,270,'玉龙纳西族自治县',0),(2359,270,'永胜县',0),(2360,270,'华坪县',0),(2361,270,'宁蒗彝族自治县',0),(2362,271,'翠云区',0),(2363,271,'普洱哈尼族彝族自治县',0),(2364,271,'墨江哈尼族自治县',0),(2365,271,'景东彝族自治县',0),(2366,271,'景谷傣族彝族自治县',0),(2367,271,'镇沅彝族哈尼族拉祜族自治县',0),(2368,271,'江城哈尼族彝族自治县',0),(2369,271,'孟连傣族拉祜族佤族自治县',0),(2370,271,'澜沧拉祜族自治县',0),(2371,271,'西盟佤族自治县',0),(2372,272,'临翔区',0),(2373,272,'凤庆县',0),(2374,272,'云县',0),(2375,272,'永德县',0),(2376,272,'镇康县',0),(2377,272,'双江拉祜族佤族布朗族傣族自治县',0),(2378,272,'耿马傣族佤族自治县',0),(2379,272,'沧源佤族自治县',0),(2380,273,'楚雄市',0),(2381,273,'双柏县',0),(2382,273,'牟定县',0),(2383,273,'南华县',0),(2384,273,'姚安县',0),(2385,273,'大姚县',0),(2386,273,'永仁县',0),(2387,273,'元谋县',0),(2388,273,'武定县',0),(2389,273,'禄丰县',0),(2390,274,'个旧市',0),(2391,274,'开远市',0),(2392,274,'蒙自县',0),(2393,274,'屏边苗族自治县',0),(2394,274,'建水县',0),(2395,274,'石屏县',0),(2396,274,'弥勒县',0),(2397,274,'泸西县',0),(2398,274,'元阳县',0),(2399,274,'红河县',0),(2400,274,'金平苗族瑶族傣族自治县',0),(2401,274,'绿春县',0),(2402,274,'河口瑶族自治县',0),(2403,275,'文山县',0),(2404,275,'砚山县',0),(2405,275,'西畴县',0),(2406,275,'麻栗坡县',0),(2407,275,'马关县',0),(2408,275,'丘北县',0),(2409,275,'广南县',0),(2410,275,'富宁县',0),(2411,276,'景洪市',0),(2412,276,'勐海县',0),(2413,276,'勐腊县',0),(2414,277,'大理市',0),(2415,277,'漾濞彝族自治县',0),(2416,277,'祥云县',0),(2417,277,'宾川县',0),(2418,277,'弥渡县',0),(2419,277,'南涧彝族自治县',0),(2420,277,'巍山彝族回族自治县',0),(2421,277,'永平县',0),(2422,277,'云龙县',0),(2423,277,'洱源县',0),(2424,277,'剑川县',0),(2425,277,'鹤庆县',0),(2426,278,'瑞丽市',0),(2427,278,'潞西市',0),(2428,278,'梁河县',0),(2429,278,'盈江县',0),(2430,278,'陇川县',0),(2431,279,'泸水县',0),(2432,279,'福贡县',0),(2433,279,'贡山独龙族怒族自治县',0),(2434,279,'兰坪白族普米族自治县',0),(2435,280,'香格里拉县',0),(2436,280,'德钦县',0),(2437,280,'维西傈僳族自治县',0),(2438,281,'城关区',0),(2439,281,'林周县',0),(2440,281,'当雄县',0),(2441,281,'尼木县',0),(2442,281,'曲水县',0),(2443,281,'堆龙德庆县',0),(2444,281,'达孜县',0),(2445,281,'墨竹工卡县',0),(2446,282,'昌都县',0),(2447,282,'江达县',0),(2448,282,'贡觉县',0),(2449,282,'类乌齐县',0),(2450,282,'丁青县',0),(2451,282,'察雅县',0),(2452,282,'八宿县',0),(2453,282,'左贡县',0),(2454,282,'芒康县',0),(2455,282,'洛隆县',0),(2456,282,'边坝县',0),(2457,283,'乃东县',0),(2458,283,'扎囊县',0),(2459,283,'贡嘎县',0),(2460,283,'桑日县',0),(2461,283,'琼结县',0),(2462,283,'曲松县',0),(2463,283,'措美县',0),(2464,283,'洛扎县',0),(2465,283,'加查县',0),(2466,283,'隆子县',0),(2467,283,'错那县',0),(2468,283,'浪卡子县',0),(2469,284,'日喀则市',0),(2470,284,'南木林县',0),(2471,284,'江孜县',0),(2472,284,'定日县',0),(2473,284,'萨迦县',0),(2474,284,'拉孜县',0),(2475,284,'昂仁县',0),(2476,284,'谢通门县',0),(2477,284,'白朗县',0),(2478,284,'仁布县',0),(2479,284,'康马县',0),(2480,284,'定结县',0),(2481,284,'仲巴县',0),(2482,284,'亚东县',0),(2483,284,'吉隆县',0),(2484,284,'聂拉木县',0),(2485,284,'萨嘎县',0),(2486,284,'岗巴县',0),(2487,285,'那曲县',0),(2488,285,'嘉黎县',0),(2489,285,'比如县',0),(2490,285,'聂荣县',0),(2491,285,'安多县',0),(2492,285,'申扎县',0),(2493,285,'索县',0),(2494,285,'班戈县',0),(2495,285,'巴青县',0),(2496,285,'尼玛县',0),(2497,286,'普兰县',0),(2498,286,'札达县',0),(2499,286,'噶尔县',0),(2500,286,'日土县',0),(2501,286,'革吉县',0),(2502,286,'改则县',0),(2503,286,'措勤县',0),(2504,287,'林芝县',0),(2505,287,'工布江达县',0),(2506,287,'米林县',0),(2507,287,'墨脱县',0),(2508,287,'波密县',0),(2509,287,'察隅县',0),(2510,287,'朗县',0),(2511,288,'新城区',0),(2512,288,'碑林区',0),(2513,288,'莲湖区',0),(2514,288,'灞桥区',0),(2515,288,'未央区',0),(2516,288,'雁塔区',0),(2517,288,'阎良区',0),(2518,288,'临潼区',0),(2519,288,'长安区',0),(2520,288,'蓝田县',0),(2521,288,'周至县',0),(2522,288,'户县',0),(2523,288,'高陵县',0),(2524,289,'王益区',0),(2525,289,'印台区',0),(2526,289,'耀州区',0),(2527,289,'宜君县',0),(2528,290,'渭滨区',0),(2529,290,'金台区',0),(2530,290,'陈仓区',0),(2531,290,'凤翔县',0),(2532,290,'岐山县',0),(2533,290,'扶风县',0),(2534,290,'眉县',0),(2535,290,'陇县',0),(2536,290,'千阳县',0),(2537,290,'麟游县',0),(2538,290,'凤县',0),(2539,290,'太白县',0),(2540,291,'秦都区',0),(2541,291,'杨凌区',0),(2542,291,'渭城区',0),(2543,291,'三原县',0),(2544,291,'泾阳县',0),(2545,291,'乾县',0),(2546,291,'礼泉县',0),(2547,291,'永寿县',0),(2548,291,'彬县',0),(2549,291,'长武县',0),(2550,291,'旬邑县',0),(2551,291,'淳化县',0),(2552,291,'武功县',0),(2553,291,'兴平市',0),(2554,292,'临渭区',0),(2555,292,'华县',0),(2556,292,'潼关县',0),(2557,292,'大荔县',0),(2558,292,'合阳县',0),(2559,292,'澄城县',0),(2560,292,'蒲城县',0),(2561,292,'白水县',0),(2562,292,'富平县',0),(2563,292,'韩城市',0),(2564,292,'华阴市',0),(2565,293,'宝塔区',0),(2566,293,'延长县',0),(2567,293,'延川县',0),(2568,293,'子长县',0),(2569,293,'安塞县',0),(2570,293,'志丹县',0),(2571,293,'吴旗县',0),(2572,293,'甘泉县',0),(2573,293,'富县',0),(2574,293,'洛川县',0),(2575,293,'宜川县',0),(2576,293,'黄龙县',0),(2577,293,'黄陵县',0),(2578,294,'汉台区',0),(2579,294,'南郑县',0),(2580,294,'城固县',0),(2581,294,'洋县',0),(2582,294,'西乡县',0),(2583,294,'勉县',0),(2584,294,'宁强县',0),(2585,294,'略阳县',0),(2586,294,'镇巴县',0),(2587,294,'留坝县',0),(2588,294,'佛坪县',0),(2589,295,'榆阳区',0),(2590,295,'神木县',0),(2591,295,'府谷县',0),(2592,295,'横山县',0),(2593,295,'靖边县',0),(2594,295,'定边县',0),(2595,295,'绥德县',0),(2596,295,'米脂县',0),(2597,295,'佳县',0),(2598,295,'吴堡县',0),(2599,295,'清涧县',0),(2600,295,'子洲县',0),(2601,296,'汉滨区',0),(2602,296,'汉阴县',0),(2603,296,'石泉县',0),(2604,296,'宁陕县',0),(2605,296,'紫阳县',0),(2606,296,'岚皋县',0),(2607,296,'平利县',0),(2608,296,'镇坪县',0),(2609,296,'旬阳县',0),(2610,296,'白河县',0),(2611,297,'商州区',0),(2612,297,'洛南县',0),(2613,297,'丹凤县',0),(2614,297,'商南县',0),(2615,297,'山阳县',0),(2616,297,'镇安县',0),(2617,297,'柞水县',0),(2618,298,'城关区',0),(2619,298,'七里河区',0),(2620,298,'西固区',0),(2621,298,'安宁区',0),(2622,298,'红古区',0),(2623,298,'永登县',0),(2624,298,'皋兰县',0),(2625,298,'榆中县',0),(2626,300,'金川区',0),(2627,300,'永昌县',0),(2628,301,'白银区',0),(2629,301,'平川区',0),(2630,301,'靖远县',0),(2631,301,'会宁县',0),(2632,301,'景泰县',0),(2633,302,'秦城区',0),(2634,302,'北道区',0),(2635,302,'清水县',0),(2636,302,'秦安县',0),(2637,302,'甘谷县',0),(2638,302,'武山县',0),(2639,302,'张家川回族自治县',0),(2640,303,'凉州区',0),(2641,303,'民勤县',0),(2642,303,'古浪县',0),(2643,303,'天祝藏族自治县',0),(2644,304,'甘州区',0),(2645,304,'肃南裕固族自治县',0),(2646,304,'民乐县',0),(2647,304,'临泽县',0),(2648,304,'高台县',0),(2649,304,'山丹县',0),(2650,305,'崆峒区',0),(2651,305,'泾川县',0),(2652,305,'灵台县',0),(2653,305,'崇信县',0),(2654,305,'华亭县',0),(2655,305,'庄浪县',0),(2656,305,'静宁县',0),(2657,306,'肃州区',0),(2658,306,'金塔县',0),(2659,306,'安西县',0),(2660,306,'肃北蒙古族自治县',0),(2661,306,'阿克塞哈萨克族自治县',0),(2662,306,'玉门市',0),(2663,306,'敦煌市',0),(2664,307,'西峰区',0),(2665,307,'庆城县',0),(2666,307,'环县',0),(2667,307,'华池县',0),(2668,307,'合水县',0),(2669,307,'正宁县',0),(2670,307,'宁县',0),(2671,307,'镇原县',0),(2672,308,'安定区',0),(2673,308,'通渭县',0),(2674,308,'陇西县',0),(2675,308,'渭源县',0),(2676,308,'临洮县',0),(2677,308,'漳县',0),(2678,308,'岷县',0),(2679,309,'武都区',0),(2680,309,'成县',0),(2681,309,'文县',0),(2682,309,'宕昌县',0),(2683,309,'康县',0),(2684,309,'西和县',0),(2685,309,'礼县',0),(2686,309,'徽县',0),(2687,309,'两当县',0),(2688,310,'临夏市',0),(2689,310,'临夏县',0),(2690,310,'康乐县',0),(2691,310,'永靖县',0),(2692,310,'广河县',0),(2693,310,'和政县',0),(2694,310,'东乡族自治县',0),(2695,310,'积石山保安族东乡族撒拉族自治县',0),(2696,311,'合作市',0),(2697,311,'临潭县',0),(2698,311,'卓尼县',0),(2699,311,'舟曲县',0),(2700,311,'迭部县',0),(2701,311,'玛曲县',0),(2702,311,'碌曲县',0),(2703,311,'夏河县',0),(2704,312,'城东区',0),(2705,312,'城中区',0),(2706,312,'城西区',0),(2707,312,'城北区',0),(2708,312,'大通回族土族自治县',0),(2709,312,'湟中县',0),(2710,312,'湟源县',0),(2711,313,'平安县',0),(2712,313,'民和回族土族自治县',0),(2713,313,'乐都县',0),(2714,313,'互助土族自治县',0),(2715,313,'化隆回族自治县',0),(2716,313,'循化撒拉族自治县',0),(2717,314,'门源回族自治县',0),(2718,314,'祁连县',0),(2719,314,'海晏县',0),(2720,314,'刚察县',0),(2721,315,'同仁县',0),(2722,315,'尖扎县',0),(2723,315,'泽库县',0),(2724,315,'河南蒙古族自治县',0),(2725,316,'共和县',0),(2726,316,'同德县',0),(2727,316,'贵德县',0),(2728,316,'兴海县',0),(2729,316,'贵南县',0),(2730,317,'玛沁县',0),(2731,317,'班玛县',0),(2732,317,'甘德县',0),(2733,317,'达日县',0),(2734,317,'久治县',0),(2735,317,'玛多县',0),(2736,318,'玉树县',0),(2737,318,'杂多县',0),(2738,318,'称多县',0),(2739,318,'治多县',0),(2740,318,'囊谦县',0),(2741,318,'曲麻莱县',0),(2742,319,'格尔木市',0),(2743,319,'德令哈市',0),(2744,319,'乌兰县',0),(2745,319,'都兰县',0),(2746,319,'天峻县',0),(2747,320,'兴庆区',0),(2748,320,'西夏区',0),(2749,320,'金凤区',0),(2750,320,'永宁县',0),(2751,320,'贺兰县',0),(2752,320,'灵武市',0),(2753,321,'大武口区',0),(2754,321,'惠农区',0),(2755,321,'平罗县',0),(2756,322,'利通区',0),(2757,322,'盐池县',0),(2758,322,'同心县',0),(2759,322,'青铜峡市',0),(2760,323,'原州区',0),(2761,323,'西吉县',0),(2762,323,'隆德县',0),(2763,323,'泾源县',0),(2764,323,'彭阳县',0),(2765,324,'沙坡头区',0),(2766,324,'中宁县',0),(2767,324,'海原县',0),(2768,325,'天山区',0),(2769,325,'沙依巴克区',0),(2770,325,'新市区',0),(2771,325,'水磨沟区',0),(2772,325,'头屯河区',0),(2773,325,'达坂城区',0),(2774,325,'东山区',0),(2775,325,'乌鲁木齐县',0),(2776,326,'独山子区',0),(2777,326,'克拉玛依区',0),(2778,326,'白碱滩区',0),(2779,326,'乌尔禾区',0),(2780,327,'吐鲁番市',0),(2781,327,'鄯善县',0),(2782,327,'托克逊县',0),(2783,328,'哈密市',0),(2784,328,'巴里坤哈萨克自治县',0),(2785,328,'伊吾县',0),(2786,329,'昌吉市',0),(2787,329,'阜康市',0),(2788,329,'米泉市',0),(2789,329,'呼图壁县',0),(2790,329,'玛纳斯县',0),(2791,329,'奇台县',0),(2792,329,'吉木萨尔县',0),(2793,329,'木垒哈萨克自治县',0),(2794,330,'博乐市',0),(2795,330,'精河县',0),(2796,330,'温泉县',0),(2797,331,'库尔勒市',0),(2798,331,'轮台县',0),(2799,331,'尉犁县',0),(2800,331,'若羌县',0),(2801,331,'且末县',0),(2802,331,'焉耆回族自治县',0),(2803,331,'和静县',0),(2804,331,'和硕县',0),(2805,331,'博湖县',0),(2806,332,'阿克苏市',0),(2807,332,'温宿县',0),(2808,332,'库车县',0),(2809,332,'沙雅县',0),(2810,332,'新和县',0),(2811,332,'拜城县',0),(2812,332,'乌什县',0),(2813,332,'阿瓦提县',0),(2814,332,'柯坪县',0),(2815,333,'阿图什市',0),(2816,333,'阿克陶县',0),(2817,333,'阿合奇县',0),(2818,333,'乌恰县',0),(2819,334,'喀什市',0),(2820,334,'疏附县',0),(2821,334,'疏勒县',0),(2822,334,'英吉沙县',0),(2823,334,'泽普县',0),(2824,334,'莎车县',0),(2825,334,'叶城县',0),(2826,334,'麦盖提县',0),(2827,334,'岳普湖县',0),(2828,334,'伽师县',0),(2829,334,'巴楚县',0),(2830,334,'塔什库尔干塔吉克自治县',0),(2831,335,'和田市',0),(2832,335,'和田县',0),(2833,335,'墨玉县',0),(2834,335,'皮山县',0),(2835,335,'洛浦县',0),(2836,335,'策勒县',0),(2837,335,'于田县',0),(2838,335,'民丰县',0),(2839,336,'伊宁市',0),(2840,336,'奎屯市',0),(2841,336,'伊宁县',0),(2842,336,'察布查尔锡伯自治县',0),(2843,336,'霍城县',0),(2844,336,'巩留县',0),(2845,336,'新源县',0),(2846,336,'昭苏县',0),(2847,336,'特克斯县',0),(2848,336,'尼勒克县',0),(2849,337,'塔城市',0),(2850,337,'乌苏市',0),(2851,337,'额敏县',0),(2852,337,'沙湾县',0),(2853,337,'托里县',0),(2854,337,'裕民县',0),(2855,337,'和布克赛尔蒙古自治县',0),(2856,338,'阿勒泰市',0),(2857,338,'布尔津县',0),(2858,338,'富蕴县',0),(2859,338,'福海县',0),(2860,338,'哈巴河县',0),(2861,338,'青河县',0),(2862,338,'吉木乃县',0),(2867,352,'宛平县',1),(2868,352,'111111',5),(2869,345,'台北',2),(2870,346,'所有',0);
/*!40000 ALTER TABLE `sys_district` ENABLE KEYS */;
UNLOCK TABLES;

--
-- Table structure for table `sys_province`
--

DROP TABLE IF EXISTS `sys_province`;
/*!40101 SET @saved_cs_client     = @@character_set_client */;
/*!40101 SET character_set_client = utf8 */;
CREATE TABLE `sys_province` (
  `id` int(11) NOT NULL AUTO_INCREMENT,
  `sys_area_id` tinyint(4) NOT NULL DEFAULT '0',
  `name` varchar(255) NOT NULL DEFAULT '',
  `order` int(10) NOT NULL DEFAULT '0',
  PRIMARY KEY (`id`)
) ENGINE=InnoDB AUTO_INCREMENT=36 DEFAULT CHARSET=utf8 AVG_ROW_LENGTH=481;
/*!40101 SET character_set_client = @saved_cs_client */;

--
-- Dumping data for table `sys_province`
--

LOCK TABLES `sys_province` WRITE;
/*!40000 ALTER TABLE `sys_province` DISABLE KEYS */;
INSERT INTO `sys_province` VALUES (1,2,'北京市',1),(2,2,'天津市',0),(3,2,'河北省',0),(4,2,'山西省',0),(5,2,'内蒙古自治区',0),(6,5,'辽宁省',0),(7,5,'吉林省',0),(8,5,'黑龙江省',0),(9,1,'上海市',0),(10,1,'江苏省',0),(11,1,'浙江省',0),(12,1,'安徽省',0),(13,3,'福建省',0),(14,1,'江西省',0),(15,2,'山东省',0),(16,4,'河南省',0),(17,4,'湖北省',0),(18,4,'湖南省',0),(19,3,'广东省',0),(20,3,'广西壮族自治区',0),(21,3,'海南省',0),(22,7,'重庆市',0),(23,7,'四川省',0),(24,7,'贵州省',0),(25,7,'云南省',0),(26,7,'西藏自治区',0),(27,6,'陕西省',0),(28,6,'甘肃省',0),(29,6,'青海省',0),(30,6,'宁夏回族自治区',0),(31,6,'新疆维吾尔自治区',0),(32,8,'香港特别行政区',0),(33,8,'澳门特别行政区',0),(34,8,'台湾省',0),(35,0,'全国',0);
/*!40000 ALTER TABLE `sys_province` ENABLE KEYS */;
UNLOCK TABLES;

--
-- Table structure for table `sys_setting`
--

DROP TABLE IF EXISTS `sys_setting`;
/*!40101 SET @saved_cs_client     = @@character_set_client */;
/*!40101 SET character_set_client = utf8 */;
CREATE TABLE `sys_setting` (
  `id` int(11) NOT NULL AUTO_INCREMENT,
  `open_reg` tinyint(1) NOT NULL DEFAULT '1' COMMENT '开启注册，0关闭1开启',
  `reg_method` varchar(30) NOT NULL DEFAULT 'username' COMMENT '注册方式，username普通phone手机',
  `password_min` int(3) NOT NULL DEFAULT '6' COMMENT '密码最小长度',
  `password_encrypt` varchar(100) NOT NULL DEFAULT '' COMMENT '强制密码复杂度',
  `upload_method` varchar(10) NOT NULL COMMENT '上传方式',
  `upload_config` text COMMENT '上传配置',
  `api_safe` tinyint(1) NOT NULL DEFAULT '0' COMMENT '是否开启API安全，0否1是',
  `api_secret` varchar(255) NOT NULL COMMENT 'api秘钥',
  `close_order_minute` int(11) NOT NULL DEFAULT '30' COMMENT '自动取消订单，分钟',
  `auto_received_day` int(11) NOT NULL DEFAULT '7' COMMENT '自动收货时间，天',
  `after_sale_day` int(11) NOT NULL DEFAULT '7' COMMENT '允许申请售后，天',
  `alipay` text NOT NULL COMMENT '支付宝支付配置',
  `wxpay` text NOT NULL COMMENT '微信支付配置',
  `ship` text NOT NULL COMMENT '物流相关配置',
  PRIMARY KEY (`id`)
) ENGINE=InnoDB AUTO_INCREMENT=2 DEFAULT CHARSET=utf8;
/*!40101 SET character_set_client = @saved_cs_client */;

--
-- Dumping data for table `sys_setting`
--

LOCK TABLES `sys_setting` WRITE;
/*!40000 ALTER TABLE `sys_setting` DISABLE KEYS */;
INSERT INTO `sys_setting` VALUES (1,1,'username',2,'0,3','oss','{\"Bucket\":\"11\",\"ACCESS_KEY\":\"2\",\"SECRET_KEY\":\"3\",\"http\":\"4\"}',0,'123456789',220,21,23,'{\"app_id\":\"2021081561059560\",\"ali_public_key\":\"MIIBIjANBgkqhkiG9w0BAQEFAAOCAQ8AMIIBCgKCAQEAhysWmVdABTKzpH3qM40zBo2zGVWNhGe4xm\\/bFWKnmv\\/KOtmfZNm8tBjQGQ1o9ME56m0fASnnz5lJS2r+AC4qIePCiKFE5uH57WZo2N9yO042y8VZ\\/MJsWUgog\\/FrIvjU3pkp5vB7FcZ1uresciKYFt\\/jTQPe7Bdoqt6GDetKBCXdEbJbL+DOyYNiCPmVaVH9pv8oy58RjWP5JeBOYIDe3+aMyilHt2sH0Vg\\/KrvKWzFanoltzwHrgMp27gtvTDPmnIjpkKEVfzevxOHe0q\\/NpsD+4qWd\\/6xclfcgd72Y+Dc9dwrq30BfoWJtIytTJJ0qqeNkQOLNeOppzintBXFpgQIDAQAB\",\"private_key\":\"MIIEpAIBAAKCAQEAqld5rwZvdFQYzIMhfx7mn+YxTQ6o2yhoYfpZnQaDH7yHCqfIN8svMJ2PXVSrfMkX+dlkQzsT5nYiujRZ8WJ\\/RT5Nbh45nAoj+o9id3weWs0qwXU2a7F36LwuIDmvn0zSVoq4zq0wdaCZio\\/sa7IZ1NaRu\\/FYuoYINlYZgWYsggecxKBTR6gGb4Cad\\/9T759L\\/2xWc0vETvr14KRb+5cnKOc+avR9BAbgRQNBMZcD6fx5DgZXzQ704GRh4W32hL5WXpzOFPvNf1oOTD4brv4KojPEMcfxBUV\\/tzDk+dr+HpJpLtGV9aRMqgjZumIpCjmPRADIVpgrmjEXYvF64\\/UXvwIDAQABAoIBAB\\/GW4ODnszDVzDnERuGZxzSssWeA2+GNRp5ubep3FHSOBqLu7R0qWPXMEQHpEmNtXQ80hAceBTYWpgDZfe6GOWQvp7Y8oQh\\/B4kGwkQ1RS5Cs21kKY8H5MBb1VBjXoYuW+9RsX+1nhKsfl\\/6WkZeuoR8HNvjM6Wa\\/e+zdkudwT2GqYD1yuPhSmtlmpjLh0kMBfK4qFbVxbu3XqViWwJOuLwFQl6N258dfp4uMnKNz0nqNQeUfoDZ35Ixe0orPIffypdfdTqOirC7WYbF\\/8W5Ygtuj\\/HTQqAIZ+I1qbmI5GfP4Q1S0kkXvj4aq\\/5r0u9iJOI7GK9U8mFVNu3xVKKsJkCgYEA0sCQmtpSAldXCXFuXSB6RJUKCIw2jmcVLuMfCYBKyGlNUa2jSIKQisXbSQmqYgL7\\/L6G82GwKjD6ZXvQFAs+c8L\\/MEkaF2nT6zmMtDSBdIyFIb+bd8kx97EmQjUyd+vf4vDY1zV1cGZa6iF\\/EHgMHNK4OM5EiX9zvFDGt\\/3qz8sCgYEAzunatzRCFhQK0tfAV6c0VOrgZntirooa6onH\\/0sO6Sm1W4vEJoYHkaPJpaOO4V2nbNcLK1620NkqB1RT+5YzMb7jEpL8DY24ufM1dD+aihWHt8DGCRSZdycDcwIKM+f2vwtsvwjldfudRjh9QXWTfALPkSbqpYABoqqKD8PtcV0CgYEAr1pbtwyKCbqkB45itoesU93yEDShvBCW9oExNNWS43eCRsCDyHQiUeTYVMf\\/BTfYdG4OmPih\\/CjuXnwLIHJOj0Ei1Qkt9WcvVVt38ARz5gZ5SyBC+gLkWWQDIjli+Za\\/nPKqaT3orhHr+TzPnWNVKLJHZ7RwIDt0j65h+XsC4csCgYAi3wyqVZdRqz0Lvaq\\/2wEZ0p\\/RBbhi3AmfP2tCXj78Erhq3kpHh80cwXLJhKAe4S7HTBKo04SR\\/Bd2NsMUooKsPpR8W+M40YqxZAi9N77uyKQf1tBJVXxrtVqCsnSLvOs71UwVggVR9f7Sh9CsSIl7m+mpd9qR29nqtT0hXQ7WTQKBgQDP4NIHuAQOc0xbO58HZgtGB4wFLbSG+PFL+VJxlVvJ6oBHR6axiWTFR+yzS\\/nJC918BCh7HfsQnfePlrydG2o7NDO25jGyQZvbf5welgCSxWaQ1j9rulng4saBrZNgOmUFBWi+YB3U2NY5HILYuw\\/2UB8sJyv326iqnKLA7hVVzg==\"}','{\"app_id\":\"wxf0d98abcc66aab36\",\"miniapp_id\":\"wxb1f305de99c0f56\",\"secret\":\"09f388df2b1d44259863e9a6924f9ced\",\"appid\":\"wxc559eaxe7d0a3bde\",\"mch_id\":\"1554108983\",\"key\":\"8b07811ec793049f1c97793464c7059f\",\"cert_client\":\"\\/public\\/storage\\/wx\\/20200216\\/cd5042feea006c0de5acafdc16cf978c.pem\",\"cert_key\":\"\\/public\\/storage\\/wx\\/20200212\\/06df49c4e003417eece02d237fe492c3.pem\"}','');
/*!40000 ALTER TABLE `sys_setting` ENABLE KEYS */;
UNLOCK TABLES;

--
-- Table structure for table `user`
--

DROP TABLE IF EXISTS `user`;
/*!40101 SET @saved_cs_client     = @@character_set_client */;
/*!40101 SET character_set_client = utf8 */;
CREATE TABLE `user` (
  `id` int(11) NOT NULL AUTO_INCREMENT,
  `username` varchar(20) DEFAULT NULL,
  `password` varchar(255) DEFAULT NULL,
  `avatar` varchar(255) DEFAULT NULL,
  `nickname` varchar(20) DEFAULT NULL,
  `phone` varchar(11) DEFAULT NULL,
  `email` varchar(255) DEFAULT NULL,
  `user_level_id` int(11) DEFAULT NULL,
  `create_time` int(11) DEFAULT NULL,
  `update_time` int(11) DEFAULT NULL,
  `last_login_time` int(11) DEFAULT NULL,
  `status` tinyint(1) DEFAULT '1' COMMENT '状态：0禁用1启用',
  PRIMARY KEY (`id`)
) ENGINE=InnoDB AUTO_INCREMENT=27 DEFAULT CHARSET=utf8;
/*!40101 SET character_set_client = @saved_cs_client */;

--
-- Dumping data for table `user`
--

LOCK TABLES `user` WRITE;
/*!40000 ALTER TABLE `user` DISABLE KEYS */;
INSERT INTO `user` VALUES (3,'user','$2y$10$X4fcWZsheiX/8D/UZ8LLBuVzlBjGUXLI5f0VItW1wYfPvIDe.SUwe','https://tangzhe123-com.oss-cn-shenzhen.aliyuncs.com/Appstatic/qsbk/demo/userpic/6.jpg','昵称','15632654658','123@qq.com',3,1565629342,1582354857,NULL,0),(4,'user22','$2y$10$Y1s//GAYxtZkNStmzdJYxOqT.fZwUtOj.GrmPQ/feNJU0ezKI9xrC','https://tangzhe123-com.oss-cn-shenzhen.aliyuncs.com/Appstatic/qsbk/demo/userpic/6.jpg','昵称','15632654659','456@qq.com',3,1565629342,1582204293,NULL,0),(21,'jack11','$2y$10$kIKfMqYA/zlvNIrpk7Htd.HkCJygnGlwbTnVVwosA2fCqF3OHd7iO','http://tangzhe123-com.oss-cn-shenzhen.aliyuncs.com/public/5e46b6b6e4474.jpg','小二哥','15892122214','1231134456@qq.com',3,1581497334,1582551284,NULL,0),(22,'穿越归来 202','$2y$10$E4jI6qECVagvZXWYkJi5geuCedNzRbUhLai2Qq7SJw69POqErrkN2','http://tangzhe123-com.oss-cn-shenzhen.aliyuncs.com/public/5e4569b8ca68e.jpg','穿越归来','13760474999','123123@qq.com',6,1970,1582466804,NULL,1),(26,'靓仔一号','$2y$10$4ZNXAbnRw6Cthz9KcNFsP.EcJdv/Mqg5/G40uEmD4QXqRoXwlYz6K','http://tangzhe123-com.oss-cn-shenzhen.aliyuncs.com/public/5e42a03a2b19b.jpg','靓仔一号','18829343456','18829343456@163.com',3,1582468346,1582551284,NULL,1);
/*!40000 ALTER TABLE `user` ENABLE KEYS */;
UNLOCK TABLES;

--
-- Table structure for table `user_addresses`
--

DROP TABLE IF EXISTS `user_addresses`;
/*!40101 SET @saved_cs_client     = @@character_set_client */;
/*!40101 SET character_set_client = utf8 */;
CREATE TABLE `user_addresses` (
  `id` int(11) NOT NULL AUTO_INCREMENT,
  `user_id` int(11) DEFAULT NULL,
  `province` varchar(50) DEFAULT NULL COMMENT '省',
  `city` varchar(50) DEFAULT NULL COMMENT '市',
  `district` varchar(50) DEFAULT NULL COMMENT '区',
  `address` varchar(255) DEFAULT NULL COMMENT '具体地址',
  `zip` int(11) DEFAULT NULL COMMENT '邮编',
  `name` varchar(20) DEFAULT NULL COMMENT '联系人',
  `phone` varchar(11) DEFAULT NULL COMMENT '联系电话',
  `last_used_time` int(11) DEFAULT NULL COMMENT '最后一次使用',
  `create_time` int(11) DEFAULT NULL,
  `update_time` int(11) DEFAULT NULL,
  PRIMARY KEY (`id`)
) ENGINE=InnoDB AUTO_INCREMENT=56 DEFAULT CHARSET=utf8;
/*!40101 SET character_set_client = @saved_cs_client */;

--
-- Dumping data for table `user_addresses`
--

LOCK TABLES `user_addresses` WRITE;
/*!40000 ALTER TABLE `user_addresses` DISABLE KEYS */;
INSERT INTO `user_addresses` VALUES (2,3,'天津市','市辖区','和平区','阅江西路222号广州塔',100089,'靓仔','13564568789',1579267148,1970,1579267148),(3,3,'广东省','广州市','荔湾区','阅江西路232号',0,'帅哥小米手机ffyu','13564568781',1578791987,1970,2020),(47,3,'浙江省','杭州市','上城区','666',0,'汉堡1','17792352523',1578672525,1970,1578672525),(53,3,'北京市','市辖区','西城区','广州市',0,'李五','18011011000',1578965998,1578845878,1578965998),(55,3,'天津市','市辖区','和平区','你',111,'你在','18289898789',1579068165,1579068099,1579068165);
/*!40000 ALTER TABLE `user_addresses` ENABLE KEYS */;
UNLOCK TABLES;

--
-- Table structure for table `user_info`
--

DROP TABLE IF EXISTS `user_info`;
/*!40101 SET @saved_cs_client     = @@character_set_client */;
/*!40101 SET character_set_client = utf8 */;
CREATE TABLE `user_info` (
  `id` int(11) NOT NULL AUTO_INCREMENT,
  `user_id` int(11) DEFAULT NULL,
  `sex` tinyint(1) DEFAULT NULL,
  `birthday` date DEFAULT NULL,
  PRIMARY KEY (`id`)
) ENGINE=InnoDB AUTO_INCREMENT=26 DEFAULT CHARSET=utf8;
/*!40101 SET character_set_client = @saved_cs_client */;

--
-- Dumping data for table `user_info`
--

LOCK TABLES `user_info` WRITE;
/*!40000 ALTER TABLE `user_info` DISABLE KEYS */;
INSERT INTO `user_info` VALUES (2,3,NULL,NULL),(3,4,NULL,NULL),(20,21,NULL,NULL),(21,22,NULL,NULL),(25,26,NULL,NULL);
/*!40000 ALTER TABLE `user_info` ENABLE KEYS */;
UNLOCK TABLES;

--
-- Table structure for table `user_level`
--

DROP TABLE IF EXISTS `user_level`;
/*!40101 SET @saved_cs_client     = @@character_set_client */;
/*!40101 SET character_set_client = utf8 */;
CREATE TABLE `user_level` (
  `id` int(11) NOT NULL AUTO_INCREMENT,
  `name` varchar(20) DEFAULT NULL COMMENT '等级名称',
  `level` int(11) DEFAULT '0' COMMENT '等级权重',
  `status` tinyint(1) DEFAULT '1' COMMENT '状态：0禁用1启用',
  `discount` int(11) DEFAULT '0' COMMENT '折扣',
  `max_price` int(11) DEFAULT '0' COMMENT '消费满元',
  `max_times` int(11) DEFAULT '0' COMMENT '消费满次数',
  PRIMARY KEY (`id`)
) ENGINE=InnoDB AUTO_INCREMENT=25 DEFAULT CHARSET=utf8;
/*!40101 SET character_set_client = @saved_cs_client */;

--
-- Dumping data for table `user_level`
--

LOCK TABLES `user_level` WRITE;
/*!40000 ALTER TABLE `user_level` DISABLE KEYS */;
INSERT INTO `user_level` VALUES (3,'普通会员',10,1,0,0,0),(4,'白银会员',20,1,95,100,2),(5,'黄金会员',30,1,90,300,6),(6,'钻石会员',888,1,50,1,1),(22,'永久会员',1,1,50,9999,999),(24,'白金会员',666,1,10,999,999);
/*!40000 ALTER TABLE `user_level` ENABLE KEYS */;
UNLOCK TABLES;
/*!40103 SET TIME_ZONE=@OLD_TIME_ZONE */;

/*!40101 SET SQL_MODE=@OLD_SQL_MODE */;
/*!40014 SET FOREIGN_KEY_CHECKS=@OLD_FOREIGN_KEY_CHECKS */;
/*!40014 SET UNIQUE_CHECKS=@OLD_UNIQUE_CHECKS */;
/*!40101 SET CHARACTER_SET_CLIENT=@OLD_CHARACTER_SET_CLIENT */;
/*!40101 SET CHARACTER_SET_RESULTS=@OLD_CHARACTER_SET_RESULTS */;
/*!40101 SET COLLATION_CONNECTION=@OLD_COLLATION_CONNECTION */;
/*!40111 SET SQL_NOTES=@OLD_SQL_NOTES */;

-- Dump completed on 2020-02-26  2:12:43
